i,discounted
1,16.8661
2,15.5885
3,14.9151
4,15.9329
5,12.4556
6,13.4178
7,15.545
8,15.4028
9,16.9463
10,13.4409
11,14.293
12,15.5275
13,14.922
14,18.0419
15,16.5358
16,11.9413
17,15.5053
18,15.7181
19,12.9528
20,15.0952
21,15.0509
22,16.6525
23,17.1864
24,14.0331
25,14.9076
26,12.835
27,14.6572
28,16.4657
29,12.8203
30,16.7763
31,17.3663
32,15.4019
33,14.0192
34,16.6277
35,19.1106
36,18.2979
37,18.4321
38,15.6591
39,15.4
40,14.0132
41,13.6035
42,13.8427
43,16.627
44,15.6357
45,18.4788
46,17.0081
47,15.9011
48,17.3418
49,13.8977
50,17.8256
51,15.086
52,13.8607
53,17.2555
54,13.8862
55,18.865
56,16.6644
57,16.9581
58,15.4885
59,12.7489
60,13.8925
61,16.1474
62,16.1918
63,15.4743
64,16.433
65,17.0578
66,14.9872
67,17.2595
68,16.677
69,16.7654
70,16.5557
71,13.1106
72,15.956
73,13.1681
74,15.9891
75,14.2381
76,17.7559
77,15.876
78,16.2234
79,17.7572
80,12.4064
81,17.8101
82,14.3146
83,13.7846
84,13.2897
85,15.8788
86,14.2663
87,14.2608
88,13.1441
89,15.0838
90,16.3091
91,15.8796
92,13.806
93,10.7943
94,13.524
95,20.1682
96,19.2996
97,15.0612
98,14.2562
99,14.5575
100,17.3438
101,14.8099
102,17.6806
103,16.5911
104,12.2057
105,13.6999
106,16.1172
107,14.1675
108,15.6212
109,15.7166
110,17.4145
111,18.0166
112,18.1368
113,16.4042
114,13.7524
115,16.3655
116,20.1457
117,14.5418
118,16.9186
119,13.8166
120,15.7494
121,14.5458
122,16.0883
123,15.4779
124,14.9564
125,11.6431
126,13.3403
127,12.1656
128,12.6166
129,16.0234
130,13.7152
131,12.394
132,15.6381
133,16.8972
134,15.5093
135,13.2704
136,16.2804
137,14.0114
138,17.0549
139,14.4609
140,17.2753
141,12.8517
142,16.3152
143,17.3965
144,15.7666
145,17.2982
146,13.1538
147,15.541
148,11.7338
149,17.3513
150,16.5323
151,16.3728
152,14.1432
153,16.118
154,16.7234
155,16.6001
156,17.128
157,15.2984
158,15.8656
159,16.3198
160,12.4413
161,17.2491
162,12.3824
163,15.0315
164,12.1319
165,17.6976
166,15.6501
167,14.0626
168,16.1145
169,19.2326
170,19.1522
171,15.6294
172,16.1563
173,15.6961
174,14.231
175,16.2489
176,13.626
177,12.9439
178,14.282
179,15.6846
180,12.7475
181,16.0388
182,14.3829
183,13.9985
184,14.1668
185,17.0676
186,12.8029
187,13.505
188,14.3387
189,13.2907
190,16.6703
191,16.5356
192,14.6593
193,15.4165
194,16.1055
195,13.6703
196,12.167
197,14.0911
198,17.2548
199,17.8016
200,14.1418
201,11.5664
202,14.0741
203,15.3939
204,13.5963
205,17.9803
206,17.5456
207,15.3919
208,13.532
209,16.2924
210,15.0797
211,19.0922
212,17.7845
213,15.6093
214,14.3252
215,17.3238
216,13.3533
217,19.2472
218,14.4683
219,16.303
220,12.4142
221,15.1036
222,17.4052
223,18.0808
224,16.6031
225,15.286
226,14.2631
227,14.3766
228,15.2899
229,17.1398
230,16.7376
231,15.5378
232,15.5802
233,17.3967
234,15.735
235,14.4901
236,16.3786
237,17.4929
238,17.0167
239,19.9964
240,13.8511
241,14.5019
242,12.1798
243,17.7412
244,13.4067
245,15.2721
246,13.4702
247,16.502
248,12.022
249,14.3845
250,17.6827
251,14.5623
252,17.3411
253,16.7038
254,15.3889
255,14.6129
256,16.5457
257,15.2804
258,14.8804
259,13.9996
260,20.5163
261,14.4888
262,18.4518
263,13.7887
264,18.2256
265,13.293
266,18.9321
267,12.2444
268,15.8836
269,17.9064
270,13.6793
271,14.9596
272,14.7609
273,17.7608
274,16.4394
275,16.7447
276,14.4147
277,13.5061
278,17.5945
279,14.0784
280,17.1161
281,13.8156
282,13.8743
283,12.914
284,16.3802
285,19.3424
286,14.2095
287,15.4711
288,14.8387
289,17.8984
290,14.5446
291,15.7494
292,14.8082
293,14.033
294,18.2242
295,14.2111
296,16.7453
297,17.4019
298,12.4636
299,15.5132
300,14.2523
301,16.2466
302,16.302
303,17.553
304,15.7466
305,16.9696
306,17.0615
307,16.1004
308,17.3103
309,14.2991
310,14.3217
311,13.5197
312,17.3784
313,15.5801
314,13.7959
315,15.8226
316,14.8883
317,15.2096
318,14.4217
319,16.9335
320,17.5417
321,17.0892
322,14.085
323,15.3305
324,12.1816
325,16.3777
326,16.2281
327,17.159
328,18.5876
329,15.8724
330,15.33
331,14.8978
332,15.3549
333,13.4248
334,16.1909
335,17.2588
336,17.4351
337,15.0199
338,15.2943
339,19.8222
340,15.2139
341,12.7783
342,11.5378
343,17.7126
344,15.5338
345,14.3207
346,17.4078
347,15.5292
348,14.613
349,16.7153
350,11.7596
351,14.7347
352,14.9259
353,16.8306
354,18.0899
355,14.1707
356,13.8915
357,17.5761
358,11.5829
359,14.6185
360,14.8755
361,15.8815
362,13.6831
363,14.7817
364,11.7337
365,13.6172
366,13.2112
367,18.1929
368,13.6435
369,14.7554
370,16.1611
371,17.6405
372,16.9992
373,14.5494
374,15.6173
375,14.6879
376,11.6509
377,13.4981
378,17.2621
379,13.9878
380,15.6978
381,17.8736
382,15.0676
383,13.6443
384,14.4862
385,15.5665
386,15.6489
387,18.8342
388,14.4102
389,14.1988
390,15.0821
391,15.3208
392,13.7362
393,18.7728
394,16.8667
395,16.9612
396,16.6783
397,15.2243
398,15.7878
399,18.5642
400,12.4175
401,15.7118
402,16.169
403,16.157
404,17.1113
405,15.9895
406,14.0145
407,16.8649
408,14.9143
409,15.0355
410,16.269
411,16.9746
412,14.7001
413,16.6209
414,19.6144
415,14.0571
416,12.9221
417,15.0345
418,18.5386
419,16.983
420,14.8677
421,16.6127
422,15.5472
423,16.2909
424,13.4498
425,19.5845
426,15.9516
427,13.9993
428,16.2844
429,16.1604
430,15.5249
431,13.982
432,14.6638
433,15.7762
434,16.7707
435,14.2514
436,14.9013
437,18.7076
438,10.6546
439,18.638
440,13.5643
441,18.6897
442,18.773
443,16.2427
444,15.5822
445,18.8866
446,13.5473
447,17.595
448,12.6503
449,11.9995
450,14.7818
451,17.2529
452,16.6394
453,17.8003
454,13.3546
455,16.5593
456,16.1523
457,13.9852
458,15.7192
459,14.7804
460,16.8814
461,16.7869
462,15.1974
463,17.1765
464,12.6718
465,16.4215
466,13.9422
467,14.8884
468,15.606
469,19.6816
470,16.8598
471,12.8847
472,17.0777
473,16.2766
474,14.3594
475,14.0846
476,14.9575
477,10.3155
478,15.6662
479,16.4171
480,17.2776
481,13.1995
482,17.9826
483,15.2798
484,13.2963
485,14.8166
486,13.8942
487,13.1601
488,16.5429
489,12.6716
490,17.1284
491,16.71
492,15.0799
493,15.2308
494,14.9252
495,13.0351
496,14.8167
497,15.1249
498,16.7828
499,15.6758
500,14.8354
501,14.4748
502,14.7607
503,15.0524
504,17.1711
505,14.0544
506,12.5669
507,14.8455
508,16.3294
509,13.5719
510,15.6224
511,13.8495
512,13.546
513,12.9943
514,18.4665
515,16.5337
516,15.6388
517,17.9204
518,15.1402
519,14.2177
520,15.4231
521,20.0186
522,14.557
523,14.5908
524,14.7839
525,17.5515
526,13.7871
527,20.6338
528,15.9403
529,15.4715
530,16.9889
531,11.6077
532,15.719
533,13.5843
534,18.2398
535,14.2909
536,19.2699
537,17.1921
538,14.1524
539,15.6137
540,15.6301
541,14.2376
542,14.318
543,16.7894
544,14.1188
545,13.9869
546,15.9318
547,15.9777
548,15.3117
549,16.6957
550,17.4381
551,17.777
552,14.8875
553,15.0681
554,15.9149
555,17.1861
556,16.2576
557,15.5116
558,19.162
559,14.2238
560,15.5788
561,14.8566
562,17.2892
563,16.8021
564,16.3433
565,12.8946
566,16.5545
567,17.0527
568,13.5789
569,16.0288
570,13.3607
571,15.2976
572,15.1945
573,14.9954
574,18.7604
575,14.0663
576,11.4881
577,13.8404
578,16.1771
579,11.6802
580,15.1784
581,17.3111
582,14.7789
583,13.1476
584,17.8664
585,16.665
586,13.7479
587,20.3526
588,15.3221
589,12.3252
590,11.9379
591,12.2613
592,14.0144
593,15.9377
594,13.953
595,14.874
596,16.2897
597,12.9384
598,17.7791
599,11.4118
600,14.4103
601,17.3511
602,16.2625
603,23.0214
604,14.922
605,15.5877
606,16.2395
607,16.0415
608,15.744
609,14.4549
610,16.6454
611,14.1812
612,16.1533
613,13.9722
614,17.5135
615,17.1767
616,13.9849
617,16.7437
618,17.9706
619,14.4554
620,14.8752
621,15.528
622,15.2224
623,16.6756
624,18.2338
625,16.7208
626,12.6309
627,12.9737
628,15.3984
629,17.7922
630,14.7501
631,14.2572
632,14.8133
633,19.2386
634,15.5886
635,16.159
636,13.2829
637,16.9691
638,11.9316
639,17.1007
640,17.5029
641,15.0125
642,17.5664
643,13.4619
644,12.0916
645,16.5439
646,14.3834
647,18.8314
648,15.7295
649,16.1185
650,17.0918
651,14.6668
652,18.179
653,15.5148
654,18.1265
655,14.0023
656,15.7541
657,15.8767
658,14.4275
659,16.3635
660,15.0551
661,15.7244
662,14.2132
663,14.0536
664,14.6732
665,17.8438
666,17.1762
667,15.2999
668,13.5158
669,14.099
670,15.9041
671,15.3212
672,15.7237
673,12.9266
674,13.7923
675,12.4343
676,15.8148
677,16.9601
678,20.321
679,15.2891
680,16.85
681,15.3327
682,17.6301
683,16.8734
684,15.9756
685,15.7274
686,15.9303
687,18.5581
688,17.1477
689,11.744
690,14.7788
691,14.1866
692,15.9795
693,15.0506
694,17.7469
695,15.0724
696,14.8461
697,12.5104
698,14.1701
699,13.4908
700,14.6286
701,15.4333
702,17.4947
703,13.9804
704,14.2196
705,13.8436
706,12.5471
707,18.0973
708,15.9863
709,13.4226
710,14.1321
711,17.8573
712,14.8588
713,11.2249
714,13.0559
715,18.0724
716,16.5159
717,14.9396
718,15.5217
719,14.8773
720,13.0832
721,13.2378
722,15.4554
723,16.3298
724,16.0486
725,17.2642
726,13.7894
727,17.1004
728,16.2878
729,15.7826
730,14.227
731,15.7648
732,13.325
733,17.3979
734,17.1432
735,14.4884
736,17.9618
737,14.7806
738,14.6456
739,13.0777
740,14.9382
741,17.9526
742,14.5544
743,16.2506
744,14.8844
745,13.7721
746,16.5162
747,14.1578
748,17.042
749,13.0891
750,17.6021
751,15.9974
752,14.9701
753,11.5621
754,12.2157
755,14.8494
756,17.6876
757,18.9522
758,17.8577
759,13.503
760,17.6393
761,15.7844
762,14.4081
763,14.8103
764,16.4028
765,18.1684
766,15.8835
767,12.8487
768,17.4358
769,13.0118
770,14.7156
771,17.0123
772,13.9385
773,17.8831
774,17.1425
775,12.3342
776,13.389
777,17.9057
778,16.694
779,16.2236
780,17.5162
781,14.7936
782,14.6386
783,13.3034
784,13.1994
785,14.2087
786,14.2701
787,15.3741
788,15.0858
789,15.7892
790,12.1918
791,13.499
792,17.1388
793,18.4949
794,15.156
795,13.7246
796,16.6616
797,15.2188
798,17.3092
799,14.8097
800,13.7845
801,14.044
802,16.3953
803,16.7659
804,17.3941
805,15.8756
806,15.0038
807,16.7852
808,18.2329
809,17.8114
810,14.7603
811,15.0436
812,18.1184
813,15.267
814,16.3015
815,15.4066
816,13.1294
817,16.9708
818,13.7451
819,15.335
820,15.2228
821,15.4315
822,16.5801
823,14.8472
824,16.5789
825,16.7425
826,18.278
827,17.2148
828,15.3467
829,17.8383
830,16.6787
831,18.3487
832,17.3489
833,15.5239
834,15.405
835,14.103
836,14.2634
837,17.7896
838,17.0051
839,18.0522
840,12.9472
841,16.6441
842,19.7997
843,12.8758
844,14.0016
845,16.9866
846,18.0641
847,13.8573
848,16.9221
849,14.1018
850,16.0975
851,13.1296
852,16.5177
853,16.0054
854,19.2112
855,12.8064
856,16.4109
857,16.624
858,14.7134
859,17.1095
860,12.4532
861,15.5609
862,15.805
863,15.0315
864,15.5218
865,16.3043
866,17.6695
867,15.8786
868,15.558
869,14.0078
870,17.2309
871,15.7024
872,15.9273
873,14.6608
874,15.8542
875,16.369
876,13.1859
877,14.5042
878,13.825
879,17.344
880,15.7322
881,13.7485
882,14.5799
883,16.5266
884,18.2757
885,16.7364
886,15.8043
887,16.6495
888,15.9338
889,15.8657
890,14.1776
891,16.0295
892,13.7108
893,15.0291
894,14.0772
895,17.9149
896,16.5328
897,15.8725
898,14.4156
899,14.6087
900,16.2522
901,13.4201
902,14.5359
903,14.1756
904,15.9413
905,17.6579
906,13.9999
907,12.6691
908,14.2938
909,15.8232
910,15.3725
911,13.0828
912,15.1378
913,16.0624
914,15.1031
915,16.743
916,15.8785
917,17.6921
918,13.989
919,12.4918
920,14.4042
921,16.3831
922,14.3846
923,12.2452
924,15.2223
925,11.5385
926,16.2096
927,12.8223
928,16.9956
929,14.5918
930,19.8583
931,14.9454
932,12.7427
933,13.2565
934,11.8097
935,14.6021
936,16.4709
937,16.522
938,15.9305
939,17.3324
940,15.8517
941,14.5002
942,15.1872
943,12.5667
944,17.7253
945,14.303
946,14.0325
947,17.8192
948,16.9119
949,15.2257
950,14.1923
951,16.7624
952,14.5427
953,17.575
954,12.7871
955,13.5794
956,15.855
957,16.9197
958,17.1016
959,16.7903
960,13.9864
961,15.518
962,13.3852
963,17.8033
964,16.3666
965,14.3384
966,11.9898
967,16.3609
968,15.7094
969,12.171
970,14.684
971,16.6128
972,13.4179
973,13.1152
974,16.841
975,14.8548
976,15.122
977,20.9557
978,14.9621
979,17.8201
980,16.973
981,13.6689
982,17.8313
983,12.6165
984,14.1913
985,17.9071
986,14.094
987,18.7548
988,14.6642
989,14.3772
990,15.0166
991,17.6859
992,16.2515
993,14.3617
994,11.726
995,13.393
996,17.0202
997,14.3658
998,15.5913
999,14.8237
1000,13.0413
1001,14.9689
1002,16.7577
1003,16.9333
1004,14.9116
1005,17.3228
1006,16.6262
1007,15.2933
1008,13.5902
1009,17.841
1010,16.4301
1011,12.2851
1012,17.3434
1013,15.3772
1014,12.8371
1015,16.2076
1016,14.871
1017,18.7412
1018,13.9608
1019,11.3839
1020,16.4323
1021,16.1729
1022,13.3545
1023,14.1327
1024,12.0441
1025,13.6216
1026,18.5699
1027,12.4755
1028,12.8747
1029,18.1029
1030,18.1702
1031,15.8463
1032,17.2532
1033,14.0214
1034,18.1822
1035,15.2283
1036,12.5381
1037,14.7901
1038,15.1323
1039,13.6226
1040,14.8949
1041,15.9664
1042,18.6689
1043,14.6878
1044,15.837
1045,17.9092
1046,12.7316
1047,13.3693
1048,13.7143
1049,14.2067
1050,12.4867
1051,16.1129
1052,11.9458
1053,16.386
1054,13.013
1055,15.6033
1056,13.9899
1057,16.2913
1058,12.0447
1059,12.6812
1060,14.2306
1061,19.9612
1062,14.9309
1063,14.5952
1064,14.4829
1065,16.281
1066,15.9417
1067,16.8901
1068,14.3279
1069,13.9262
1070,14.4471
1071,16.1476
1072,17.4287
1073,13.2614
1074,13.637
1075,14.5235
1076,17.9355
1077,14.2232
1078,17.9529
1079,13.9544
1080,15.3535
1081,16.2008
1082,18.1069
1083,14.8852
1084,16.7236
1085,14.4057
1086,15.5526
1087,12.7096
1088,16.7437
1089,15.3038
1090,16.7817
1091,16.4575
1092,15.7598
1093,15.0074
1094,15.9893
1095,17.0566
1096,11.9733
1097,17.7807
1098,15.9617
1099,15.9294
1100,14.4807
1101,16.3182
1102,17.6818
1103,16.3462
1104,17.4765
1105,14.907
1106,12.129
1107,16.8957
1108,12.1864
1109,16.2869
1110,16.3427
1111,18.0287
1112,18.2274
1113,12.0768
1114,14.7079
1115,15.0167
1116,19.5634
1117,14.3817
1118,14.985
1119,13.4272
1120,11.7027
1121,14.7209
1122,16.6563
1123,16.764
1124,19.2692
1125,14.7022
1126,17.6672
1127,15.7409
1128,13.2859
1129,13.5875
1130,14.5148
1131,13.2518
1132,16.3144
1133,16.7029
1134,18.1738
1135,15.83
1136,14.3243
1137,15.0215
1138,14.2048
1139,14.0613
1140,15.7969
1141,14.8523
1142,14.0993
1143,10.5822
1144,16.8652
1145,16.0813
1146,17.1353
1147,16.6279
1148,14.7278
1149,15.3452
1150,17.4726
1151,13.1475
1152,13.3213
1153,18.2663
1154,13.9255
1155,11.6344
1156,15.1434
1157,17.0501
1158,16.0087
1159,16.346
1160,19.2837
1161,14.7405
1162,18.4263
1163,16.7461
1164,16.9575
1165,14.0966
1166,15.7643
1167,14.5195
1168,14.8545
1169,17.9886
1170,13.4462
1171,15.4664
1172,16.4793
1173,18.4768
1174,15.8745
1175,12.0501
1176,14.2013
1177,14.8703
1178,14.7508
1179,15.8483
1180,12.9771
1181,14.1371
1182,14.2819
1183,17.5378
1184,18.5401
1185,15.3074
1186,18.1802
1187,15.5991
1188,12.5074
1189,12.3078
1190,15.7844
1191,19.391
1192,15.769
1193,14.5622
1194,13.5056
1195,12.7333
1196,16.4008
1197,16.5487
1198,17.6118
1199,14.5889
1200,16.8159
1201,16.1413
1202,18.4457
1203,16.9067
1204,15.7468
1205,14.734
1206,14.7283
1207,13.0342
1208,15.4758
1209,15.094
1210,19.6299
1211,16.3815
1212,17.5704
1213,14.6721
1214,15.4924
1215,15.6518
1216,13.8156
1217,12.5121
1218,13.8373
1219,15.9949
1220,16.5181
1221,15.7297
1222,16.9436
1223,15.448
1224,13.6098
1225,17.5896
1226,13.9469
1227,14.7621
1228,16.3392
1229,16.5641
1230,15.4577
1231,12.5599
1232,14.069
1233,16.9697
1234,16.2027
1235,15.9421
1236,16.9324
1237,13.3463
1238,16.0668
1239,16.2461
1240,13.9307
1241,14.6882
1242,11.5664
1243,15.865
1244,18.6946
1245,12.7866
1246,13.6657
1247,14.245
1248,15.3776
1249,16.3955
1250,13.2659
1251,14.2446
1252,15.3702
1253,14.8385
1254,17.8159
1255,17.7521
1256,12.9871
1257,16.8802
1258,14.4035
1259,14.8239
1260,14.3318
1261,14.205
1262,13.635
1263,15.576
1264,15.7242
1265,12.2912
1266,12.2702
1267,13.8559
1268,17.453
1269,13.4736
1270,14.5987
1271,14.2344
1272,15.5619
1273,14.2909
1274,15.7131
1275,18.2034
1276,16.8333
1277,16.5459
1278,17.2458
1279,13.7299
1280,10.7552
1281,15.4322
1282,16.0802
1283,14.9622
1284,14.4855
1285,15.4233
1286,15.6449
1287,14.5068
1288,14.8742
1289,14.6729
1290,16.7365
1291,11.41
1292,14.5531
1293,16.1093
1294,12.4277
1295,15.292
1296,13.7637
1297,15.7998
1298,13.4298
1299,15.0896
1300,17.9804
1301,17.2908
1302,17.7628
1303,16.73
1304,15.4244
1305,17.7341
1306,16.1579
1307,15.7122
1308,16.8944
1309,14.7852
1310,15.0428
1311,14.4971
1312,15.2378
1313,15.2927
1314,15.9528
1315,16.6834
1316,13.8074
1317,19.4973
1318,14.287
1319,16.8142
1320,17.8233
1321,12.9186
1322,16.6726
1323,15.3463
1324,16.1414
1325,15.7293
1326,9.61308
1327,14.8808
1328,16.1399
1329,15.8358
1330,16.5181
1331,16.9076
1332,13.5153
1333,16.333
1334,17.6901
1335,14.9777
1336,15.0495
1337,13.6769
1338,15.4003
1339,13.8666
1340,16.1935
1341,16.2905
1342,15.5799
1343,16.0049
1344,12.3051
1345,19.6579
1346,15.0625
1347,16.2956
1348,13.9569
1349,14.1796
1350,14.5491
1351,15.1336
1352,15.8517
1353,15.7044
1354,15.6154
1355,16.3299
1356,12.5914
1357,12.2686
1358,12.842
1359,15.9719
1360,14.6161
1361,15.2662
1362,18.2072
1363,16.4605
1364,16.5711
1365,15.2743
1366,14.9884
1367,16.4985
1368,18.8748
1369,12.7519
1370,16.1485
1371,14.3468
1372,15.7952
1373,13.7673
1374,13.0652
1375,16.4464
1376,14.893
1377,17.1887
1378,14.4337
1379,15.9906
1380,15.4611
1381,12.5959
1382,15.6683
1383,15.7171
1384,16.6302
1385,15.5015
1386,15.8007
1387,14.7627
1388,17.1992
1389,15.926
1390,14.0863
1391,11.9641
1392,14.9723
1393,12.4284
1394,16.7827
1395,18.5298
1396,11.9709
1397,15.632
1398,18.638
1399,14.6133
1400,18.0779
1401,14.9344
1402,18.7957
1403,17.1735
1404,18.9386
1405,12.4705
1406,17.3787
1407,12.2634
1408,13.9721
1409,17.7629
1410,16.0034
1411,18.3636
1412,17.4661
1413,13.0283
1414,14.8057
1415,14.1358
1416,13.0521
1417,16.2707
1418,16.9188
1419,17.9135
1420,16.0417
1421,12.9343
1422,14.2811
1423,18.9652
1424,16.3622
1425,14.3831
1426,15.9878
1427,15.3144
1428,15.9993
1429,12.4515
1430,15.5619
1431,14.9282
1432,13.8134
1433,16.0032
1434,17.5594
1435,15.8413
1436,17.2604
1437,17.2017
1438,15.0551
1439,14.6298
1440,13.5492
1441,13.6033
1442,17.1741
1443,15.1488
1444,16.6459
1445,15.5642
1446,17.99
1447,15.2716
1448,12.4885
1449,13.4026
1450,12.09
1451,13.4252
1452,14.8827
1453,14.3322
1454,12.9005
1455,14.3667
1456,16.3366
1457,15.6537
1458,14.9592
1459,14.7572
1460,18.6138
1461,14.2819
1462,13.5696
1463,16.9143
1464,17.1214
1465,11.7797
1466,17.5431
1467,15.6132
1468,17.6293
1469,15.0901
1470,17.8307
1471,15.9733
1472,16.063
1473,15.3223
1474,12.805
1475,13.8229
1476,14.1168
1477,11.9949
1478,14.4914
1479,18.8424
1480,16.546
1481,13.2339
1482,15.5064
1483,17.932
1484,16.8217
1485,17.5393
1486,14.6341
1487,15.6304
1488,14.4193
1489,15.85
1490,15.611
1491,18.9573
1492,12.1702
1493,12.8296
1494,10.1993
1495,16.7447
1496,17.0695
1497,16.9519
1498,14.9434
1499,14.7181
1500,14.5042
1501,12.9003
1502,11.9139
1503,16.2735
1504,15.7449
1505,14.3557
1506,16.7368
1507,12.6759
1508,16.9625
1509,15.8719
1510,18.3519
1511,15.084
1512,16.1522
1513,15.4786
1514,14.8405
1515,17.0684
1516,16.4239
1517,17.7408
1518,17.7214
1519,17.1893
1520,17.4371
1521,12.7826
1522,16.0754
1523,13.1846
1524,15.702
1525,15.7119
1526,14.7647
1527,18.7699
1528,16.3445
1529,13.8535
1530,18.211
1531,17.2574
1532,18.558
1533,17.7339
1534,14.37
1535,15.1264
1536,17.9818
1537,15.5045
1538,14.6883
1539,16.7019
1540,13.4017
1541,15.6585
1542,14.5302
1543,13.5603
1544,15.0366
1545,12.8674
1546,16.0995
1547,13.7273
1548,17.9523
1549,12.4685
1550,15.2798
1551,13.872
1552,12.8683
1553,17.1381
1554,17.3881
1555,14.4205
1556,14.2373
1557,14.0145
1558,16.9521
1559,16.9779
1560,13.0276
1561,15.3975
1562,18.4018
1563,17.0027
1564,15.7147
1565,16.8898
1566,15.6689
1567,13.8701
1568,16.5394
1569,16.1605
1570,17.1243
1571,15.4945
1572,17.4337
1573,14.6686
1574,15.2917
1575,16.0621
1576,19.3383
1577,17.6508
1578,14.4608
1579,16.1971
1580,11.5393
1581,14.4731
1582,12.6042
1583,15.4918
1584,13.6719
1585,17.6534
1586,16.4507
1587,15.2214
1588,17.0486
1589,18.8993
1590,16.8274
1591,14.3672
1592,11.6947
1593,16.0344
1594,18.1991
1595,16.2147
1596,14.1632
1597,15.0582
1598,14.1582
1599,18.2049
1600,13.5825
1601,15.2166
1602,14.8464
1603,15.0366
1604,18.1249
1605,17.6008
1606,15.8867
1607,12.3819
1608,13.3437
1609,12.8237
1610,18.2694
1611,19.5228
1612,14.3844
1613,13.419
1614,17.9476
1615,13.7612
1616,17.3522
1617,16.6213
1618,17.4061
1619,12.7917
1620,14.175
1621,13.2379
1622,13.9286
1623,13.4019
1624,16.8468
1625,16.7889
1626,14.104
1627,15.8896
1628,18.56
1629,15.5206
1630,16.0937
1631,22.4367
1632,17.0544
1633,15.9027
1634,12.7995
1635,14.7885
1636,14.5359
1637,15.4214
1638,14.9503
1639,17.0704
1640,16.1242
1641,14.2946
1642,15.6826
1643,15.7848
1644,15.1062
1645,15.1924
1646,16.1812
1647,15.4349
1648,18.9925
1649,12.1643
1650,15.8098
1651,12.9742
1652,16.3519
1653,14.1038
1654,15.0306
1655,16.7831
1656,17.9883
1657,19.3773
1658,12.3995
1659,16.3161
1660,14.2154
1661,14.8975
1662,16.1221
1663,15.3774
1664,16.2524
1665,15.9881
1666,14.2855
1667,15.7279
1668,14.8393
1669,17.5331
1670,15.1909
1671,16.4266
1672,15.9757
1673,14.8071
1674,13.8756
1675,12.3124
1676,14.6341
1677,15.4112
1678,12.8793
1679,16.842
1680,14.201
1681,14.4802
1682,14.676
1683,15.7183
1684,12.6028
1685,15.6497
1686,14.1395
1687,12.8207
1688,14.8402
1689,18.1156
1690,16.517
1691,16.2063
1692,13.3241
1693,14.6357
1694,15.1008
1695,16.7701
1696,15.4698
1697,15.6092
1698,10.3456
1699,13.8678
1700,15.8372
1701,14.0737
1702,17.6777
1703,14.1651
1704,16.5864
1705,17.7321
1706,18.8992
1707,14.4519
1708,15.832
1709,18.649
1710,16.7166
1711,18.9461
1712,14.9371
1713,14.9862
1714,16.1902
1715,13.0855
1716,16.2225
1717,14.8642
1718,15.1424
1719,11.4701
1720,15.5024
1721,13.7957
1722,16.0516
1723,15.3388
1724,15.8739
1725,16.4841
1726,17.1848
1727,13.9535
1728,11.173
1729,16.4703
1730,14.6886
1731,16.876
1732,14.7249
1733,17.9537
1734,12.194
1735,13.506
1736,13.5432
1737,16.4262
1738,16.473
1739,15.4982
1740,15.0717
1741,15.5058
1742,17.078
1743,17.2594
1744,14.0244
1745,15.8347
1746,14.0734
1747,17.5865
1748,19.1991
1749,13.9677
1750,14.3794
1751,15.4441
1752,18.0175
1753,15.2542
1754,14.7223
1755,17.2704
1756,18.1811
1757,17.6601
1758,13.9946
1759,13.3424
1760,13.9167
1761,15.4298
1762,15.5778
1763,14.9722
1764,15.8542
1765,15.5876
1766,15.3705
1767,12.0487
1768,15.045
1769,14.5758
1770,17.3579
1771,17.6226
1772,19.9048
1773,15.4029
1774,15.5996
1775,14.3919
1776,14.0021
1777,13.161
1778,17.5977
1779,12.6421
1780,15.3308
1781,13.7071
1782,15.9005
1783,17.8544
1784,16.3242
1785,17.1905
1786,15.1948
1787,15.3489
1788,16.1129
1789,12.4932
1790,13.4715
1791,16.6907
1792,17.6881
1793,15.5472
1794,15.0796
1795,17.4505
1796,15.4064
1797,16.1083
1798,16.328
1799,14.4686
1800,15.248
1801,15.4408
1802,16.955
1803,14.9338
1804,15.7238
1805,18.5557
1806,10.2847
1807,14.5399
1808,15.1848
1809,17.8317
1810,15.1951
1811,16.5272
1812,16.2923
1813,16.8358
1814,13.5122
1815,14.9583
1816,14.3199
1817,13.5113
1818,17.3337
1819,19.0746
1820,13.0431
1821,17.1082
1822,14.6449
1823,14.7315
1824,17.5789
1825,15.6411
1826,14.5693
1827,16.8584
1828,16.6521
1829,15.6086
1830,16.8467
1831,15.7451
1832,13.8245
1833,15.5552
1834,16.0878
1835,16.4329
1836,15.122
1837,16.0494
1838,13.3945
1839,15.8412
1840,15.3261
1841,14.2139
1842,15.5799
1843,17.3538
1844,16.498
1845,13.3846
1846,14.6025
1847,14.5922
1848,14.3645
1849,17.4365
1850,16.726
1851,14.5527
1852,17.024
1853,15.3015
1854,16.0412
1855,15.9946
1856,16.868
1857,19.1726
1858,16.9764
1859,13.1739
1860,14.7374
1861,16.1408
1862,15.5242
1863,20.2574
1864,16.623
1865,14.205
1866,13.0764
1867,17.0707
1868,14.5679
1869,15.7744
1870,13.5314
1871,17.3333
1872,13.1748
1873,16.6738
1874,14.2438
1875,12.7128
1876,15.4538
1877,16.1975
1878,15.4581
1879,14.7588
1880,16.7551
1881,16.6701
1882,15.0113
1883,13.7201
1884,17.9969
1885,14.2994
1886,17.2608
1887,13.6366
1888,15.7706
1889,15.6209
1890,13.9088
1891,16.6512
1892,14.9504
1893,15.8022
1894,16.335
1895,15.1516
1896,16.346
1897,17.5543
1898,14.4478
1899,15.5564
1900,15.0461
1901,13.7916
1902,16.4634
1903,16.8835
1904,15.3888
1905,15.3062
1906,16.069
1907,16.7979
1908,15.4215
1909,13.6369
1910,14.1216
1911,15.6798
1912,15.5877
1913,15.8895
1914,16.1795
1915,14.926
1916,14.9664
1917,15.6798
1918,14.8707
1919,15.7161
1920,13.6941
1921,12.3359
1922,15.3821
1923,17.1781
1924,14.2754
1925,15.7527
1926,16.3764
1927,13.3579
1928,13.9079
1929,14.9091
1930,15.05
1931,13.938
1932,15.9188
1933,12.3538
1934,14.7663
1935,15.413
1936,15.4359
1937,15.155
1938,15.2845
1939,14.6899
1940,11.5893
1941,15.8128
1942,14.5622
1943,14.838
1944,15.2333
1945,16.1809
1946,17.2224
1947,13.8723
1948,15.6713
1949,14.4356
1950,14.0598
1951,14.717
1952,15.7252
1953,15.1451
1954,21.0167
1955,14.9368
1956,12.9475
1957,18.0942
1958,11.7424
1959,12.6064
1960,13.4597
1961,16.5133
1962,16.2723
1963,14.1493
1964,13.3584
1965,16.5167
1966,13.422
1967,15.2558
1968,16.5087
1969,15.8573
1970,12.733
1971,12.5397
1972,13.8733
1973,16.7131
1974,15.0637
1975,15.9913
1976,12.9218
1977,12.1968
1978,12.5117
1979,14.6601
1980,13.4381
1981,17.3105
1982,15.6548
1983,17.0062
1984,15.1342
1985,18.4781
1986,18.2066
1987,12.5051
1988,15.5422
1989,15.154
1990,15.0371
1991,16.1156
1992,16.0737
1993,17.8998
1994,13.8611
1995,13.7816
1996,15.1494
1997,12.8509
1998,19.7162
1999,14.4062
2000,15.3877
2001,17.1393
2002,14.3543
2003,18.3031
2004,13.4669
2005,15.9727
2006,18.1163
2007,16.5753
2008,18.9133
2009,13.1816
2010,12.9787
2011,14.3394
2012,16.558
2013,15.1024
2014,21.19
2015,13.607
2016,18.0056
2017,16.485
2018,14.0548
2019,15.2601
2020,12.7942
2021,19.7558
2022,16.6668
2023,16.5742
2024,15.8899
2025,15.1375
2026,16.0808
2027,16.5749
2028,15.6031
2029,17.0668
2030,17.13
2031,14.5781
2032,16.3081
2033,15.5032
2034,15.0202
2035,15.8244
2036,20.4751
2037,17.0044
2038,16.9224
2039,17.7035
2040,12.6836
2041,16.3088
2042,16.0488
2043,12.4207
2044,16.596
2045,13.7001
2046,16.0054
2047,12.8496
2048,12.6121
2049,17.4619
2050,18.6461
2051,18.2696
2052,17.2085
2053,12.8903
2054,16.3197
2055,15.6935
2056,13.1456
2057,13.8242
2058,17.804
2059,16.7702
2060,13.9469
2061,13.1584
2062,15.8761
2063,17.3415
2064,17.0585
2065,15.2463
2066,13.1349
2067,16.6324
2068,15.3315
2069,16.4112
2070,14.7127
2071,14.5606
2072,16.1843
2073,16.4474
2074,16.1577
2075,13.2327
2076,15.0869
2077,16.7378
2078,12.7415
2079,13.627
2080,19.102
2081,14.9915
2082,16.3194
2083,15.5836
2084,16.1874
2085,14.9365
2086,14.6262
2087,16.5924
2088,16.6226
2089,15.5706
2090,16.4453
2091,15.8885
2092,14.6899
2093,14.3122
2094,13.9621
2095,17.3113
2096,16.0131
2097,16.9802
2098,21.6543
2099,15.4509
2100,19.4266
2101,13.0564
2102,18.3474
2103,15.0608
2104,14.7246
2105,14.4525
2106,15.5575
2107,14.453
2108,17.24
2109,14.7286
2110,15.2003
2111,15.0235
2112,14.066
2113,18.7685
2114,15.4909
2115,15.645
2116,18.1093
2117,14.1929
2118,15.3511
2119,14.8654
2120,13.8993
2121,16.1511
2122,16.4591
2123,13.9848
2124,15.0682
2125,13.5753
2126,14.0822
2127,16.344
2128,15.5823
2129,12.568
2130,13.9935
2131,12.9331
2132,17.1853
2133,16.7877
2134,14.3937
2135,18.4766
2136,14.0072
2137,12.3657
2138,14.1342
2139,15.9217
2140,15.1959
2141,16.5044
2142,17.5873
2143,14.1607
2144,17.1859
2145,17.7386
2146,16.7984
2147,18.3807
2148,14.2516
2149,15.8471
2150,13.9022
2151,18.2198
2152,19.762
2153,14.082
2154,18.7419
2155,16.0274
2156,18.7005
2157,13.2592
2158,16.3647
2159,15.8785
2160,16.6117
2161,17.334
2162,18.1689
2163,14.4461
2164,14.7542
2165,15.4587
2166,13.6923
2167,15.0296
2168,15.7545
2169,14.5935
2170,16.6221
2171,14.6801
2172,17.9638
2173,13.8221
2174,15.7358
2175,13.0244
2176,15.4559
2177,14.1732
2178,16.9768
2179,12.7111
2180,19.0174
2181,13.1595
2182,19.104
2183,11.7645
2184,13.5973
2185,14.9412
2186,15.7879
2187,16.4449
2188,14.6067
2189,15.5576
2190,14.6298
2191,16.9999
2192,13.0276
2193,16.0948
2194,15.0621
2195,14.3376
2196,16.8855
2197,13.7443
2198,14.9958
2199,18.1173
2200,17.0383
2201,14.7143
2202,11.9314
2203,13.9537
2204,13.0068
2205,13.1709
2206,16.317
2207,18.2207
2208,14.446
2209,14.6804
2210,15.4295
2211,13.6872
2212,13.8332
2213,15.9463
2214,17.3585
2215,16.9821
2216,14.7007
2217,15.5998
2218,13.1832
2219,13.7417
2220,15.5059
2221,17.2488
2222,17.4752
2223,17.4379
2224,16.2488
2225,17.028
2226,13.7961
2227,19.2057
2228,18.5162
2229,18.191
2230,15.2249
2231,13.9
2232,16.4579
2233,18.7631
2234,14.9053
2235,17.9229
2236,15.8725
2237,16.7131
2238,13.7598
2239,17.4297
2240,11.5564
2241,16.7454
2242,16.0004
2243,15.1714
2244,15.3432
2245,14.3763
2246,17.6514
2247,17.5613
2248,16.5558
2249,16.8705
2250,15.7404
2251,14.1815
2252,15.4956
2253,13.9053
2254,15.7551
2255,15.4477
2256,16.2402
2257,16.1146
2258,16.2529
2259,17.0257
2260,19.3051
2261,14.7745
2262,16.3529
2263,14.2239
2264,15.6888
2265,14.1922
2266,15.2756
2267,14.4991
2268,14.8945
2269,17.1135
2270,15.067
2271,11.8315
2272,15.5394
2273,16.9785
2274,13.1691
2275,17.2667
2276,15.8011
2277,16.3714
2278,16.7386
2279,17.1899
2280,15.3181
2281,16.3033
2282,14.2102
2283,17.3062
2284,12.9522
2285,15.7609
2286,18.1028
2287,14.5873
2288,15.6825
2289,13.9253
2290,15.5321
2291,14.8578
2292,13.4667
2293,16.1443
2294,16.1509
2295,17.1337
2296,13.9162
2297,15.0146
2298,14.2398
2299,17.6002
2300,16.6887
2301,15.3143
2302,12.528
2303,15.2251
2304,20.0663
2305,12.9759
2306,13.1358
2307,15.59
2308,18.2634
2309,15.1348
2310,14.7687
2311,17.0821
2312,14.8404
2313,13.4277
2314,16.9637
2315,16.0835
2316,18.0893
2317,13.1248
2318,15.001
2319,14.5213
2320,17.059
2321,13.6263
2322,13.8679
2323,14.4346
2324,15.311
2325,14.1052
2326,18.2819
2327,17.1437
2328,15.4219
2329,14.9362
2330,14.4544
2331,13.5289
2332,13.2441
2333,15.9454
2334,15.6068
2335,14.1362
2336,18.8154
2337,16.792
2338,16.5268
2339,12.5108
2340,11.7882
2341,12.1722
2342,14.23
2343,15.1238
2344,16.1795
2345,16.6926
2346,14.4189
2347,18.55
2348,14.4435
2349,12.8816
2350,12.7381
2351,13.3001
2352,13.4789
2353,16.0087
2354,12.6977
2355,15.7273
2356,18.463
2357,17.2945
2358,18.0858
2359,15.2725
2360,14.1738
2361,14.7843
2362,17.022
2363,18.611
2364,15.4372
2365,17.3239
2366,16.5206
2367,16.6171
2368,14.6844
2369,14.4073
2370,15.3454
2371,16.6811
2372,17.1395
2373,12.3474
2374,15.5289
2375,14.3993
2376,16.6003
2377,16.7606
2378,17.1173
2379,15.513
2380,16.6219
2381,15.4766
2382,16.6099
2383,15.259
2384,17.609
2385,14.1284
2386,18.5621
2387,15.9957
2388,14.3751
2389,15.9644
2390,13.7235
2391,13.9643
2392,16.3907
2393,15.3024
2394,14.7643
2395,11.4551
2396,19.0556
2397,14.7998
2398,14.4598
2399,16.1663
2400,13.6579
2401,13.0389
2402,16.3334
2403,15.1395
2404,14.7178
2405,15.3215
2406,14.4391
2407,14.7784
2408,13.9756
2409,16.1392
2410,13.2786
2411,14.7016
2412,16.3231
2413,13.7619
2414,17.6689
2415,15.7341
2416,17.4771
2417,15.6594
2418,15.4504
2419,16.7803
2420,14.1234
2421,15.8715
2422,15.606
2423,15.9055
2424,12.8604
2425,14.9728
2426,16.1207
2427,13.1462
2428,15.1846
2429,15.0755
2430,15.3004
2431,14.0535
2432,13.5321
2433,17.5416
2434,16.565
2435,17.159
2436,13.2786
2437,14.6058
2438,14.4591
2439,13.7119
2440,15.4056
2441,14.6226
2442,10.8968
2443,17.1009
2444,14.781
2445,15.2024
2446,15.1776
2447,15.5715
2448,16.9458
2449,14.0089
2450,13.5927
2451,15.1936
2452,13.5933
2453,15.5813
2454,14.8647
2455,18.9294
2456,15.4161
2457,15.0391
2458,19.7897
2459,14.0509
2460,15.9208
2461,13.6162
2462,16.3429
2463,14.1093
2464,15.5229
2465,13.8353
2466,14.4946
2467,15.9568
2468,17.2839
2469,12.5558
2470,16.2998
2471,16.9015
2472,20.9567
2473,16.1703
2474,14.0745
2475,16.4247
2476,12.4586
2477,15.0676
2478,17.9676
2479,13.7516
2480,16.4674
2481,15.7254
2482,12.541
2483,15.2366
2484,16.7709
2485,15.9668
2486,12.858
2487,16.5007
2488,16.8196
2489,15.5366
2490,16.3235
2491,15.1413
2492,16.1917
2493,14.6042
2494,14.0088
2495,14.8582
2496,16.6113
2497,15.1394
2498,13.9236
2499,18.3106
2500,15.6715
2501,15.8738
2502,14.4477
2503,13.0081
2504,13.7016
2505,14.6285
2506,14.834
2507,13.3957
2508,17.5603
2509,15.0634
2510,12.4663
2511,13.5888
2512,14.9441
2513,17.4101
2514,14.3082
2515,17.5695
2516,15.3345
2517,15.8632
2518,13.7648
2519,13.9183
2520,19.4176
2521,9.92158
2522,17.4565
2523,18.2449
2524,13.4145
2525,15.3684
2526,16.6299
2527,16.2308
2528,14.1783
2529,13.8794
2530,14.6047
2531,14.6418
2532,17.111
2533,14.1553
2534,16.1588
2535,12.7158
2536,16.2135
2537,14.0333
2538,14.2624
2539,14.4764
2540,12.8335
2541,16.2547
2542,17.6886
2543,16.1186
2544,14.8512
2545,18.7838
2546,14.2458
2547,15.0762
2548,13.2437
2549,18.5126
2550,13.9335
2551,15.7361
2552,17.5859
2553,18.7347
2554,16.5735
2555,15.8628
2556,14.0135
2557,16.4111
2558,14.5144
2559,13.8814
2560,13.0638
2561,14.6961
2562,15.5733
2563,15.5673
2564,20.3776
2565,14.8419
2566,16.931
2567,14.897
2568,16.7186
2569,15.2125
2570,16.3073
2571,16.3002
2572,19.6894
2573,14.7272
2574,18.2128
2575,16.3794
2576,15.7043
2577,19.5323
2578,14.7284
2579,15.1587
2580,16.6922
2581,16.0571
2582,12.7512
2583,15.9472
2584,17.5573
2585,15.2312
2586,17.6385
2587,16.4301
2588,15.6959
2589,15.7784
2590,14.9444
2591,12.9085
2592,15.8728
2593,17.5908
2594,15.2383
2595,15.7263
2596,15.0378
2597,16.8064
2598,14.5516
2599,15.189
2600,13.465
2601,13.6419
2602,15.7305
2603,17.5562
2604,14.7289
2605,16.6519
2606,15.0984
2607,15.4745
2608,13.563
2609,13.4371
2610,16.6524
2611,14.1745
2612,13.5549
2613,15.8884
2614,20.7805
2615,18.6405
2616,17.1822
2617,14.0816
2618,17.1933
2619,14.5362
2620,17.9691
2621,19.1863
2622,16.0254
2623,16.159
2624,15.6379
2625,12.4491
2626,16.9397
2627,18.3044
2628,14.1538
2629,15.4317
2630,17.6554
2631,14.9071
2632,14.8281
2633,15.8312
2634,17.5196
2635,15.5681
2636,15.0676
2637,15.2558
2638,14.9619
2639,15.0343
2640,17.7504
2641,15.1698
2642,15.7747
2643,16.0434
2644,16.3794
2645,12.1984
2646,18.1592
2647,11.0185
2648,13.3021
2649,13.8197
2650,12.9509
2651,15.6715
2652,17.3803
2653,12.9166
2654,14.548
2655,15.9453
2656,13.8412
2657,13.8379
2658,17.7069
2659,17.1021
2660,15.5438
2661,13.6735
2662,13.9489
2663,14.0245
2664,14.9655
2665,19.2922
2666,16.1738
2667,17.3428
2668,12.3515
2669,16.8514
2670,16.3608
2671,16.434
2672,17.6791
2673,14.8307
2674,15.5123
2675,14.5622
2676,13.5484
2677,13.912
2678,15.0616
2679,16.3106
2680,13.4711
2681,20.1159
2682,16.4661
2683,13.0043
2684,16.8148
2685,14.7876
2686,13.6938
2687,13.707
2688,16.6359
2689,16.8425
2690,18.0407
2691,16.8059
2692,14.7121
2693,15.2886
2694,17.3386
2695,13.5281
2696,12.0841
2697,15.7233
2698,14.1828
2699,15.4537
2700,16.3004
2701,14.6598
2702,17.4683
2703,13.6457
2704,13.2341
2705,14.6969
2706,16.8916
2707,15.711
2708,16.4765
2709,10.988
2710,17.4453
2711,15.4032
2712,15.2644
2713,15.6556
2714,17.837
2715,16.123
2716,16.0403
2717,16.4638
2718,17.0947
2719,15.8582
2720,15.2881
2721,13.2233
2722,11.9743
2723,16.7401
2724,17.2829
2725,16.3531
2726,15.2637
2727,18.823
2728,13.7918
2729,15.543
2730,14.0093
2731,14.9829
2732,13.8578
2733,12.6027
2734,16.7618
2735,17.8095
2736,14.6653
2737,13.0974
2738,14.5554
2739,14.0161
2740,15.5774
2741,15.5551
2742,12.607
2743,14.8702
2744,13.3983
2745,12.6266
2746,18.8324
2747,19.2802
2748,17.6908
2749,15.3054
2750,13.7493
2751,16.9827
2752,16.4392
2753,15.3209
2754,14.7936
2755,17.0309
2756,13.017
2757,13.078
2758,14.467
2759,13.0611
2760,18.8918
2761,15.906
2762,15.121
2763,14.1921
2764,15.505
2765,16.6793
2766,14.662
2767,15.6581
2768,17.9097
2769,17.9699
2770,14.5632
2771,16.5378
2772,16.996
2773,17.4799
2774,14.3443
2775,15.8105
2776,16.557
2777,17.7227
2778,15.1919
2779,18.2109
2780,21.0735
2781,12.0798
2782,17.4287
2783,14.1383
2784,14.2301
2785,16.8883
2786,15.3483
2787,16.6183
2788,14.5887
2789,13.3913
2790,14.1542
2791,17.0922
2792,13.62
2793,17.5499
2794,13.7688
2795,16.4615
2796,14.7997
2797,14.5103
2798,14.0972
2799,15.17
2800,16.1174
2801,14.9241
2802,15.3777
2803,13.9807
2804,14.4403
2805,15.8729
2806,16.9002
2807,19.736
2808,15.6852
2809,14.0858
2810,13.3865
2811,17.2121
2812,18.3199
2813,14.7399
2814,14.9245
2815,16.2951
2816,15.544
2817,16.7152
2818,19.2953
2819,19.2791
2820,16.0916
2821,15.6493
2822,16.707
2823,12.3814
2824,15.2785
2825,10.6768
2826,19.4527
2827,16.9867
2828,14.6826
2829,16.3035
2830,16.5641
2831,15.1801
2832,15.217
2833,13.8458
2834,20.3319
2835,18.3625
2836,15.4512
2837,14.6297
2838,11.1824
2839,14.5375
2840,14.6656
2841,17.0682
2842,13.2707
2843,19.6434
2844,15.2034
2845,13.9108
2846,12.479
2847,16.9929
2848,14.5877
2849,14.2501
2850,13.9022
2851,17.8176
2852,16.9116
2853,19.3171
2854,15.7345
2855,13.3195
2856,12.8128
2857,14.0126
2858,14.2477
2859,16.0075
2860,15.9427
2861,13.2494
2862,17.8639
2863,16.5443
2864,19.3898
2865,15.6431
2866,17.3554
2867,15.0137
2868,13.8176
2869,12.2655
2870,17.558
2871,11.5967
2872,13.0428
2873,13.7748
2874,18.811
2875,13.1713
2876,15.6258
2877,15.6557
2878,19.0661
2879,14.6395
2880,15.6218
2881,14.9959
2882,14.8656
2883,14.8747
2884,16.5942
2885,13.3764
2886,13.3454
2887,18.1263
2888,18.9309
2889,14.7823
2890,14.9621
2891,15.1438
2892,14.532
2893,15.6142
2894,14.2618
2895,11.5218
2896,17.4568
2897,16.4227
2898,17.3249
2899,11.6702
2900,13.3316
2901,18.8785
2902,14.3938
2903,14.9986
2904,16.958
2905,17.5452
2906,15.2592
2907,14.4723
2908,17.9395
2909,15.3562
2910,14.0331
2911,15.5035
2912,15.064
2913,15.3802
2914,15.376
2915,17.6627
2916,18.4944
2917,14.2584
2918,11.4875
2919,16.9887
2920,14.4333
2921,15.5836
2922,16.7319
2923,17.1462
2924,15.3148
2925,15.6447
2926,14.7936
2927,17.0664
2928,15.5326
2929,15.7359
2930,16.6792
2931,14.1238
2932,19.3627
2933,17.1329
2934,13.2252
2935,16.2051
2936,13.8353
2937,18.0295
2938,18.5134
2939,15.5783
2940,16.2891
2941,15.5118
2942,15.4929
2943,15.2036
2944,12.5632
2945,14.081
2946,17.2197
2947,15.1736
2948,16.4817
2949,13.3422
2950,13.5544
2951,13.0667
2952,16.0479
2953,15.7152
2954,17.1847
2955,15.7064
2956,17.5101
2957,15.3089
2958,13.5409
2959,13.8442
2960,13.6407
2961,13.4342
2962,16.492
2963,12.0076
2964,15.5752
2965,14.6221
2966,13.4769
2967,17.4127
2968,18.0425
2969,15.8052
2970,19.8812
2971,16.871
2972,14.2784
2973,13.5094
2974,13.5066
2975,17.7555
2976,17.1602
2977,15.1741
2978,15.9562
2979,12.6024
2980,14.9639
2981,17.2044
2982,14.1941
2983,16.6514
2984,16.2687
2985,15.0783
2986,15.0689
2987,18.5745
2988,18.5736
2989,15.5487
2990,14.6268
2991,15.0586
2992,16.0712
2993,15.8923
2994,16.2994
2995,12.5509
2996,15.7781
2997,15.6354
2998,17.6888
2999,15.5686
3000,14.8009
3001,16.2048
3002,14.8415
3003,17.6952
3004,17.1421
3005,15.546
3006,14.5847
3007,13.2418
3008,18.2162
3009,16.2472
3010,20.4735
3011,17.8138
3012,13.6249
3013,15.3651
3014,16.9858
3015,16.4774
3016,14.0049
3017,16.0366
3018,17.7508
3019,16.1214
3020,16.5655
3021,14.3044
3022,14.8516
3023,15.1147
3024,14.5823
3025,12.457
3026,16.4246
3027,16.8782
3028,17.0667
3029,12.1837
3030,13.6606
3031,14.4915
3032,16.3929
3033,15.2982
3034,14.5335
3035,16.551
3036,15.0397
3037,16.0581
3038,14.0971
3039,20.0274
3040,18.3582
3041,11.4561
3042,11.8926
3043,16.3117
3044,11.4304
3045,13.8865
3046,16.3017
3047,18.3595
3048,15.3717
3049,13.8314
3050,15.2746
3051,15.5408
3052,16.3532
3053,17.6782
3054,14.224
3055,16.3489
3056,12.8511
3057,17.8258
3058,18.1461
3059,16.6684
3060,15.8672
3061,15.4001
3062,16.1515
3063,15.5846
3064,17.6902
3065,13.8687
3066,12.7776
3067,15.5932
3068,15.961
3069,13.3963
3070,16.3088
3071,15.8792
3072,16.6076
3073,16.5119
3074,14.0681
3075,14.8619
3076,14.2755
3077,16.9502
3078,13.8735
3079,18.4891
3080,14.3149
3081,16.6903
3082,15.0857
3083,18.2899
3084,19.2234
3085,16.3987
3086,12.8945
3087,13.7123
3088,14.7274
3089,13.7611
3090,16.0568
3091,14.2318
3092,14.913
3093,15.1162
3094,14.8692
3095,15.0097
3096,13.8028
3097,18.2523
3098,16.022
3099,14.1829
3100,15.2877
3101,14.4368
3102,16.1391
3103,14.0699
3104,15.9421
3105,16.8364
3106,17.1933
3107,20.0716
3108,12.8938
3109,12.9206
3110,16.334
3111,14.7938
3112,19.665
3113,17.9985
3114,18.6023
3115,15.1848
3116,15.0171
3117,17.9157
3118,14.1717
3119,12.5424
3120,14.7413
3121,17.1257
3122,11.99
3123,16.5787
3124,13.211
3125,13.8025
3126,16.7425
3127,12.4262
3128,15.1573
3129,13.3812
3130,14.6549
3131,13.077
3132,16.3458
3133,14.1125
3134,14.4681
3135,14.7457
3136,16.2391
3137,16.5338
3138,13.9905
3139,13.2691
3140,19.5835
3141,11.7342
3142,15.385
3143,15.7678
3144,17.0235
3145,19.456
3146,14.5306
3147,16.5023
3148,16.2423
3149,13.915
3150,13.9322
3151,14.4254
3152,15.5538
3153,14.928
3154,12.9695
3155,14.7089
3156,16.0846
3157,15.4583
3158,12.2877
3159,15.5354
3160,16.6171
3161,13.771
3162,13.7697
3163,18.2552
3164,18.533
3165,15.1209
3166,18.0622
3167,15.7924
3168,15.3401
3169,16.1266
3170,17.2913
3171,15.5412
3172,12.9629
3173,13.9287
3174,16.6637
3175,17.6166
3176,12.0179
3177,15.6114
3178,15.0732
3179,17.9998
3180,13.7636
3181,14.5413
3182,19.8993
3183,14.483
3184,18.7559
3185,16.2982
3186,14.0883
3187,14.4391
3188,15.5331
3189,17.8603
3190,16.5535
3191,15.9215
3192,14.4682
3193,13.9432
3194,16.2688
3195,16.765
3196,14.7004
3197,15.2402
3198,14.8041
3199,14.3193
3200,12.4521
3201,16.6878
3202,17.6643
3203,15.7134
3204,15.6438
3205,17.0466
3206,16.0725
3207,13.6047
3208,16.5894
3209,16.2277
3210,15.9074
3211,13.8072
3212,17.8978
3213,15.0255
3214,17.4919
3215,15.1136
3216,18.1434
3217,16.3068
3218,16.6849
3219,19.2596
3220,15.6292
3221,17.9666
3222,11.2025
3223,20.3599
3224,18.9859
3225,12.0195
3226,12.86
3227,16.2495
3228,12.7549
3229,19.8237
3230,14.2807
3231,13.9722
3232,15.0104
3233,15.6809
3234,14.3878
3235,17.4115
3236,15.5548
3237,17.6128
3238,15.3244
3239,16.4836
3240,17.0864
3241,19.1011
3242,15.0128
3243,18.2915
3244,12.9434
3245,15.0338
3246,16.7926
3247,13.7344
3248,13.0545
3249,14.3159
3250,13.061
3251,14.0764
3252,14.2453
3253,13.1587
3254,13.8062
3255,15.6358
3256,16.632
3257,17.2653
3258,15.849
3259,16.0585
3260,12.8305
3261,14.7167
3262,14.818
3263,15.2698
3264,12.2349
3265,16.7363
3266,15.3637
3267,17.4726
3268,18.0573
3269,16.801
3270,17.7314
3271,17.8033
3272,17.8402
3273,15.5424
3274,19.2444
3275,14.4793
3276,14.828
3277,14.8581
3278,15.1564
3279,15.1131
3280,17.6476
3281,15.6178
3282,12.6421
3283,17.9224
3284,14.1558
3285,17.2369
3286,14.5708
3287,14.535
3288,16.4834
3289,17.6757
3290,16.1246
3291,14.2894
3292,14.4513
3293,13.822
3294,17.19
3295,14.4491
3296,13.3897
3297,18.1559
3298,16.0454
3299,14.2873
3300,16.4498
3301,20.1006
3302,19.8634
3303,14.5337
3304,14.7845
3305,16.3798
3306,16.6211
3307,14.9597
3308,14.985
3309,15.4051
3310,14.1026
3311,19.6424
3312,15.5947
3313,16.0005
3314,16.5594
3315,17.9757
3316,16.763
3317,17.6299
3318,15.624
3319,15.5574
3320,12.9443
3321,15.9821
3322,13.1338
3323,14.2503
3324,16.2399
3325,15.4931
3326,17.1258
3327,17.9408
3328,14.3532
3329,17.4488
3330,18.4651
3331,15.5463
3332,15.6294
3333,13.9529
3334,15.5053
3335,18.1608
3336,17.6252
3337,17.6905
3338,13.7414
3339,16.6319
3340,19.2711
3341,15.8582
3342,14.9795
3343,19.2383
3344,14.5167
3345,14.5226
3346,13.1209
3347,13.1516
3348,17.5928
3349,13.1697
3350,15.3945
3351,17.6346
3352,15.7111
3353,15.5555
3354,12.339
3355,16.4882
3356,14.1461
3357,20.244
3358,13.8292
3359,16.7814
3360,15.212
3361,17.1719
3362,16.8495
3363,16.7442
3364,16.7198
3365,15.3639
3366,16.9094
3367,13.8681
3368,14.6331
3369,12.9881
3370,14.726
3371,14.7231
3372,15.5869
3373,14.4651
3374,15.1037
3375,12.61
3376,15.2762
3377,15.975
3378,14.7296
3379,14.9841
3380,12.2256
3381,16.8875
3382,11.9889
3383,15.7678
3384,14.5034
3385,14.8791
3386,20.0324
3387,16.2524
3388,16.1843
3389,17.9402
3390,16.0016
3391,16.8974
3392,14.0856
3393,14.8215
3394,15.8741
3395,16.2813
3396,16.0879
3397,12.0141
3398,14.9026
3399,18.3277
3400,16.3536
3401,15.8034
3402,15.619
3403,10.7938
3404,15.4509
3405,13.326
3406,16.7513
3407,19.6855
3408,13.5114
3409,13.1167
3410,17.6136
3411,15.055
3412,15.5092
3413,13.1241
3414,13.9068
3415,15.4942
3416,15.6489
3417,16.9922
3418,12.0794
3419,13.5415
3420,16.6754
3421,14.7413
3422,17.1679
3423,20.6731
3424,18.4443
3425,16.21
3426,11.8631
3427,15.5136
3428,12.9663
3429,16.3601
3430,14.2943
3431,14.6854
3432,16.2104
3433,13.8761
3434,14.7362
3435,15.5577
3436,15.766
3437,15.4403
3438,17.4108
3439,15.4584
3440,14.6289
3441,16.5306
3442,14.3696
3443,18.1967
3444,19.6926
3445,13.9648
3446,17.7291
3447,15.7737
3448,15.3805
3449,16.6086
3450,14.876
3451,12.53
3452,18.2966
3453,14.1153
3454,12.8808
3455,16.6342
3456,14.678
3457,20.8024
3458,13.5399
3459,15.5096
3460,15.6639
3461,16.2696
3462,15.7868
3463,18.4554
3464,14.0026
3465,15.7542
3466,13.9988
3467,15.15
3468,16.4275
3469,18.0732
3470,14.9265
3471,15.3348
3472,18.2334
3473,14.4515
3474,16.2448
3475,17.184
3476,15.8702
3477,18.0879
3478,15.1549
3479,15.4991
3480,16.0839
3481,16.0393
3482,16.9506
3483,15.9244
3484,14.4112
3485,16.7155
3486,14.7878
3487,14.0386
3488,17.9384
3489,16.6987
3490,13.8378
3491,17.01
3492,18.4238
3493,15.1038
3494,15.6073
3495,15.6041
3496,16.4689
3497,15.6686
3498,13.8306
3499,12.7028
3500,18.4593
3501,15.7877
3502,15.4005
3503,15.7382
3504,16.2389
3505,16.3302
3506,16.3135
3507,13.8432
3508,18.3918
3509,15.3037
3510,12.8613
3511,16.272
3512,16.6368
3513,15.3058
3514,16.1908
3515,14.1939
3516,13.5732
3517,13.8442
3518,13.6649
3519,11.8108
3520,14.1893
3521,16.3083
3522,14.7762
3523,12.2838
3524,12.8248
3525,14.4739
3526,14.9309
3527,21.7901
3528,13.6549
3529,13.3921
3530,14.2576
3531,15.7553
3532,17.8954
3533,17.2449
3534,14.3655
3535,15.6927
3536,15.2062
3537,18.0431
3538,15.6961
3539,15.4166
3540,16.3138
3541,14.3111
3542,14.1436
3543,13.2492
3544,15.9554
3545,14.6557
3546,12.651
3547,11.8899
3548,14.1524
3549,11.6452
3550,13.8774
3551,16.2099
3552,17.9666
3553,19.4307
3554,16.2507
3555,15.5766
3556,22.0364
3557,14.1669
3558,14.1977
3559,19.1266
3560,13.8165
3561,16.5716
3562,12.3653
3563,13.2876
3564,17.1669
3565,16.1152
3566,16.9825
3567,17.3589
3568,14.6261
3569,13.105
3570,14.1924
3571,15.9019
3572,16.6833
3573,16.3657
3574,16.6734
3575,16.6611
3576,14.3651
3577,16.5408
3578,16.8538
3579,15.3601
3580,14.1313
3581,14.4573
3582,16.42
3583,15.8189
3584,13.2252
3585,15.2497
3586,16.4396
3587,14.9594
3588,13.6945
3589,14.6459
3590,14.1421
3591,13.7942
3592,16.5739
3593,15.4452
3594,14.8041
3595,14.1042
3596,18.6873
3597,13.1667
3598,16.3705
3599,16.3654
3600,15.1133
3601,12.2714
3602,18.1218
3603,15.0823
3604,11.344
3605,15.6056
3606,18.1523
3607,16.5157
3608,16.5808
3609,15.7975
3610,14.4417
3611,16.8223
3612,18.969
3613,15.6016
3614,14.7176
3615,18.5133
3616,16.2503
3617,16.6134
3618,14.1116
3619,18.232
3620,12.7856
3621,16.1506
3622,16.8667
3623,15.3448
3624,21.3264
3625,16.1776
3626,15.8255
3627,13.6823
3628,14.5613
3629,14.5164
3630,14.3593
3631,19.5755
3632,16.7267
3633,15.3335
3634,15.363
3635,17.1725
3636,17.8635
3637,16.3381
3638,16.5012
3639,11.5646
3640,16.0304
3641,12.7656
3642,16.5207
3643,16.2234
3644,14.5223
3645,14.5365
3646,13.1481
3647,14.2794
3648,14.2562
3649,18.5002
3650,14.8895
3651,14.6702
3652,12.6623
3653,15.556
3654,13.0064
3655,19.8699
3656,15.1315
3657,11.7152
3658,15.455
3659,14.908
3660,15.7093
3661,19.3011
3662,13.6266
3663,18.1042
3664,12.9228
3665,15.2453
3666,13.7322
3667,17.8437
3668,14.0555
3669,16.1037
3670,18.3685
3671,14.5804
3672,17.1713
3673,13.6291
3674,15.1575
3675,14.2829
3676,16.6493
3677,12.8845
3678,16.1989
3679,15.2567
3680,13.635
3681,11.2755
3682,15.4487
3683,13.1419
3684,12.9593
3685,13.8533
3686,15.1082
3687,11.5998
3688,11.862
3689,16.0414
3690,16.5668
3691,15.7098
3692,21.1588
3693,10.721
3694,18.3443
3695,14.7169
3696,15.4971
3697,15.8597
3698,17.2935
3699,13.7433
3700,16.2654
3701,13.978
3702,15.5825
3703,16.559
3704,12.1581
3705,13.9615
3706,14.6225
3707,15.9309
3708,12.7696
3709,12.124
3710,16.7424
3711,16.594
3712,12.886
3713,14.9188
3714,14.6149
3715,18.2941
3716,16.1014
3717,17.1546
3718,15.6975
3719,15.679
3720,18.5349
3721,14.2923
3722,17.8016
3723,16.7257
3724,14.2613
3725,17.5276
3726,14.2569
3727,15.7274
3728,12.7379
3729,18.2521
3730,16.4057
3731,17.8555
3732,16.567
3733,18.1402
3734,17.5918
3735,16.8321
3736,14.018
3737,16.1703
3738,15.4626
3739,14.7551
3740,16.2442
3741,16.1401
3742,13.4966
3743,16.377
3744,14.7599
3745,14.2811
3746,13.318
3747,17.1573
3748,14.2314
3749,15.6774
3750,15.9704
3751,15.2366
3752,15.7874
3753,15.2051
3754,18.6771
3755,17.6845
3756,15.7928
3757,12.8822
3758,12.9294
3759,15.0215
3760,15.7511
3761,14.573
3762,14.3393
3763,15.6289
3764,13.5683
3765,13.8482
3766,17.7272
3767,17.9319
3768,14.0361
3769,16.9751
3770,15.8689
3771,15.6589
3772,14.7269
3773,14.9284
3774,18.5186
3775,16.2833
3776,14.2367
3777,12.9868
3778,15.8492
3779,16.2685
3780,12.9089
3781,19.0528
3782,16.7371
3783,14.5701
3784,16.9485
3785,15.2324
3786,12.8925
3787,14.1271
3788,15.5523
3789,16.0241
3790,13.2656
3791,15.6832
3792,17.2241
3793,15.1963
3794,17.0675
3795,16.1531
3796,11.4722
3797,16.279
3798,14.9025
3799,13.531
3800,17.2804
3801,15.6947
3802,16.8272
3803,15.5811
3804,14.487
3805,15.6928
3806,15.0154
3807,12.5773
3808,15.4186
3809,16.063
3810,16.7713
3811,15.1702
3812,15.9895
3813,14.974
3814,13.0925
3815,15.4823
3816,17.9902
3817,15.9403
3818,17.5948
3819,15.9579
3820,15.2871
3821,15.5943
3822,16.4456
3823,14.7851
3824,14.0143
3825,15.4331
3826,17.4716
3827,15.6105
3828,16.331
3829,18.123
3830,14.1147
3831,14.554
3832,11.7229
3833,12.771
3834,13.6762
3835,15.4095
3836,14.6342
3837,16.2282
3838,14.6093
3839,14.1968
3840,16.3129
3841,15.0197
3842,12.0135
3843,16.0343
3844,14.7964
3845,19.5503
3846,15.8115
3847,14.5095
3848,16.1982
3849,16.3975
3850,17.1243
3851,14.3532
3852,17.0816
3853,17.0718
3854,13.6956
3855,13.8663
3856,15.2931
3857,16.0548
3858,14.5724
3859,14.1417
3860,15.9475
3861,15.4331
3862,16.0444
3863,15.1755
3864,15.1961
3865,14.8688
3866,15.1165
3867,16.1583
3868,17.2431
3869,18.0633
3870,14.1697
3871,17.6998
3872,12.418
3873,17.2377
3874,13.3638
3875,13.9947
3876,21.365
3877,17.8725
3878,12.8022
3879,13.9492
3880,13.6571
3881,19.3912
3882,16.1227
3883,16.0933
3884,14.3817
3885,19.8053
3886,18.1672
3887,19.0471
3888,14.2866
3889,17.5176
3890,16.5859
3891,16.2913
3892,13.1968
3893,14.133
3894,16.2116
3895,17.9917
3896,14.4554
3897,14.737
3898,12.4122
3899,11.8887
3900,14.172
3901,15.2127
3902,15.4446
3903,14.3927
3904,17.8754
3905,13.0407
3906,16.5917
3907,14.9658
3908,13.8153
3909,16.9318
3910,12.4287
3911,14.6449
3912,15.7317
3913,11.042
3914,13.3259
3915,18.6249
3916,17.8244
3917,12.1145
3918,17.4498
3919,15.622
3920,13.0549
3921,14.6554
3922,18.4796
3923,15.4223
3924,12.5176
3925,14.7919
3926,12.6328
3927,15.5542
3928,16.2866
3929,12.4383
3930,15.8161
3931,14.7181
3932,15.2677
3933,18.3869
3934,15.6075
3935,15.5823
3936,12.3027
3937,14.5541
3938,19.0881
3939,12.6111
3940,14.7413
3941,13.7864
3942,14.7906
3943,14.7136
3944,15.3199
3945,14.0155
3946,17.1365
3947,15.1679
3948,15.9106
3949,14.9036
3950,18.0676
3951,12.3806
3952,14.13
3953,15.9025
3954,16.5384
3955,12.976
3956,12.989
3957,13.4548
3958,15.4596
3959,14.6793
3960,15.1068
3961,14.4256
3962,20.5565
3963,16.7126
3964,15.711
3965,13.683
3966,16.0779
3967,14.4876
3968,15.238
3969,14.4616
3970,12.75
3971,12.6459
3972,16.9377
3973,13.5703
3974,16.5027
3975,14.165
3976,12.0643
3977,15.524
3978,12.1855
3979,16.2595
3980,19.7389
3981,14.3736
3982,13.5236
3983,16.2537
3984,15.5252
3985,14.2119
3986,14.9214
3987,17.6444
3988,15.4829
3989,16.1127
3990,14.7186
3991,17.2779
3992,15.1189
3993,13.2782
3994,13.2742
3995,19.5388
3996,14.0279
3997,15.1762
3998,15.5208
3999,15.5997
4000,18.4649
4001,14.8175
4002,12.7546
4003,15.6307
4004,19.0964
4005,15.5976
4006,13.5198
4007,15.2244
4008,16.047
4009,17.4705
4010,16.5405
4011,16.4588
4012,17.2894
4013,14.5989
4014,17.6892
4015,16.0799
4016,16.6136
4017,15.6308
4018,18.4821
4019,15.878
4020,14.6328
4021,15.8135
4022,13.7193
4023,18.6888
4024,17.4744
4025,13.7714
4026,15.0496
4027,16.0626
4028,17.0689
4029,15.6425
4030,17.9616
4031,14.4027
4032,14.5987
4033,15.6454
4034,13.5994
4035,12.0193
4036,17.1428
4037,15.6266
4038,16.9574
4039,15.1062
4040,14.5898
4041,14.6547
4042,13.2412
4043,14.1471
4044,13.1469
4045,13.9154
4046,16.2356
4047,13.3639
4048,16.8041
4049,15.1109
4050,13.319
4051,19.1306
4052,14.9443
4053,15.6514
4054,15.1293
4055,13.9955
4056,14.1395
4057,12.5772
4058,14.8583
4059,15.6566
4060,14.8123
4061,19.3014
4062,15.4371
4063,16.4745
4064,16.2945
4065,16.4755
4066,16.289
4067,15.8257
4068,17.2545
4069,12.4923
4070,15.4236
4071,17.4813
4072,14.679
4073,16.2232
4074,15.3293
4075,13.9565
4076,14.8517
4077,12.7906
4078,14.9581
4079,15.1144
4080,15.6991
4081,17.133
4082,14.8223
4083,14.3039
4084,15.1723
4085,16.0871
4086,12.1747
4087,14.779
4088,17.6024
4089,20.5253
4090,14.6239
4091,16.6193
4092,15.1416
4093,12.7291
4094,11.4815
4095,15.7486
4096,15.8221
4097,15.9162
4098,18.0697
4099,14.3255
4100,13.8679
4101,14.1927
4102,13.4462
4103,14.0732
4104,15.5316
4105,18.1479
4106,15.498
4107,13.2111
4108,16.6419
4109,15.5317
4110,12.3996
4111,13.7942
4112,15.8077
4113,16.4204
4114,16.2495
4115,17.6287
4116,15.378
4117,15.1613
4118,14.5113
4119,19.9999
4120,13.8181
4121,16.5856
4122,14.6982
4123,17.5738
4124,16.2125
4125,19.7123
4126,14.5836
4127,17.8234
4128,15.721
4129,13.1769
4130,15.6909
4131,16.6981
4132,12.767
4133,14.2946
4134,9.85862
4135,13.0204
4136,14.1538
4137,15.9999
4138,17.1456
4139,13.24
4140,15.5559
4141,14.3498
4142,14.0314
4143,11.5935
4144,15.0541
4145,17.4761
4146,14.6458
4147,17.1662
4148,16.8356
4149,15.9994
4150,13.3891
4151,15.5924
4152,14.9458
4153,12.8023
4154,16.1628
4155,15.1306
4156,15.1296
4157,17.6023
4158,18.7147
4159,15.1429
4160,17.7955
4161,17.6058
4162,15.7304
4163,18.2645
4164,16.4849
4165,17.9236
4166,16.1754
4167,14.5183
4168,15.0891
4169,17.479
4170,18.8812
4171,12.8862
4172,15.2625
4173,14.3193
4174,14.9748
4175,15.2532
4176,15.2367
4177,15.0843
4178,14.2986
4179,14.2836
4180,13.9728
4181,15.2632
4182,18.9521
4183,11.7038
4184,18.4728
4185,15.8966
4186,12.5561
4187,16.998
4188,13.2665
4189,16.6702
4190,18.0348
4191,15.5494
4192,15.3251
4193,16.29
4194,14.91
4195,15.5194
4196,16.0851
4197,14.5302
4198,13.7346
4199,16.9336
4200,15.4553
4201,13.9496
4202,15.8252
4203,15.9602
4204,14.0486
4205,16.4174
4206,13.3503
4207,14.5942
4208,15.0436
4209,15.074
4210,14.7805
4211,13.7748
4212,16.226
4213,12.9916
4214,16.7689
4215,16.838
4216,16.5979
4217,16.1453
4218,15.4848
4219,11.7519
4220,17.7423
4221,17.7571
4222,14.4732
4223,18.0447
4224,13.4254
4225,15.2767
4226,19.5799
4227,14.7219
4228,14.2549
4229,13.1145
4230,15.8173
4231,17.9279
4232,18.561
4233,13.9375
4234,17.0893
4235,17.102
4236,12.7333
4237,16.2158
4238,16.4794
4239,13.4972
4240,15.5786
4241,12.9111
4242,17.2246
4243,14.046
4244,15.6639
4245,17.8986
4246,18.3234
4247,15.4553
4248,12.2999
4249,18.8259
4250,17.8861
4251,17.2194
4252,13.594
4253,17.5886
4254,16.7771
4255,13.8488
4256,17.6711
4257,13.5477
4258,16.1699
4259,12.0335
4260,17.9695
4261,12.8013
4262,15.2797
4263,18.3383
4264,13.7799
4265,14.3859
4266,14.2425
4267,14.3946
4268,13.9409
4269,18.0381
4270,14.3775
4271,14.1916
4272,14.8445
4273,16.7919
4274,12.794
4275,18.4135
4276,16.2545
4277,14.7937
4278,16.2619
4279,13.0188
4280,13.9388
4281,16.9651
4282,15.2236
4283,16.6772
4284,15.9372
4285,14.9779
4286,16.6228
4287,14.6435
4288,15.9005
4289,16.3358
4290,14.0841
4291,14.864
4292,14.2127
4293,16.7427
4294,15.4877
4295,13.9797
4296,13.6205
4297,13.9707
4298,15.0631
4299,11.1901
4300,15.3381
4301,12.4981
4302,14.9871
4303,13.2629
4304,15.3718
4305,14.289
4306,13.9492
4307,16.2137
4308,17.9007
4309,16.1295
4310,12.0646
4311,16.0123
4312,18.2591
4313,13.0878
4314,17.2466
4315,14.3642
4316,16.4288
4317,14.9201
4318,17.2644
4319,16.6175
4320,12.8338
4321,12.0978
4322,17.0279
4323,16.0519
4324,16.1754
4325,15.5379
4326,15.8962
4327,15.2565
4328,12.9058
4329,15.9411
4330,14.3732
4331,20.3704
4332,13.4431
4333,18.1126
4334,17.2584
4335,15.9657
4336,19.1755
4337,18.4762
4338,14.1769
4339,14.9014
4340,15.5608
4341,16.7935
4342,14.0763
4343,15.0479
4344,14.3256
4345,14.9036
4346,17.5486
4347,15.6848
4348,15.7209
4349,16.0851
4350,12.9233
4351,14.9034
4352,16.9745
4353,13.3701
4354,12.8375
4355,13.0662
4356,14.1493
4357,13.9159
4358,14.7292
4359,14.6631
4360,14.3943
4361,17.8247
4362,12.689
4363,16.9473
4364,16.266
4365,16.4391
4366,15.462
4367,12.0694
4368,17.0233
4369,15.6605
4370,17.8541
4371,15.7948
4372,17.159
4373,17.2
4374,14.4656
4375,17.0908
4376,18.1685
4377,14.6961
4378,16.6422
4379,16.1782
4380,15.4875
4381,12.0225
4382,16.3595
4383,12.8349
4384,14.8481
4385,14.3382
4386,14.7974
4387,15.7675
4388,15.1669
4389,15.2994
4390,16.6591
4391,14.3087
4392,11.8692
4393,13.2042
4394,14.8016
4395,16.8434
4396,19.1671
4397,14.4377
4398,17.8988
4399,13.4756
4400,15.3691
4401,15.3032
4402,14.9522
4403,16.2339
4404,12.8726
4405,17.4217
4406,14.1779
4407,14.0765
4408,14.2188
4409,14.8326
4410,16.7496
4411,13.4603
4412,18.2521
4413,14.5482
4414,16.7726
4415,12.0576
4416,11.0865
4417,15.2552
4418,16.6946
4419,15.4529
4420,13.1745
4421,12.7226
4422,16.6629
4423,15.8557
4424,19.9654
4425,14.8722
4426,16.9919
4427,12.9995
4428,16.4523
4429,16.0877
4430,12.6502
4431,13.987
4432,14.8523
4433,13.3406
4434,17.1766
4435,11.782
4436,10.2845
4437,19.5706
4438,11.7625
4439,18.8615
4440,16.7481
4441,14.5267
4442,17.1219
4443,16.4159
4444,13.7744
4445,14.7464
4446,16.266
4447,17.1251
4448,14.6336
4449,12.8192
4450,16.6121
4451,13.638
4452,16.3288
4453,16.0703
4454,16.6373
4455,17.6172
4456,15.2091
4457,15.0964
4458,17.6875
4459,17.4683
4460,12.8956
4461,14.9299
4462,15.4821
4463,18.7802
4464,14.0056
4465,15.7725
4466,14.3821
4467,14.8354
4468,15.9598
4469,15.5292
4470,15.96
4471,15.7047
4472,15.3959
4473,16.1553
4474,15.0385
4475,16.6185
4476,15.0062
4477,11.4698
4478,19.075
4479,18.0047
4480,15.9106
4481,15.4648
4482,17.6052
4483,12.0133
4484,15.3333
4485,17
4486,17.6419
4487,13.5755
4488,16.0722
4489,14.43
4490,15.8654
4491,19.3143
4492,17.4248
4493,15.9386
4494,15.3559
4495,12.5559
4496,18.3449
4497,16.8172
4498,15.0442
4499,15.87
4500,15.5249
4501,17.1357
4502,17.6596
4503,15.5385
4504,13.8692
4505,16.529
4506,14.99
4507,16.3919
4508,17.9488
4509,14.9393
4510,15.3911
4511,17.6102
4512,15.302
4513,14.75
4514,14.9323
4515,16.1201
4516,17.6463
4517,15.8769
4518,12.7636
4519,12.2615
4520,18.5599
4521,13.5846
4522,16.337
4523,13.4927
4524,16.0979
4525,17.9125
4526,16.6607
4527,14.4169
4528,14.9007
4529,15.4385
4530,18.6293
4531,16.1667
4532,14.532
4533,15.1685
4534,13.7076
4535,15.7918
4536,15.1047
4537,17.4795
4538,15.5791
4539,16.3745
4540,16.7558
4541,14.5944
4542,16.9826
4543,15.6109
4544,11.8189
4545,16.2294
4546,15.5185
4547,14.9202
4548,13.0463
4549,15.0782
4550,17.2791
4551,16.0617
4552,14.8722
4553,15.5324
4554,16.827
4555,13.3482
4556,15.0205
4557,16.2395
4558,16.2694
4559,13.4454
4560,16.1147
4561,17.0974
4562,14.5056
4563,15.0811
4564,12.8605
4565,13.7286
4566,14.4539
4567,14.8787
4568,14.8287
4569,13.6883
4570,18.4575
4571,14.6976
4572,14.6254
4573,15.3743
4574,17.2363
4575,18.6356
4576,16.821
4577,15.2038
4578,15.0807
4579,14.8735
4580,14.505
4581,16.9139
4582,17.4348
4583,17.1842
4584,15.3886
4585,14.938
4586,14.0358
4587,14.4208
4588,15.3928
4589,19.7381
4590,15.9604
4591,17.8466
4592,13.0382
4593,14.5235
4594,15.4358
4595,17.3788
4596,15.7902
4597,14.4522
4598,15.5785
4599,14.0438
4600,17.0561
4601,13.958
4602,12.949
4603,14.7631
4604,16.3873
4605,12.8765
4606,12.8348
4607,14.9775
4608,16.007
4609,16.5658
4610,13.9992
4611,12.63
4612,16.764
4613,16.5369
4614,15.4512
4615,13.4419
4616,16.7711
4617,13.9031
4618,15.4414
4619,15.5153
4620,14.9244
4621,16.6221
4622,16.6556
4623,17.5993
4624,14.7285
4625,16.143
4626,14.4468
4627,15.7434
4628,14.7256
4629,16.9303
4630,15.0387
4631,16.8772
4632,13.8779
4633,14.4952
4634,15.2173
4635,17.1034
4636,15.9536
4637,13.8081
4638,14.843
4639,17.2339
4640,16.7673
4641,15.0865
4642,14.382
4643,12.6397
4644,15.3629
4645,14.6473
4646,16.2976
4647,16.424
4648,18.065
4649,14.6858
4650,15.4482
4651,14.1684
4652,19.7533
4653,16.5349
4654,14.5722
4655,15.4008
4656,16.1049
4657,18.4897
4658,13.1953
4659,16.1893
4660,17.2896
4661,14.3507
4662,14.4771
4663,14.2618
4664,15.1279
4665,16.5172
4666,16.4073
4667,15.0644
4668,18.512
4669,11.4555
4670,16.3989
4671,12.1796
4672,16.024
4673,13.9343
4674,17.3924
4675,12.9654
4676,17.3926
4677,16.1292
4678,15.266
4679,14.8618
4680,17.4506
4681,12.9172
4682,15.431
4683,16.8299
4684,16.1797
4685,16.3527
4686,18.227
4687,15.5925
4688,13.9549
4689,17.1975
4690,15.98
4691,19.6935
4692,15.518
4693,13.9014
4694,15.2541
4695,15.9456
4696,14.9861
4697,19.5396
4698,14.5192
4699,13.6366
4700,14.4336
4701,16.5449
4702,16.4201
4703,17.1789
4704,16.4197
4705,14.743
4706,15.7351
4707,14.1855
4708,15.8969
4709,17.2703
4710,13.7605
4711,17.7521
4712,14.4871
4713,14.7895
4714,16.6545
4715,16.2542
4716,12.5401
4717,16.7237
4718,16.1356
4719,17.2011
4720,14.4472
4721,15.7918
4722,15.6662
4723,16.1776
4724,17.8125
4725,15.913
4726,14.2754
4727,14.1119
4728,17.2949
4729,14.0666
4730,16.2173
4731,18.3501
4732,14.7649
4733,13.0822
4734,13.5633
4735,12.7895
4736,13.8291
4737,13.685
4738,15.4243
4739,18.2388
4740,17.5593
4741,16.8968
4742,15.4047
4743,16.3228
4744,19.5773
4745,18.0936
4746,18.9627
4747,14.377
4748,18.1921
4749,13.0402
4750,13.4517
4751,15.723
4752,20.7449
4753,19.2158
4754,12.4348
4755,16.9697
4756,13.895
4757,18.6639
4758,14.7402
4759,17.7283
4760,15.0062
4761,13.8638
4762,13.2397
4763,17.048
4764,14.5896
4765,16.1939
4766,14.6006
4767,17.0336
4768,17.6442
4769,12.8652
4770,13.5642
4771,17.9514
4772,13.6361
4773,11.098
4774,19.7608
4775,16.0574
4776,15.8388
4777,18.4414
4778,12.4927
4779,16.5278
4780,15.8022
4781,15.6779
4782,16.5979
4783,12.6288
4784,16.1806
4785,16.3376
4786,14.057
4787,12.5946
4788,15.6263
4789,14.1324
4790,18.8073
4791,14.2903
4792,16.1829
4793,16.5817
4794,13.6082
4795,14.2102
4796,17.2004
4797,14.6949
4798,12.3465
4799,17.0085
4800,17.2348
4801,16.5692
4802,14.414
4803,16.0952
4804,16.8745
4805,15.8906
4806,18.0698
4807,16.5348
4808,17.464
4809,13.6891
4810,16.4858
4811,15.6033
4812,12.5837
4813,15.4354
4814,14.1526
4815,17.1777
4816,12.4449
4817,14.9977
4818,13.7898
4819,15.6411
4820,14.0952
4821,14.059
4822,16.8051
4823,18.5526
4824,16.5866
4825,16.2651
4826,17.116
4827,19.4133
4828,13.9228
4829,14.4767
4830,18.1977
4831,16.0074
4832,16.0851
4833,14.1358
4834,19.2687
4835,14.6446
4836,13.8898
4837,15.0614
4838,18.1456
4839,16.7305
4840,15.9806
4841,14.631
4842,15.3522
4843,13.321
4844,17.3537
4845,16.6391
4846,18.6623
4847,15.7688
4848,13.7962
4849,15.616
4850,19.7982
4851,14.9177
4852,14.8608
4853,15.942
4854,14.3161
4855,14.7918
4856,16.7956
4857,16.1139
4858,14.0451
4859,17.6061
4860,14.9323
4861,14.6417
4862,16.9674
4863,15.3182
4864,13.4404
4865,15.3863
4866,14.7486
4867,17.9742
4868,14.3035
4869,13.733
4870,13.7866
4871,17.1969
4872,15.4107
4873,15.6687
4874,13.1084
4875,16.7045
4876,12.2865
4877,16.5958
4878,12.7563
4879,12.8248
4880,15.2875
4881,16.8743
4882,15.0555
4883,17.0399
4884,15.0498
4885,16.4315
4886,16.7045
4887,15.2526
4888,13.3247
4889,15.5076
4890,14.0225
4891,15.0396
4892,13.836
4893,15.9378
4894,17.2353
4895,16.3479
4896,16.7988
4897,17.2929
4898,15.383
4899,17.0377
4900,15.5619
4901,14.3865
4902,16.3117
4903,19.3244
4904,16.6691
4905,16.1509
4906,15.0303
4907,15.746
4908,15.6179
4909,14.3102
4910,16.1302
4911,13.0994
4912,15.1494
4913,16.0369
4914,14.0335
4915,13.8402
4916,16.6407
4917,17.1342
4918,12.6954
4919,15.4414
4920,16.3532
4921,15.9741
4922,13.2692
4923,15.4648
4924,14.4204
4925,14.014
4926,13.967
4927,15.5717
4928,13.9465
4929,15.6925
4930,14.9788
4931,14.5109
4932,12.8918
4933,13.3287
4934,17.3484
4935,14.9116
4936,14.5559
4937,16.2882
4938,13.1779
4939,11.2863
4940,17.0437
4941,14.7852
4942,16.4
4943,12.8794
4944,15.2702
4945,16.5708
4946,14.8781
4947,14.3436
4948,13.9231
4949,11.7894
4950,17.6713
4951,17.5068
4952,13.4915
4953,14.3014
4954,16.1147
4955,16.0307
4956,19.3215
4957,15.246
4958,16.4965
4959,16.3651
4960,14.9023
4961,14.3844
4962,17.8447
4963,16.3312
4964,15.1904
4965,17.2722
4966,13.7206
4967,17.4073
4968,14.6204
4969,12.0714
4970,13.7284
4971,15.3314
4972,19.2301
4973,15.5363
4974,17.3494
4975,13.4038
4976,14.0067
4977,13.4117
4978,14.1597
4979,13.0157
4980,18.459
4981,12.9712
4982,12.257
4983,16.0353
4984,13.5944
4985,15.1584
4986,13.6006
4987,12.8848
4988,18.8131
4989,16.9015
4990,12.9911
4991,14.4076
4992,16.2335
4993,13.4727
4994,13.4239
4995,13.1241
4996,14.1823
4997,15.7575
4998,14.4888
4999,16.5115
5000,13.683
5001,15.9275
5002,15.7238
5003,18.1656
5004,15.6476
5005,14.7682
5006,18.5377
5007,13.1067
5008,16.9062
5009,15.0436
5010,17.8892
5011,17.1362
5012,14.4298
5013,15.8307
5014,13.9497
5015,16.441
5016,16.563
5017,13.7089
5018,14.8326
5019,14.9996
5020,15.5054
5021,16.023
5022,18.8567
5023,14.4695
5024,14.9572
5025,13.095
5026,13.1174
5027,14.9779
5028,20.9332
5029,18.0733
5030,16.4511
5031,14.5514
5032,14.8751
5033,15.1622
5034,18.1559
5035,15.4585
5036,15.0516
5037,17.2021
5038,14.9954
5039,11.6234
5040,14.6231
5041,18.5339
5042,13.8376
5043,17.7273
5044,16.4796
5045,16.7982
5046,14.8792
5047,15.2123
5048,15.4448
5049,13.8989
5050,14.0523
5051,15.4583
5052,15.5177
5053,15.4782
5054,16.4836
5055,12.7229
5056,14.4837
5057,17.7798
5058,18.0931
5059,14.9143
5060,13.729
5061,14.5076
5062,12.5624
5063,16.8667
5064,15.6323
5065,15.4394
5066,16.3687
5067,13.4457
5068,16.4004
5069,20.8174
5070,16.3355
5071,13.7529
5072,11.4478
5073,17.0041
5074,16.7409
5075,15.2628
5076,14.0403
5077,14.9057
5078,15.093
5079,15.0111
5080,19.0791
5081,12.606
5082,19.5644
5083,14.134
5084,12.4636
5085,12.9582
5086,16.2657
5087,17.8243
5088,13.3149
5089,17.6664
5090,12.1664
5091,16.6755
5092,12.2834
5093,16.3352
5094,14.3341
5095,16.4243
5096,18.365
5097,17.2816
5098,14.7063
5099,15.8172
5100,16.2104
5101,17.1457
5102,15.3181
5103,16.4586
5104,16.7161
5105,14.4762
5106,12.8357
5107,14.0849
5108,12.3567
5109,12.7516
5110,13.8192
5111,15.9592
5112,16.8489
5113,15.6874
5114,15.1824
5115,15.263
5116,16.9227
5117,17.0499
5118,15.5482
5119,15.4289
5120,13.4356
5121,15.6255
5122,14.3273
5123,13.5856
5124,16.3596
5125,15.9226
5126,18.0306
5127,18.704
5128,15.0324
5129,15.4057
5130,17.2289
5131,14.2247
5132,17.5573
5133,11.3482
5134,18.8915
5135,15.0788
5136,15.4221
5137,12.4754
5138,14.6461
5139,12.6108
5140,17.2062
5141,19.994
5142,14.3192
5143,17.6496
5144,14.1062
5145,14.0581
5146,15.993
5147,21.8103
5148,16.3816
5149,14.2473
5150,13.5502
5151,15.5511
5152,14.7176
5153,14.3177
5154,16.2616
5155,18.5683
5156,18.0044
5157,19.5488
5158,14.3887
5159,18.1953
5160,14.2942
5161,15.6111
5162,15.1802
5163,17.4784
5164,13.739
5165,13.6807
5166,15.2777
5167,11.9387
5168,14.2491
5169,15.1936
5170,15.409
5171,15.8216
5172,12.6114
5173,17.521
5174,12.5698
5175,17.1798
5176,13.8124
5177,10.8025
5178,15.436
5179,13.6024
5180,13.5828
5181,19.146
5182,14.6323
5183,15.4754
5184,13.7698
5185,13.4566
5186,14.4067
5187,16.6529
5188,16.4564
5189,15.0674
5190,17.6987
5191,12.5398
5192,16.2124
5193,14.4618
5194,16.8817
5195,14.4304
5196,15.0813
5197,16.3403
5198,16.1617
5199,13.2685
5200,14.0551
5201,17.1085
5202,16.0626
5203,13.3149
5204,17.2503
5205,15.8122
5206,14.9653
5207,15.3163
5208,13.0876
5209,18.3447
5210,17.2199
5211,19.8624
5212,13.3759
5213,10.6819
5214,16.6426
5215,14.5393
5216,13.8684
5217,15.8788
5218,16.3699
5219,15.6512
5220,13.5666
5221,18.988
5222,16.2413
5223,16.199
5224,17.5684
5225,14.3119
5226,18.2924
5227,13.3145
5228,14.4802
5229,16.9685
5230,17.1377
5231,14.5741
5232,17.6213
5233,18.3051
5234,19.425
5235,16.5793
5236,15.0708
5237,14.7904
5238,14.8679
5239,14.6757
5240,14.5673
5241,15.4986
5242,15.6479
5243,17.9266
5244,15.5666
5245,13.8017
5246,14.0172
5247,20.8982
5248,15.5712
5249,14.5378
5250,12.7371
5251,12.2143
5252,16.1078
5253,13.0295
5254,15.7562
5255,18.4251
5256,16.9513
5257,14.9964
5258,16.9933
5259,12.4631
5260,16.1391
5261,16.5382
5262,16.9602
5263,13.5822
5264,17.0758
5265,16.9485
5266,13.9783
5267,14.173
5268,15.4618
5269,12.4513
5270,15.9386
5271,15.3123
5272,14.7932
5273,15.0175
5274,12.55
5275,16.8716
5276,15.7153
5277,15.9092
5278,15.5227
5279,16.7111
5280,15.9514
5281,13.0821
5282,15.7232
5283,15.7766
5284,16.3279
5285,14.6901
5286,15.1926
5287,14.9989
5288,17.0327
5289,15.2373
5290,17.6723
5291,13.7505
5292,13.0259
5293,16.6678
5294,14.3714
5295,17.4527
5296,16.3017
5297,16.9561
5298,15.339
5299,17.2725
5300,13.147
5301,14.5178
5302,19.3763
5303,15.8331
5304,17.392
5305,17.5617
5306,12.4585
5307,15.5304
5308,18.8531
5309,16.1038
5310,15.4819
5311,16.5054
5312,14.3353
5313,18.535
5314,13.4497
5315,15.8603
5316,15.1241
5317,18.3137
5318,15.3494
5319,16.3776
5320,14.7005
5321,17.61
5322,17.6207
5323,17.1402
5324,14.8712
5325,18.413
5326,14.9608
5327,16.4042
5328,14.9532
5329,12.7144
5330,15.2911
5331,15.4986
5332,13.9217
5333,15.7236
5334,12.7928
5335,15.9216
5336,14.2203
5337,14.5881
5338,17.1452
5339,14.1381
5340,15.4403
5341,15.9453
5342,18.8144
5343,13.8255
5344,14.8824
5345,14.8054
5346,14.9598
5347,13.2589
5348,16.1349
5349,16.1931
5350,14.9729
5351,14.8713
5352,16.9204
5353,14.3683
5354,11.7014
5355,13.3526
5356,16.7202
5357,12.4761
5358,13.1923
5359,16.3071
5360,14.625
5361,13.6778
5362,14.8116
5363,10.3119
5364,14.1248
5365,14.4391
5366,18.526
5367,15.8275
5368,12.7856
5369,17.0472
5370,16.5052
5371,16.6296
5372,15.5634
5373,12.4323
5374,15.7234
5375,14.445
5376,16.7028
5377,17.4359
5378,16.4622
5379,16.667
5380,14.4289
5381,15.6103
5382,16.7931
5383,15.0171
5384,14.5575
5385,13.622
5386,13.4233
5387,14.895
5388,15.7487
5389,15.4281
5390,13.3224
5391,15.0646
5392,14.4529
5393,14.4352
5394,16.665
5395,18.0979
5396,13.8427
5397,16.47
5398,14.4555
5399,16.4387
5400,13.8843
5401,18.5026
5402,15.2034
5403,18.1075
5404,14.4832
5405,15.8404
5406,16.1821
5407,17.3684
5408,15.3199
5409,13.6477
5410,13.4847
5411,16.2192
5412,12.9068
5413,17.3267
5414,17.7034
5415,14.7353
5416,17.5589
5417,18.7996
5418,14.1088
5419,14.3217
5420,17.8676
5421,16.3542
5422,15.6671
5423,19.4712
5424,17.8511
5425,18.0706
5426,16.5735
5427,14.6556
5428,13.3477
5429,13.6614
5430,18.642
5431,13.1723
5432,16.2979
5433,12.8138
5434,15.6148
5435,14.9175
5436,15.1763
5437,15.4783
5438,19.3428
5439,13.473
5440,15.9784
5441,15.4642
5442,15.8441
5443,14.227
5444,15.2622
5445,17.2677
5446,13.9286
5447,17.6936
5448,17.4616
5449,16.7765
5450,12.078
5451,14.4782
5452,12.2797
5453,12.7451
5454,16.4918
5455,17.1589
5456,16.4223
5457,16.6819
5458,19.3273
5459,16.6791
5460,14.4439
5461,14.7784
5462,13.8455
5463,13.6905
5464,12.6353
5465,10.7129
5466,13.9856
5467,13.2636
5468,17.9881
5469,17.0015
5470,13.1742
5471,16.7176
5472,13.028
5473,19.3127
5474,13.5813
5475,17.8029
5476,13.8285
5477,15.2516
5478,13.6071
5479,15.2261
5480,17.577
5481,15.9351
5482,15.1712
5483,15.8048
5484,18.4717
5485,14.476
5486,12.9073
5487,16.4544
5488,17.6194
5489,16.8765
5490,15.7854
5491,14.3472
5492,15.3222
5493,15.5995
5494,15.7753
5495,16.2579
5496,16.4632
5497,15.4541
5498,16.8689
5499,12.7155
5500,18.2378
5501,17.9909
5502,14.9006
5503,19.3085
5504,16.4923
5505,13.9752
5506,14.3337
5507,14.7573
5508,15.1571
5509,14.7919
5510,15.1171
5511,16.3701
5512,17.9949
5513,16.8286
5514,15.3457
5515,16.42
5516,17.3665
5517,15.5124
5518,13.2152
5519,14.9066
5520,17.6977
5521,18.9037
5522,14.4756
5523,15.6429
5524,12.1298
5525,14.2115
5526,14.2233
5527,17.4718
5528,17.4548
5529,15.3683
5530,14.25
5531,12.9307
5532,15.5419
5533,16.1605
5534,16.0165
5535,14.0002
5536,12.5732
5537,15.5624
5538,15.4003
5539,12.7433
5540,17.6992
5541,14.8081
5542,14.9933
5543,16.3006
5544,13.723
5545,15.4757
5546,13.829
5547,14.3625
5548,13.1194
5549,15.6914
5550,15.7732
5551,11.6825
5552,15.2036
5553,14.2127
5554,14.8717
5555,14.9694
5556,16.729
5557,15.0317
5558,16.3189
5559,14.1588
5560,16.8177
5561,15.3726
5562,17.3267
5563,15.3615
5564,17.3955
5565,19.4839
5566,14.4607
5567,12.5463
5568,15.2377
5569,14.5666
5570,18.3663
5571,12.9961
5572,15.0822
5573,13.2148
5574,15.1531
5575,13.395
5576,16.0118
5577,17.1582
5578,14.527
5579,14.3686
5580,16.493
5581,15.3474
5582,16.5561
5583,14.3763
5584,14.5305
5585,14.552
5586,14.193
5587,12.3242
5588,16.7955
5589,16.6701
5590,16.9836
5591,12.8959
5592,15.438
5593,15.2898
5594,15.2549
5595,16.4802
5596,17.3967
5597,15.8814
5598,18.7764
5599,18.2036
5600,15.6136
5601,17.5809
5602,14.5923
5603,14.6472
5604,18.1275
5605,12.365
5606,16.7508
5607,14.1941
5608,12.7822
5609,14.327
5610,15.1576
5611,15.5425
5612,17.6709
5613,16.847
5614,14.0812
5615,18.1934
5616,12.3765
5617,14.8379
5618,17.1865
5619,17.2338
5620,14.8802
5621,13.209
5622,16.354
5623,17.5017
5624,14.9846
5625,12.9045
5626,17.5236
5627,16.5354
5628,14.9317
5629,15.1307
5630,15.9349
5631,14.6465
5632,16.2841
5633,16.0742
5634,19.9961
5635,13.493
5636,15.0813
5637,17.9825
5638,16.9959
5639,12.182
5640,11.0109
5641,18.0976
5642,16.0125
5643,17.2744
5644,17.5304
5645,13.9269
5646,12.1307
5647,13.7137
5648,18.9759
5649,16.7533
5650,14.8577
5651,17.0287
5652,13.7757
5653,13.3116
5654,16.947
5655,16.4798
5656,14.2902
5657,12.6317
5658,14.6059
5659,17.6313
5660,13.2699
5661,14.0258
5662,16.8505
5663,16.2789
5664,15.659
5665,15.5037
5666,15.9442
5667,12.1024
5668,16.257
5669,13.5491
5670,14.1624
5671,13.5433
5672,14.3836
5673,14.1166
5674,17.4461
5675,14.0642
5676,15.9157
5677,11.3784
5678,15.4183
5679,16.4239
5680,17.4425
5681,16.9369
5682,14.6369
5683,18.0208
5684,14.658
5685,14.6154
5686,14.5227
5687,17.4028
5688,17.2313
5689,17.2036
5690,14.6661
5691,12.1875
5692,15.0274
5693,14.4634
5694,16.6375
5695,14.818
5696,18.2648
5697,16.7196
5698,15.0857
5699,13.1973
5700,15.9573
5701,11.7355
5702,19.0297
5703,15.1097
5704,17.9478
5705,15.5429
5706,14.0063
5707,14.6863
5708,15.5895
5709,13.7619
5710,18.2322
5711,16.5951
5712,13.9329
5713,13.6532
5714,16.5194
5715,14.8328
5716,12.7129
5717,14.6759
5718,13.4429
5719,12.6779
5720,14.8457
5721,12.6874
5722,14.7633
5723,15.3747
5724,15.9695
5725,15.7069
5726,13.1096
5727,17.3161
5728,15.7198
5729,18.3938
5730,15.0973
5731,15.9477
5732,16.6569
5733,18.3374
5734,16.3913
5735,15.1333
5736,10.5471
5737,14.429
5738,12.1627
5739,11.8693
5740,14.5675
5741,15.2157
5742,14.9854
5743,14.3393
5744,15.8263
5745,13.3221
5746,16.8038
5747,11.5167
5748,20.0579
5749,16.7144
5750,16.6186
5751,16.4001
5752,15.1916
5753,13.6075
5754,19.6435
5755,12.3274
5756,18.4837
5757,14.0718
5758,14.181
5759,15.0462
5760,12.9174
5761,14.5753
5762,14.5526
5763,12.8021
5764,15.7115
5765,13.6584
5766,15.8455
5767,15.9501
5768,15.4207
5769,16.8899
5770,13.5757
5771,15.1476
5772,13.9531
5773,16.7128
5774,15.7525
5775,16.0675
5776,15.7122
5777,15.1842
5778,13.8773
5779,15.9167
5780,14.2544
5781,15.7286
5782,16.7947
5783,16.4781
5784,14.4682
5785,15.0895
5786,15.2771
5787,16.2298
5788,13.7877
5789,14.3192
5790,14.3095
5791,14.3184
5792,16.3065
5793,17.2722
5794,14.3507
5795,12.8314
5796,13.8626
5797,11.8188
5798,16.8364
5799,13.7561
5800,14.74
5801,13.9316
5802,13.6891
5803,16.4119
5804,14.4514
5805,16.6793
5806,13.2521
5807,14.2504
5808,14.5696
5809,14.8712
5810,12.6069
5811,16.1593
5812,15.4167
5813,17.5495
5814,16.9478
5815,15.3647
5816,15.6261
5817,16.8739
5818,16.7204
5819,15.2894
5820,14.3281
5821,13.733
5822,12.8716
5823,15.4737
5824,15.4303
5825,14.2549
5826,13.8911
5827,16.7836
5828,14.1315
5829,14.7545
5830,13.9215
5831,16.6773
5832,15.6271
5833,15.0786
5834,14.8834
5835,14.4728
5836,16.074
5837,14.28
5838,15.3294
5839,16.1587
5840,13.3868
5841,15.7652
5842,14.1441
5843,15.5606
5844,12.8066
5845,21.3308
5846,16.5769
5847,15.898
5848,17.6744
5849,13.5735
5850,17.8207
5851,16.6136
5852,17.9921
5853,15.5197
5854,13.6164
5855,17.205
5856,12.4169
5857,14.632
5858,16.2348
5859,14.5854
5860,19.671
5861,17.7752
5862,16.1042
5863,17.5063
5864,15.8205
5865,16.7576
5866,15.1787
5867,18.0138
5868,17.4563
5869,16.8952
5870,18.4009
5871,16.7793
5872,14.9922
5873,14.3031
5874,17.2501
5875,13.5222
5876,17.6969
5877,17.5262
5878,19.0719
5879,16.8408
5880,18.5223
5881,18.5548
5882,16.5031
5883,15.8762
5884,16.9455
5885,14.4158
5886,14.3478
5887,18.0925
5888,15.6764
5889,14.7525
5890,13.8071
5891,17.1001
5892,14.2929
5893,15.4915
5894,14.7998
5895,19.3839
5896,15.1297
5897,15.4811
5898,16.3253
5899,14.3269
5900,14.6404
5901,15.8939
5902,13.4995
5903,13.4207
5904,19.0395
5905,18.5899
5906,13.5623
5907,13.8493
5908,14.6689
5909,17.901
5910,14.0274
5911,17.4062
5912,13.2624
5913,16.9148
5914,12.5563
5915,15.721
5916,15.4133
5917,16.0487
5918,13.6323
5919,17.4666
5920,15.3733
5921,16.4195
5922,14.3587
5923,17.9044
5924,17.7871
5925,14.7625
5926,17.6919
5927,17.6969
5928,14.2686
5929,13.3003
5930,14.5186
5931,12.7664
5932,14.7971
5933,11.0541
5934,12.9941
5935,15.7166
5936,12.7992
5937,14.836
5938,14.0971
5939,16.5542
5940,17.3747
5941,13.5856
5942,13.5764
5943,13.1545
5944,12.2807
5945,14.0656
5946,17.7196
5947,17.2335
5948,16.8879
5949,11.701
5950,13.3964
5951,16.3058
5952,17.0661
5953,13.2454
5954,14.7349
5955,16.9408
5956,15.4931
5957,15.88
5958,15.5462
5959,16.8154
5960,15.0777
5961,19.9282
5962,15.2666
5963,16.157
5964,19.2323
5965,15.9817
5966,14.3971
5967,13.2131
5968,14.3994
5969,13.159
5970,17.4436
5971,15.3555
5972,15.1302
5973,14.2862
5974,15.4458
5975,16.4335
5976,15.591
5977,17.989
5978,16.6002
5979,13.1819
5980,16.6903
5981,16.0637
5982,13.1547
5983,13.9199
5984,15.687
5985,15.6563
5986,18.7556
5987,14.1869
5988,13.7949
5989,14.9096
5990,18.2643
5991,13.3167
5992,17.2187
5993,14.6994
5994,17.6532
5995,16.2797
5996,15.1438
5997,16.2764
5998,14.3423
5999,18.364
6000,18.8135
6001,14.7559
6002,12.2234
6003,17.1187
6004,17.0002
6005,15.565
6006,15.4356
6007,16.0216
6008,12.6105
6009,18.4625
6010,16.0796
6011,15.3112
6012,15.5212
6013,14.0071
6014,13.5737
6015,13.6512
6016,18.7909
6017,17.4021
6018,15.7828
6019,13.4237
6020,15.8513
6021,15.8155
6022,15.5407
6023,14.2879
6024,16.1848
6025,15.847
6026,16.4372
6027,14.8456
6028,16.1345
6029,16.8668
6030,17.5078
6031,16.1971
6032,15.8332
6033,19.2825
6034,16.342
6035,15.5583
6036,14.452
6037,15.3425
6038,15.7786
6039,14.8443
6040,15.5473
6041,16
6042,17.2316
6043,18.3279
6044,19.1967
6045,13.4681
6046,15.4854
6047,13.7922
6048,14.1735
6049,13.1276
6050,17.4401
6051,11.0374
6052,15.4645
6053,16.5616
6054,15.4993
6055,16.3405
6056,15.5763
6057,14.8751
6058,12.9219
6059,14.9296
6060,18.7752
6061,17.0995
6062,15.4913
6063,17.3234
6064,17.351
6065,16.3052
6066,16.4928
6067,17.9227
6068,14.4034
6069,14.2721
6070,15.5226
6071,13.0614
6072,16.1289
6073,13.331
6074,12.3587
6075,16.5763
6076,12.4038
6077,14.5094
6078,15.622
6079,17.4054
6080,16.3553
6081,14.9304
6082,12.4577
6083,15.7927
6084,15.0141
6085,13.7854
6086,14.2171
6087,13.1515
6088,16.3536
6089,17.1809
6090,14.7669
6091,19.1916
6092,13.3103
6093,14.843
6094,17.3133
6095,17.0071
6096,13.9496
6097,17.4533
6098,14.0486
6099,14.7263
6100,17.3764
6101,15.322
6102,15.6085
6103,15.2836
6104,16.1818
6105,17.2439
6106,14.5361
6107,14.8145
6108,15.7602
6109,14.1812
6110,15.192
6111,15.2671
6112,12.7483
6113,15.5212
6114,19.0046
6115,15.6322
6116,15.4161
6117,17.4326
6118,13.4586
6119,12.7831
6120,12.8116
6121,16.3402
6122,15.2961
6123,13.2471
6124,14.1827
6125,15.7438
6126,16.558
6127,12.2679
6128,13.1843
6129,14.2138
6130,15.7136
6131,12.6584
6132,14.1154
6133,16.3929
6134,15.2487
6135,17.5761
6136,13.8077
6137,17.4165
6138,15.8279
6139,14.0668
6140,14.0219
6141,16.9703
6142,14.9062
6143,18.0004
6144,15.7238
6145,17.4052
6146,16.836
6147,15.3527
6148,14.0004
6149,12.8709
6150,15.7372
6151,11.0335
6152,18.3987
6153,16.2169
6154,15.2542
6155,17.191
6156,12.6893
6157,13.4943
6158,14.1039
6159,15.9592
6160,14.7684
6161,14.5619
6162,14.9434
6163,17.1918
6164,13.7259
6165,16.2132
6166,12.4664
6167,16.3661
6168,17.4055
6169,16.1791
6170,16.0639
6171,14.8958
6172,16.0424
6173,13.6925
6174,13.1751
6175,11.0854
6176,18.6402
6177,15.2446
6178,16.7695
6179,14.1016
6180,14.1736
6181,14.1467
6182,12.7218
6183,15.0189
6184,11.983
6185,13.6602
6186,14.8158
6187,15.4401
6188,18.814
6189,13.076
6190,14.6219
6191,15.8171
6192,15.3008
6193,14.6858
6194,15.3344
6195,14.6199
6196,18.016
6197,16.6749
6198,13.6644
6199,14.8006
6200,15.0137
6201,15.6832
6202,14.9597
6203,16.2796
6204,14.3269
6205,17.2872
6206,13.3857
6207,13.9936
6208,15.6566
6209,15.6762
6210,16.7645
6211,15.8492
6212,12.7246
6213,19.3254
6214,15.9811
6215,14.3004
6216,17.3884
6217,15.7505
6218,17.2725
6219,16.7617
6220,12.2765
6221,13.8884
6222,14.2786
6223,16.2201
6224,15.3301
6225,14.9479
6226,14.3441
6227,14.999
6228,15.9567
6229,17.8455
6230,13.3179
6231,15.4632
6232,15.4782
6233,18.0981
6234,16.8552
6235,13.975
6236,14.5857
6237,18.1036
6238,18.0058
6239,11.0317
6240,17.4217
6241,14.4109
6242,15.0372
6243,15.1613
6244,20.0242
6245,14.0332
6246,15.7052
6247,15.62
6248,16.8677
6249,15.0256
6250,15.1058
6251,12.7658
6252,15.6001
6253,14.068
6254,17.6244
6255,17.5295
6256,15.4894
6257,13.1915
6258,14.9963
6259,14.0474
6260,18.0926
6261,14.1086
6262,13.431
6263,16.0768
6264,18.0031
6265,16.7877
6266,14.8924
6267,17.3064
6268,15.3044
6269,18.4695
6270,18.5552
6271,14.3766
6272,16.5473
6273,15.9362
6274,15.6745
6275,14.5912
6276,18.9666
6277,17.2562
6278,16.9572
6279,13.8568
6280,18.4499
6281,15.9357
6282,11.6386
6283,15.4213
6284,13.6641
6285,16.0995
6286,15.9557
6287,18.649
6288,14.4096
6289,15.322
6290,15.1103
6291,15.633
6292,16.9469
6293,19.2602
6294,15.6688
6295,16.726
6296,16.4864
6297,15.8015
6298,19.3254
6299,14.5889
6300,12.919
6301,14.212
6302,16.9663
6303,12.8208
6304,15.3104
6305,13.8246
6306,14.3404
6307,15.8044
6308,12.8971
6309,13.9393
6310,14.9759
6311,15.4968
6312,14.8845
6313,14.7418
6314,15.884
6315,19.6085
6316,16.9213
6317,11.6997
6318,13.5708
6319,14.5791
6320,15.7898
6321,14.385
6322,12.2788
6323,16.1257
6324,15.9905
6325,13.6492
6326,15.0613
6327,13.315
6328,18.2675
6329,15.9986
6330,15.5728
6331,13.3852
6332,16.4584
6333,14.3979
6334,16.6782
6335,17.2763
6336,16.3375
6337,16.6769
6338,13.3919
6339,14.9223
6340,13.467
6341,19.1757
6342,18.3043
6343,11.4844
6344,13.9738
6345,15.5541
6346,16.692
6347,13.2577
6348,12.417
6349,15.629
6350,15.1575
6351,14.7242
6352,14.7921
6353,16.5703
6354,16.3036
6355,18.6803
6356,10.179
6357,12.7772
6358,14.6216
6359,17.1313
6360,16.237
6361,15.6245
6362,14.6057
6363,12.5851
6364,16.62
6365,16.5347
6366,17.4831
6367,16.0443
6368,15.5292
6369,13.1276
6370,16.3628
6371,17.5917
6372,12.6679
6373,14.9912
6374,14.7181
6375,16.5548
6376,15.0204
6377,16.2282
6378,16.0971
6379,17.195
6380,16.7071
6381,13.4052
6382,15.002
6383,19.357
6384,16.6892
6385,13.7414
6386,10.9777
6387,11.3686
6388,16.53
6389,16.4777
6390,15.5492
6391,14.4449
6392,15.7919
6393,16.7788
6394,17.7874
6395,16.4219
6396,13.8727
6397,12.805
6398,11.9898
6399,18.1244
6400,15.0444
6401,12.5415
6402,15.7247
6403,19.4715
6404,16.8656
6405,16.8911
6406,17.5422
6407,16.3703
6408,15.3062
6409,15.6784
6410,14.8973
6411,15.7111
6412,14.0104
6413,18.5604
6414,16.3766
6415,15.7358
6416,15.7518
6417,15.6518
6418,13.6569
6419,14.9127
6420,14.6031
6421,15.8193
6422,13.5951
6423,16.1653
6424,15.8654
6425,15.6232
6426,11.8451
6427,17.1741
6428,15.9771
6429,13.5882
6430,19.8286
6431,14.2507
6432,15.3037
6433,16.9123
6434,13.1537
6435,15.9305
6436,15.5144
6437,12.9153
6438,15.2529
6439,15.7622
6440,18.3049
6441,12.6232
6442,20.1319
6443,16.2436
6444,13.4319
6445,14.4548
6446,16.0637
6447,14.0288
6448,16.3506
6449,14.8457
6450,16.1129
6451,17.0921
6452,17.3721
6453,15.5492
6454,11.8497
6455,15.9302
6456,17.4608
6457,15.331
6458,15.975
6459,15.2139
6460,17.4533
6461,16.6578
6462,15.4324
6463,16.0051
6464,12.3443
6465,17.1729
6466,16.2095
6467,17.739
6468,13.948
6469,16.3934
6470,14.9678
6471,14.4945
6472,13.1798
6473,16.4189
6474,15.641
6475,13.6484
6476,14.7302
6477,15.5136
6478,16.1743
6479,16.7328
6480,15.9053
6481,14.7945
6482,12.672
6483,13.7472
6484,17.7079
6485,15.4226
6486,14.0702
6487,16.4496
6488,17.32
6489,16.444
6490,13.1319
6491,16.6154
6492,13.756
6493,16.0933
6494,15.3213
6495,15.4601
6496,14.7842
6497,13.9328
6498,13.5426
6499,14.3148
6500,16.5001
6501,15.8152
6502,13.946
6503,13.8264
6504,16.3291
6505,14.7498
6506,14.5209
6507,17.4363
6508,14.2217
6509,14.9294
6510,15.3012
6511,16.6502
6512,15.7317
6513,14.889
6514,13.8256
6515,17.1447
6516,14.8472
6517,16.3702
6518,15.3243
6519,17.9982
6520,16.1838
6521,15.0684
6522,15.237
6523,15.0529
6524,18.5093
6525,17.2041
6526,14.4846
6527,15.9659
6528,12.8154
6529,18.2124
6530,16.1942
6531,15.2408
6532,17.8981
6533,15.7856
6534,15.54
6535,13.3607
6536,18.0365
6537,15.1104
6538,11.7311
6539,14.0322
6540,13.2931
6541,15.4175
6542,15.0075
6543,15.5081
6544,13.9756
6545,13.4578
6546,18.3722
6547,15.7937
6548,11.8389
6549,15.5479
6550,15.2065
6551,15.4673
6552,19.6302
6553,17.2589
6554,16.7491
6555,14.2257
6556,13.4521
6557,14.3493
6558,12.8062
6559,16.4534
6560,13.9451
6561,17.6289
6562,13.6048
6563,16.487
6564,14.7301
6565,14.63
6566,15.4899
6567,15.6687
6568,13.982
6569,18.1861
6570,15.7942
6571,13.0377
6572,16.6307
6573,15.8773
6574,17.1774
6575,15.7632
6576,14.0697
6577,15.9484
6578,14.9415
6579,17.4207
6580,14.5627
6581,18.4469
6582,17.1414
6583,14.9867
6584,16.2682
6585,15.344
6586,17.0277
6587,11.9162
6588,14.7848
6589,16.461
6590,16.2616
6591,18.3679
6592,14.3472
6593,15.963
6594,15.463
6595,15.3557
6596,18.0439
6597,15.025
6598,13.1042
6599,14.8386
6600,15.3939
6601,16.7805
6602,15.913
6603,15.3256
6604,16.4899
6605,15.0335
6606,15.1065
6607,13.6269
6608,13.0839
6609,18.4047
6610,16.9778
6611,15.9698
6612,18.292
6613,15.2047
6614,16.0121
6615,14.6634
6616,15.0088
6617,15.7103
6618,14.1186
6619,16.338
6620,19.2627
6621,14.4439
6622,14.2526
6623,16.053
6624,18.5669
6625,14.5909
6626,13.5468
6627,16.4052
6628,15.0584
6629,13.5171
6630,13.5652
6631,13.597
6632,15.8665
6633,11.8342
6634,17.3999
6635,16.9855
6636,14.8871
6637,13.8714
6638,13.2646
6639,17.6287
6640,11.2543
6641,14.6752
6642,15.0267
6643,13.2377
6644,15.4658
6645,18.5045
6646,15.7453
6647,16.6845
6648,15.3487
6649,16.7519
6650,13.7211
6651,13.351
6652,14.0922
6653,16.645
6654,13.6253
6655,14.8683
6656,13.4855
6657,13.407
6658,17.5179
6659,15.1607
6660,14.3174
6661,17.5749
6662,17.7853
6663,16.6687
6664,14.1023
6665,18.4402
6666,16.4011
6667,17.0355
6668,12.0196
6669,16.6613
6670,17.0873
6671,14.7807
6672,17.9762
6673,15.4923
6674,15.1539
6675,17.2623
6676,15.3279
6677,13.3602
6678,14.3091
6679,15.3089
6680,14.9569
6681,15.4206
6682,19.1366
6683,12.7389
6684,11.7961
6685,12.9966
6686,15.2245
6687,13.7693
6688,16.8734
6689,15.247
6690,15.5374
6691,17.9924
6692,17.7826
6693,15.4771
6694,15.8865
6695,17.508
6696,18.5149
6697,14.5984
6698,14.7568
6699,15.4794
6700,13.9667
6701,15.5061
6702,16.3187
6703,14.727
6704,13.0798
6705,12.7772
6706,16.3911
6707,13.3174
6708,19.2207
6709,17.4632
6710,18.0763
6711,14.5334
6712,15.0393
6713,13.5717
6714,14.3676
6715,19.1491
6716,13.484
6717,14.1258
6718,16.7013
6719,13.6571
6720,20.3199
6721,14.5217
6722,13.4571
6723,18.1819
6724,15.822
6725,16.5116
6726,17.5868
6727,18.6903
6728,12.2849
6729,17.4047
6730,14.2802
6731,14.9191
6732,16.1338
6733,14.3406
6734,15.7275
6735,16.7665
6736,17.7859
6737,16.0526
6738,14.9529
6739,18.3857
6740,13.9804
6741,18.236
6742,14.473
6743,14.6056
6744,13.7236
6745,13.8153
6746,15.5441
6747,15.2223
6748,16.9583
6749,13.7661
6750,19.1296
6751,13.6368
6752,14.9506
6753,14.0189
6754,14.0148
6755,13.9169
6756,14.5219
6757,18.2477
6758,14.0578
6759,16.6063
6760,17.9093
6761,16.0174
6762,15.1485
6763,15.3355
6764,12.9711
6765,12.6638
6766,17.3766
6767,16.8152
6768,15.4242
6769,13.5768
6770,17.5182
6771,14.3613
6772,16.4109
6773,12.8236
6774,12.9615
6775,14.3011
6776,17.9891
6777,14.8243
6778,18.1599
6779,15.3921
6780,13.4723
6781,17.1863
6782,14.7186
6783,12.4599
6784,14.6139
6785,14.52
6786,14.185
6787,15.7846
6788,15.5964
6789,15.7012
6790,15.5952
6791,14.1132
6792,14.5952
6793,19.0085
6794,15.3098
6795,14.2647
6796,14.686
6797,15.5616
6798,15.1045
6799,12.6088
6800,14.3798
6801,13.2031
6802,14.2665
6803,12.8631
6804,17.334
6805,14.5684
6806,17.0293
6807,14.2089
6808,14.8755
6809,16.0131
6810,16.3702
6811,11.4183
6812,14.8018
6813,15.0464
6814,14.6302
6815,13.5579
6816,17.0705
6817,17.1338
6818,16.0737
6819,14.993
6820,15.2725
6821,17.6045
6822,18.7854
6823,14.2884
6824,12.6397
6825,17.1412
6826,16.9239
6827,16.0927
6828,17.3
6829,13.9673
6830,13.5914
6831,10.078
6832,15.5761
6833,15.7521
6834,17.7357
6835,15.9471
6836,14.4106
6837,17.0054
6838,14.2478
6839,18.0312
6840,16.6179
6841,15.9233
6842,16.7024
6843,18.2646
6844,16.9945
6845,16.1243
6846,11.0975
6847,16.9028
6848,17.5374
6849,14.8893
6850,14.9791
6851,14.49
6852,17.1033
6853,15.5496
6854,14.4092
6855,16.0536
6856,14.7634
6857,19.0553
6858,13.3823
6859,15.3421
6860,20.1249
6861,15.5495
6862,15.052
6863,17.1395
6864,14.7252
6865,14.7364
6866,17.1403
6867,16.0885
6868,18.8128
6869,20.2774
6870,16.7673
6871,14.7604
6872,14.5289
6873,15.6914
6874,15.7155
6875,12.7506
6876,17.6183
6877,17.5506
6878,15.3522
6879,14.3152
6880,16.6575
6881,16.9025
6882,18.0375
6883,16.4975
6884,16.2463
6885,13.7479
6886,14.9996
6887,14.2579
6888,15.2622
6889,16.8661
6890,15.4647
6891,13.584
6892,15.136
6893,14.8423
6894,15.2206
6895,13.8299
6896,12.3098
6897,14.4662
6898,15.0908
6899,16.8538
6900,14.1658
6901,14.6507
6902,14.517
6903,17.7197
6904,17.5781
6905,14.8663
6906,11.0246
6907,16.1898
6908,15.3817
6909,16.2229
6910,13.287
6911,12.6638
6912,14.7201
6913,10.6559
6914,17.4803
6915,16.1413
6916,18.8625
6917,16.5327
6918,13.2114
6919,13.013
6920,14.5333
6921,15.6316
6922,16.6305
6923,15.0004
6924,15.5458
6925,15.4692
6926,14.2608
6927,15.5361
6928,16.92
6929,14.3653
6930,11.951
6931,15.382
6932,16.4756
6933,18.4049
6934,14.2166
6935,16.7244
6936,17.1577
6937,15.7974
6938,15.6095
6939,14.4414
6940,16.2963
6941,15.2691
6942,16.965
6943,15.6182
6944,16.8682
6945,15.9939
6946,15.9547
6947,15.5039
6948,15.3256
6949,15.0411
6950,17.7303
6951,17.5741
6952,14.6195
6953,13.8085
6954,13.4259
6955,14.3556
6956,14.3403
6957,14.5184
6958,16.8943
6959,13.2822
6960,14.1027
6961,13.7554
6962,16.1235
6963,11.6578
6964,16.8225
6965,13.2665
6966,17.9337
6967,16.0723
6968,14.4057
6969,17.1179
6970,17.6575
6971,12.9946
6972,14.8765
6973,14.3533
6974,11.6726
6975,14.2227
6976,16.8407
6977,15.915
6978,14.8958
6979,12.9146
6980,12.5297
6981,13.5272
6982,15.0967
6983,14.2063
6984,16.7539
6985,13.3046
6986,13.706
6987,16.3938
6988,14.8268
6989,14.3392
6990,14.3376
6991,16.7064
6992,15.2089
6993,13.9325
6994,17.9454
6995,14.121
6996,13.7465
6997,17.0861
6998,18.262
6999,13.2622
7000,14.9326
7001,16.2277
7002,15.7486
7003,19.6123
7004,16.6486
7005,13.2762
7006,13.4319
7007,13.6451
7008,12.5879
7009,15.9587
7010,15.1892
7011,16.8924
7012,19.7968
7013,13.4522
7014,14.5613
7015,18.7475
7016,16.7076
7017,12.6189
7018,13.3972
7019,13.2305
7020,19.1528
7021,12.0315
7022,15.8409
7023,11.9764
7024,13.3579
7025,14.8519
7026,15.2635
7027,16.892
7028,15.8219
7029,15.9523
7030,15.3093
7031,18.4899
7032,19.6692
7033,15.3871
7034,18.0447
7035,16.4645
7036,15.9893
7037,14.4798
7038,17.2627
7039,11.3373
7040,16.6216
7041,14.2384
7042,13.9059
7043,12.9612
7044,11.8824
7045,13.7162
7046,16.8827
7047,16.4837
7048,15.2855
7049,13.8546
7050,12.2998
7051,12.1949
7052,16.1074
7053,12.8822
7054,16.3392
7055,16.1768
7056,14.6358
7057,16.6683
7058,17.6447
7059,17.743
7060,15.0171
7061,16.6902
7062,14.7819
7063,17.5987
7064,16.7599
7065,13.2904
7066,13.9077
7067,18.7262
7068,14.5849
7069,16.6945
7070,18.083
7071,16.3958
7072,18.3719
7073,13.2679
7074,20.2969
7075,16.0022
7076,16.0704
7077,14.9927
7078,15.6286
7079,14.7653
7080,14.2948
7081,15.5492
7082,14.7124
7083,14.114
7084,13.0896
7085,15.7931
7086,13.9641
7087,17.2072
7088,15.079
7089,16.7077
7090,16.6244
7091,13.5451
7092,16.5301
7093,17.4577
7094,13.1371
7095,11.8994
7096,13.233
7097,15.2555
7098,14.4215
7099,16.8597
7100,16.2862
7101,14.8068
7102,15.908
7103,10.0079
7104,15.3959
7105,14.8237
7106,14.1801
7107,15.1985
7108,13.771
7109,14.2823
7110,14.7146
7111,15.5589
7112,14.6519
7113,16.9185
7114,15.5721
7115,15.5816
7116,13.0963
7117,16.45
7118,13.8696
7119,14.3144
7120,14.1339
7121,13.5267
7122,14.9928
7123,9.25521
7124,14.333
7125,15.5367
7126,15.2129
7127,16.105
7128,15.7868
7129,15.0275
7130,12.9711
7131,13.0509
7132,15.6953
7133,13.5714
7134,16.9957
7135,15.2397
7136,16.2556
7137,14.8216
7138,14.498
7139,15.9789
7140,15.2558
7141,18.7131
7142,13.2785
7143,17.8024
7144,14.5657
7145,12.093
7146,15.3046
7147,16.722
7148,15.1627
7149,17.159
7150,15.6459
7151,15.3304
7152,15.7401
7153,17.1107
7154,15.2198
7155,15.1183
7156,15.2755
7157,13.6697
7158,12.9358
7159,15.7496
7160,13.7779
7161,13.0356
7162,14.5063
7163,13.9245
7164,15.8597
7165,14.1586
7166,16.8218
7167,13.5454
7168,17.2884
7169,12.9291
7170,16.1144
7171,16.2544
7172,15.0095
7173,17.6545
7174,15.149
7175,13.0208
7176,15.7511
7177,15.983
7178,11.7889
7179,13.3983
7180,15.1578
7181,14.8287
7182,17.3824
7183,15.9238
7184,14.1518
7185,15.1775
7186,12.6091
7187,15.6189
7188,14.0294
7189,13.441
7190,17.1503
7191,14.7707
7192,17.2803
7193,13.0813
7194,15.6635
7195,15.0554
7196,14.2265
7197,17.9382
7198,14.0713
7199,15.7776
7200,19.4935
7201,17.1295
7202,13.7068
7203,12.467
7204,17.917
7205,15.4419
7206,16.1084
7207,15.0749
7208,14.8231
7209,10.9747
7210,14.7883
7211,15.8381
7212,17.9784
7213,12.7802
7214,17.5716
7215,15.8484
7216,17.2244
7217,14.646
7218,17.8053
7219,11.8225
7220,13.406
7221,17.5628
7222,13.0242
7223,17.07
7224,15.2216
7225,18.6213
7226,15.2974
7227,14.1203
7228,14.3
7229,16.8154
7230,16.9715
7231,16.4255
7232,13.7833
7233,12.9575
7234,17.3609
7235,15.4475
7236,16.5964
7237,16.0864
7238,12.767
7239,15.7846
7240,18.558
7241,14.5037
7242,19.4112
7243,15.9653
7244,13.6147
7245,12.993
7246,15.3406
7247,11.6411
7248,16.4685
7249,16.9268
7250,12.997
7251,12.7691
7252,15.2883
7253,15.0948
7254,13.2293
7255,14.3773
7256,17.1122
7257,16.6445
7258,16.8859
7259,20.6002
7260,12.9483
7261,14.5439
7262,15.6141
7263,13.9213
7264,13.5276
7265,16.1497
7266,17.4503
7267,17.4359
7268,13.0707
7269,15.5164
7270,14.9562
7271,11.9683
7272,14.4319
7273,14.1403
7274,17.7561
7275,15.1959
7276,17.3966
7277,14.5911
7278,15.9304
7279,16.2935
7280,18.2134
7281,15.0685
7282,14.5442
7283,14.5213
7284,11.5297
7285,16.6421
7286,17.5567
7287,15.796
7288,15.8769
7289,15.8872
7290,14.0871
7291,15.7415
7292,14.2129
7293,17.8591
7294,17.2074
7295,15.6161
7296,13.2378
7297,14.5696
7298,16.7249
7299,15.9696
7300,14.2638
7301,12.2681
7302,14.1329
7303,17.1069
7304,14.1513
7305,17.5359
7306,15.5503
7307,14.022
7308,13.8784
7309,15.8733
7310,13.0818
7311,15.5562
7312,17.5265
7313,12.6663
7314,16.0156
7315,12.9019
7316,14.4974
7317,15.0182
7318,17.3526
7319,13.4311
7320,17.3397
7321,15.3412
7322,14.48
7323,16.9518
7324,16.0457
7325,18.0456
7326,14.28
7327,18.5139
7328,14.8384
7329,15.8233
7330,14.3128
7331,15.7232
7332,14.1464
7333,12.4441
7334,16.9429
7335,13.5061
7336,16.4609
7337,15.8137
7338,18.9859
7339,17.5413
7340,15.3601
7341,15.5158
7342,14.6535
7343,13.6761
7344,14.6479
7345,11.9155
7346,16.2533
7347,14.5973
7348,17.8464
7349,17.8628
7350,17.5598
7351,11.9498
7352,20.9412
7353,17.262
7354,12.7432
7355,16.3653
7356,17.6668
7357,18.7593
7358,13.4744
7359,12.1943
7360,17.8749
7361,17.0034
7362,15.4381
7363,13.819
7364,13.4725
7365,14.1183
7366,12.7931
7367,13.1901
7368,17.2497
7369,15.9388
7370,18.1167
7371,14.5877
7372,15.1595
7373,15.8516
7374,15.6229
7375,19.0089
7376,17.2496
7377,17.2305
7378,13.7657
7379,13.5257
7380,13.0201
7381,15.8121
7382,17.1314
7383,15.1551
7384,17.1678
7385,16.743
7386,19.7217
7387,14.9171
7388,17.2991
7389,17.3011
7390,19.2488
7391,15.1625
7392,18.9567
7393,16.4299
7394,19.9435
7395,11.9296
7396,13.4721
7397,16.3884
7398,14.4264
7399,13.1153
7400,15.4179
7401,16.5567
7402,15.7106
7403,16.8224
7404,12.9347
7405,15.3323
7406,15.6911
7407,15.5728
7408,21.5434
7409,13.0782
7410,16.8233
7411,14.1614
7412,20.3651
7413,15.3953
7414,14.9243
7415,15.0505
7416,13.8298
7417,15.5687
7418,15.045
7419,16.4635
7420,17.1573
7421,15.2957
7422,16.307
7423,15.4408
7424,14.9733
7425,13.3433
7426,15.3022
7427,16.0116
7428,17.4035
7429,12.0654
7430,12.9553
7431,17.0954
7432,13.8153
7433,17.066
7434,15.9025
7435,16.5013
7436,14.866
7437,18.4621
7438,14.2708
7439,17.1391
7440,15.8582
7441,16.7188
7442,16.416
7443,15.3787
7444,15.4518
7445,15.9806
7446,14.9256
7447,13.6365
7448,15.2013
7449,12.7747
7450,14.5469
7451,16.1863
7452,12.827
7453,14.3853
7454,16.3306
7455,15.1347
7456,13.8306
7457,15.1633
7458,15.3884
7459,15.5305
7460,17.2929
7461,15.6852
7462,17.6399
7463,14.4917
7464,17.3369
7465,14.756
7466,14.8661
7467,15.51
7468,14.3032
7469,20.2015
7470,15.9702
7471,16.8849
7472,15.0604
7473,13.9569
7474,17.1236
7475,12.7973
7476,16.7121
7477,14.8551
7478,15.6149
7479,14.8071
7480,13.0444
7481,12.4814
7482,20.8962
7483,16.1273
7484,12.5486
7485,16.1288
7486,15.3818
7487,16.7448
7488,15.7225
7489,16.0999
7490,17.804
7491,14.7419
7492,12.7699
7493,17.4729
7494,16.8763
7495,15.7664
7496,11.5916
7497,15.581
7498,18.996
7499,15.9222
7500,14.6691
7501,13.4601
7502,16.0697
7503,18.717
7504,17.7354
7505,14.0572
7506,16.0012
7507,15.499
7508,16.0891
7509,11.8157
7510,13.6707
7511,16.2823
7512,16.1605
7513,15.3823
7514,16.7035
7515,17.2733
7516,12.0556
7517,14.8106
7518,11.4405
7519,14.6555
7520,14.4217
7521,11.992
7522,15.1998
7523,17.4641
7524,14.8948
7525,13.1568
7526,12.2782
7527,19.3043
7528,15.8034
7529,12.429
7530,15.6729
7531,14.8575
7532,13.7282
7533,18.3819
7534,16.7227
7535,17.1842
7536,15.3932
7537,14.6357
7538,15.108
7539,15.4473
7540,17.4208
7541,16.5843
7542,17.3452
7543,16.5272
7544,14.6122
7545,14.9159
7546,16.2542
7547,16.7774
7548,14.0017
7549,12.8148
7550,16.0983
7551,16.4105
7552,15.4674
7553,16.8033
7554,16.427
7555,13.9978
7556,13.6133
7557,15.4527
7558,15.6494
7559,16.8874
7560,17.1457
7561,14.9228
7562,15.189
7563,18.3645
7564,13.8389
7565,14.7955
7566,15.9458
7567,14.8132
7568,17.3435
7569,17.527
7570,12.7275
7571,15.4945
7572,14.2082
7573,17.884
7574,13.9709
7575,17.6674
7576,16.0204
7577,15.7227
7578,16.9905
7579,16.4013
7580,14.1955
7581,15.0107
7582,17.0413
7583,13.2983
7584,13.709
7585,11.7578
7586,16.8854
7587,14.1802
7588,13.9874
7589,17.4929
7590,16.9204
7591,13.4107
7592,15.0176
7593,12.5413
7594,12.1814
7595,15.4829
7596,11.9159
7597,17.2027
7598,12.759
7599,11.7115
7600,16.3523
7601,17.1352
7602,13.1827
7603,18.1298
7604,14.3423
7605,15.3152
7606,17.5488
7607,12.6761
7608,12.8598
7609,18.5681
7610,15.519
7611,15.1127
7612,15.1005
7613,16.3023
7614,15.9183
7615,15.8529
7616,12.4864
7617,18.0854
7618,15.0676
7619,15.5233
7620,13.6236
7621,13.1827
7622,13.6258
7623,14.262
7624,15.5875
7625,18.3181
7626,16.5423
7627,16.0462
7628,14.1407
7629,14.7571
7630,14.9599
7631,18.4245
7632,15.2082
7633,15.5857
7634,14.3306
7635,17.875
7636,16.5588
7637,15.7811
7638,16.9294
7639,14.7513
7640,18.9038
7641,15.2156
7642,14.4934
7643,17.1645
7644,13.6456
7645,13.6995
7646,14.2209
7647,15.8076
7648,15.0088
7649,15.8215
7650,16.3262
7651,15.8047
7652,14.8349
7653,18.7223
7654,13.2848
7655,18.2665
7656,18.5149
7657,16.251
7658,16.395
7659,14.7212
7660,17.136
7661,14.6044
7662,17.13
7663,14.7573
7664,10.675
7665,15.207
7666,13.9278
7667,16.8065
7668,18.2168
7669,13.3177
7670,14.3565
7671,16.1096
7672,14.2808
7673,12.0584
7674,16.2658
7675,18.9854
7676,16.4273
7677,13.854
7678,19.1139
7679,18.1954
7680,16.5193
7681,16.4921
7682,14.8969
7683,17.5023
7684,12.7127
7685,14.3359
7686,15.7725
7687,14.9557
7688,15.8406
7689,15.9447
7690,13.4457
7691,12.5658
7692,13.5398
7693,16.762
7694,14.8124
7695,17.8917
7696,16.3225
7697,12.8322
7698,15.2327
7699,14.1743
7700,17.1107
7701,18.2886
7702,17.6566
7703,16.8278
7704,12.7434
7705,19.8947
7706,14.4984
7707,16.8432
7708,17.3771
7709,14.8545
7710,12.5174
7711,13.8186
7712,14.8457
7713,11.9117
7714,16.2246
7715,13.4367
7716,14.6197
7717,14.959
7718,15.6628
7719,12.902
7720,16.9022
7721,16.1023
7722,16.4819
7723,15.9235
7724,13.2521
7725,20.1879
7726,17.8605
7727,14.4158
7728,12.0154
7729,13.1529
7730,15.4908
7731,13.6935
7732,14.3055
7733,15.5233
7734,12.9896
7735,13.8589
7736,16.8492
7737,12.7148
7738,16.262
7739,16.9507
7740,13.3552
7741,14.0329
7742,14.0021
7743,15.801
7744,12.4411
7745,16.6813
7746,16.0209
7747,14.9635
7748,15.9447
7749,15.3382
7750,16.4016
7751,12.531
7752,13.8801
7753,16.2925
7754,18.2782
7755,15.2528
7756,15.6406
7757,13.1869
7758,15.7648
7759,19.7919
7760,15.9183
7761,16.1301
7762,16.0749
7763,19.0123
7764,16.7101
7765,18.0486
7766,16.9613
7767,16.8768
7768,16.4977
7769,13.5835
7770,13.3369
7771,17.8808
7772,14.7396
7773,15.6754
7774,16.3031
7775,17.207
7776,17.7687
7777,17.3126
7778,16.5226
7779,15.8516
7780,15.3058
7781,13.8359
7782,11.6943
7783,15.7635
7784,15.7678
7785,15.4558
7786,14.7359
7787,16.2392
7788,15.4492
7789,14.6668
7790,15.7892
7791,14.1509
7792,13.4806
7793,14.5832
7794,15.1336
7795,14.6459
7796,16.3166
7797,16.703
7798,15.6663
7799,15.1409
7800,15.8559
7801,14.5464
7802,16.4517
7803,16.6494
7804,18.6924
7805,13.0016
7806,16.1619
7807,16.9224
7808,12.983
7809,15.4562
7810,12.7611
7811,17.9181
7812,13.7846
7813,16.6891
7814,17.9672
7815,17.8045
7816,12.8659
7817,17.7132
7818,13.0744
7819,19.3889
7820,18.358
7821,16.8416
7822,13.9102
7823,15.5342
7824,17.7134
7825,16.1967
7826,15.9227
7827,13.9468
7828,18.6989
7829,16.4971
7830,16.9381
7831,16.8556
7832,13.8342
7833,19.8867
7834,14.7636
7835,15.9052
7836,14.985
7837,15.4986
7838,13.8135
7839,14.8755
7840,16.0932
7841,17.6951
7842,16.9933
7843,15.1322
7844,13.705
7845,18.0832
7846,14.7487
7847,16.7137
7848,12.9734
7849,18.9698
7850,14.143
7851,18.9009
7852,15.3909
7853,16.5121
7854,15.224
7855,11.6131
7856,17.5467
7857,12.5576
7858,11.7256
7859,15.9078
7860,14.4342
7861,14.9369
7862,17.5974
7863,13.9724
7864,17.4803
7865,21.0045
7866,13.4612
7867,19.6887
7868,15.9582
7869,12.521
7870,15.9379
7871,17.2021
7872,14.249
7873,16.2216
7874,15.1063
7875,17.1797
7876,17.5821
7877,13.5242
7878,17.7258
7879,14.266
7880,12.9061
7881,18.6013
7882,16.683
7883,14.4169
7884,15.3077
7885,11.5525
7886,18.4777
7887,20.1212
7888,15.998
7889,16.5805
7890,13.2159
7891,16.7125
7892,15.9733
7893,13.2709
7894,17.5058
7895,14.1388
7896,16.955
7897,13.7318
7898,16.643
7899,14.9684
7900,17.2847
7901,14.357
7902,18.2366
7903,17.4731
7904,15.2335
7905,12.9394
7906,15.1453
7907,13.9987
7908,13.4234
7909,17.1184
7910,16.6807
7911,14.812
7912,14.4667
7913,16.4928
7914,13.3303
7915,12.1743
7916,15.7498
7917,14.6073
7918,16.5054
7919,15.3438
7920,16.9178
7921,15.0656
7922,13.8856
7923,17.1456
7924,17.618
7925,14.9778
7926,18.8039
7927,15.3978
7928,16.5252
7929,13.3707
7930,15.81
7931,16.0556
7932,16.5127
7933,17.2413
7934,14.8608
7935,16.0952
7936,15.059
7937,15.1324
7938,15.0735
7939,15.6932
7940,11.0564
7941,15.3952
7942,16.325
7943,15.5601
7944,13.5446
7945,15.0445
7946,16.7341
7947,14.5648
7948,14.0955
7949,16.1523
7950,16.7172
7951,15.5663
7952,14.0443
7953,18.6595
7954,14.3354
7955,15.1012
7956,14.191
7957,20.6653
7958,15.42
7959,14.547
7960,16.7989
7961,15.3921
7962,16.5837
7963,12.7569
7964,15.766
7965,14.1862
7966,13.4468
7967,14.2625
7968,15.0988
7969,17.6542
7970,18.2904
7971,15.9188
7972,17.1578
7973,16.4031
7974,13.935
7975,11.953
7976,16.194
7977,13.5797
7978,13.5719
7979,16.9022
7980,13.4292
7981,15.5878
7982,13.2199
7983,18.5551
7984,15.8394
7985,17.1039
7986,17.0922
7987,17.5292
7988,13.8516
7989,12.448
7990,14.586
7991,13.6432
7992,12.8263
7993,13.9814
7994,15.7509
7995,16.9276
7996,12.3639
7997,16.0525
7998,15.6866
7999,16.5761
8000,16.4912
8001,15.7661
8002,16.2541
8003,13.6265
8004,17.0877
8005,13.2328
8006,13.6226
8007,14.997
8008,16.1238
8009,16.1065
8010,17.0468
8011,15.4831
8012,16.7271
8013,16.3678
8014,16.2813
8015,19.0192
8016,14.7312
8017,13.8999
8018,19.5295
8019,16.8398
8020,15.439
8021,18.6264
8022,15.6827
8023,16.0614
8024,14.6028
8025,18.4016
8026,15.379
8027,16.192
8028,13.5553
8029,15.6078
8030,14.0243
8031,15.0795
8032,14.2071
8033,12.9592
8034,14.9359
8035,15.8607
8036,15.4643
8037,14.6635
8038,15.774
8039,18.2683
8040,15.9885
8041,16.8847
8042,16.4155
8043,14.6106
8044,13.3687
8045,14.7763
8046,15.8746
8047,15.7818
8048,15.6347
8049,12.8274
8050,16.8088
8051,12.0305
8052,14.1425
8053,13.425
8054,17.585
8055,12.183
8056,19.7627
8057,17.3592
8058,14.6504
8059,15.5152
8060,16.6875
8061,15.6192
8062,17.4769
8063,12.9886
8064,12.386
8065,14.0659
8066,14.4076
8067,16.3988
8068,15.0683
8069,14.0147
8070,15.7039
8071,12.1022
8072,17.9697
8073,14.4175
8074,16.7261
8075,15.6163
8076,19.6581
8077,15.0883
8078,14.9455
8079,14.4608
8080,18.2804
8081,18.8216
8082,14.0164
8083,19.6079
8084,15.0684
8085,17.2342
8086,16.0261
8087,15.7346
8088,13.7319
8089,15.9868
8090,14.7975
8091,15.5242
8092,9.94387
8093,16.2863
8094,16.992
8095,19.4768
8096,12.3239
8097,16.0467
8098,14.5975
8099,13.1538
8100,13.0727
8101,17.1942
8102,13.7708
8103,14.2598
8104,17.3534
8105,14.1438
8106,14.7683
8107,14.3111
8108,11.2683
8109,17.4515
8110,14.1413
8111,18.3532
8112,14.3501
8113,14.6942
8114,15.9065
8115,16.4782
8116,18.5259
8117,16.0825
8118,15.7888
8119,15.3163
8120,13.5204
8121,16.8041
8122,15.2382
8123,16.8851
8124,15.8149
8125,14.8056
8126,16.2861
8127,16.5624
8128,16.6709
8129,13.4295
8130,15.2712
8131,13.8103
8132,17.0358
8133,17.3577
8134,14.388
8135,17.1841
8136,15.5867
8137,15.1553
8138,13.8327
8139,14.3751
8140,14.9342
8141,14.1182
8142,13.8779
8143,15.1197
8144,12.7323
8145,16.7207
8146,18.9672
8147,16.5525
8148,14.7732
8149,15.3745
8150,15.9227
8151,12.4239
8152,16.9113
8153,16.8153
8154,15.5329
8155,13.2945
8156,18.5277
8157,18.4253
8158,13.8882
8159,15.4494
8160,15.6124
8161,15.7136
8162,13.631
8163,15.7499
8164,15.2975
8165,16.2111
8166,16.378
8167,16.6001
8168,15.4594
8169,18.4675
8170,17.0665
8171,18.5512
8172,14.0234
8173,19.7838
8174,14.3937
8175,15.8966
8176,14.4218
8177,10.4478
8178,15.6926
8179,13.4229
8180,14.341
8181,15.8161
8182,14.9128
8183,15.674
8184,16.3835
8185,14.1861
8186,17.0055
8187,14.1593
8188,15.1547
8189,15.6573
8190,14.0698
8191,16.5366
8192,13.0518
8193,14.5473
8194,15.8602
8195,16.0951
8196,13.5058
8197,15.1944
8198,17.0817
8199,17.009
8200,17.554
8201,16.878
8202,15.9502
8203,14.5741
8204,13.7066
8205,16.8791
8206,11.4973
8207,18.2723
8208,13.3095
8209,15.1651
8210,19.0621
8211,14.6537
8212,14.9978
8213,17.5592
8214,14.3964
8215,17.5381
8216,15.9255
8217,14.03
8218,16.7411
8219,16.1849
8220,18.3201
8221,13.6943
8222,18.5801
8223,14.6808
8224,14.2104
8225,17.417
8226,12.5176
8227,13.3376
8228,15.6797
8229,16.6156
8230,16.4972
8231,14.0029
8232,11.7173
8233,15.9466
8234,15.5158
8235,15.2042
8236,14.7421
8237,16.2913
8238,17.8202
8239,18.5372
8240,15.5491
8241,15.4205
8242,11.3428
8243,13.2808
8244,15.6183
8245,15.2546
8246,15.0997
8247,14.6366
8248,14.6633
8249,14.3109
8250,16.8572
8251,13.5043
8252,14.3481
8253,11.9284
8254,17.7115
8255,15.0999
8256,16.0033
8257,18.5093
8258,14.8309
8259,12.8113
8260,14.622
8261,18.3314
8262,13.3971
8263,11.0084
8264,14.4047
8265,18.011
8266,16.5666
8267,15.5816
8268,15.0625
8269,14.8089
8270,15.4724
8271,14.6577
8272,21.0673
8273,16.3922
8274,11.6813
8275,13.2778
8276,16.5122
8277,17.1923
8278,18.6388
8279,16.1691
8280,14.3038
8281,15.4253
8282,15.1309
8283,14.1212
8284,14.0605
8285,13.2549
8286,14.2688
8287,13.5298
8288,15.2625
8289,11.7774
8290,15.4745
8291,13.3877
8292,15.1483
8293,15.286
8294,14.9539
8295,11.8218
8296,19.2166
8297,16.2953
8298,19.5376
8299,17.5166
8300,16.5666
8301,16.6944
8302,13.3654
8303,14.8653
8304,16.684
8305,16.5614
8306,16.3094
8307,14.9127
8308,14.022
8309,18.2266
8310,16.5017
8311,15.1276
8312,17.4814
8313,13.6817
8314,18.3139
8315,16.7716
8316,15.4765
8317,15.371
8318,17.0645
8319,13.3329
8320,17.9421
8321,16.3669
8322,15.4001
8323,14.7783
8324,14.2593
8325,12.7209
8326,16.5108
8327,16.6329
8328,17.6767
8329,13.2289
8330,14.7927
8331,12.0956
8332,13.0307
8333,19.3769
8334,15.7905
8335,16.1913
8336,14.0869
8337,15.0836
8338,16.2928
8339,14.5302
8340,17.9728
8341,19.0346
8342,14.9419
8343,15.9361
8344,13.2337
8345,14.7689
8346,14.8111
8347,16.256
8348,12.1536
8349,16.3303
8350,17.0494
8351,15.9505
8352,17.2636
8353,14.4395
8354,14.5516
8355,15.5696
8356,14.8244
8357,18.1379
8358,17.4858
8359,15.2591
8360,12.4367
8361,16.804
8362,16.9316
8363,15.4557
8364,14.0249
8365,14.2824
8366,15.6383
8367,16.5139
8368,13.9451
8369,14.8112
8370,14.9294
8371,16.4892
8372,13.7257
8373,17.1187
8374,16.4375
8375,16.1165
8376,11.87
8377,13.3668
8378,16.1619
8379,18.1813
8380,13.8368
8381,12.9016
8382,14.9748
8383,15.3049
8384,17.6508
8385,16.182
8386,14.7669
8387,15.8609
8388,15.5393
8389,19.1089
8390,13.519
8391,17.5237
8392,13.7896
8393,17.1287
8394,15.5177
8395,15.3604
8396,17.1568
8397,18.1887
8398,13.0671
8399,15.6582
8400,18.2846
8401,17.3349
8402,13.4699
8403,15.4141
8404,17.4096
8405,16.2133
8406,14.78
8407,15.297
8408,11.2729
8409,18.2008
8410,13.6976
8411,17.0055
8412,15.8721
8413,15.9796
8414,13.9638
8415,14.1853
8416,14.4902
8417,11.4789
8418,14.5962
8419,17.0688
8420,13.5101
8421,17.0476
8422,16.9598
8423,13.6978
8424,17.7116
8425,14.6946
8426,18.9591
8427,16.8194
8428,14.7076
8429,15.8809
8430,13.6675
8431,16.5757
8432,14.9461
8433,21.3568
8434,12.8077
8435,15.4207
8436,18.4248
8437,14.6471
8438,14.7042
8439,11.9737
8440,18.4012
8441,13.7691
8442,13.8292
8443,17.0682
8444,13.6029
8445,17.2739
8446,15.0888
8447,14.2872
8448,14.5685
8449,15.9457
8450,15.1319
8451,12.3195
8452,17.6288
8453,15.0578
8454,11.7954
8455,16.9658
8456,14.6143
8457,15.9445
8458,14.8937
8459,14.5193
8460,11.0531
8461,14.6594
8462,14.9499
8463,15.1281
8464,16.222
8465,14.7896
8466,19.9773
8467,16.2304
8468,17.3159
8469,16.1885
8470,18.4293
8471,14.8277
8472,15.1739
8473,14.3062
8474,14.6395
8475,15.9855
8476,12.5033
8477,18.5989
8478,17.7362
8479,18.7038
8480,17.1989
8481,19.6336
8482,18.2467
8483,14.1559
8484,14.3051
8485,13.0366
8486,16.8873
8487,16.0584
8488,16.4669
8489,14.9175
8490,15.3578
8491,15.5413
8492,15.691
8493,15.8611
8494,13.5749
8495,16.5018
8496,14.6259
8497,13.7321
8498,14.6023
8499,17.5888
8500,15.8325
8501,14.2242
8502,16.8046
8503,15.2234
8504,15.4807
8505,16.057
8506,17.1434
8507,14.7563
8508,15.1203
8509,12.4842
8510,15.8682
8511,12.9505
8512,14.2403
8513,16.0299
8514,13.711
8515,15.3995
8516,12.6583
8517,14.404
8518,14.7779
8519,13.871
8520,14.7495
8521,12.945
8522,14.148
8523,14.9285
8524,16.8974
8525,18.2239
8526,16.11
8527,14.6308
8528,17.3161
8529,14.6127
8530,15.6479
8531,20.4302
8532,16.1851
8533,13.4388
8534,14.3004
8535,17.9491
8536,15.0842
8537,12.8503
8538,14.1438
8539,14.4129
8540,15.5866
8541,13.4798
8542,16.1437
8543,14.5496
8544,15.8736
8545,16.6191
8546,11.916
8547,16.9251
8548,15.2511
8549,15.7984
8550,19.121
8551,15.0318
8552,17.0894
8553,17.7138
8554,10.2293
8555,16.8357
8556,14.6202
8557,14.5762
8558,14.0569
8559,15.7999
8560,14.5011
8561,15.5204
8562,16.2994
8563,14.7821
8564,16.6705
8565,15.4735
8566,11.3744
8567,13.3393
8568,13.8982
8569,16.1409
8570,14.4837
8571,17.7361
8572,18.9229
8573,12.1367
8574,17.0355
8575,17.5663
8576,15.6859
8577,13.6173
8578,16.605
8579,16.5283
8580,12.606
8581,15.3249
8582,15.7414
8583,12.4907
8584,13.6983
8585,14.7766
8586,17.0342
8587,17.5552
8588,14.6588
8589,14.6112
8590,18.7736
8591,13.3182
8592,22.38
8593,13.4821
8594,15.2211
8595,14.1427
8596,15.9097
8597,17.2376
8598,15.1079
8599,12.9854
8600,14.9579
8601,14.4627
8602,16.9087
8603,15.9798
8604,11.2442
8605,17.3224
8606,16.3391
8607,14.3053
8608,15.6032
8609,18.7905
8610,14.6165
8611,19.7238
8612,16.2079
8613,17.7644
8614,12.3914
8615,14.8581
8616,14.1652
8617,15.6247
8618,15.8076
8619,16.175
8620,16.2138
8621,15.5566
8622,16.808
8623,17.7102
8624,16.4614
8625,16.8547
8626,14.1539
8627,13.6866
8628,14.6671
8629,16.4947
8630,20.2637
8631,15.4347
8632,13.5983
8633,15.2505
8634,16.119
8635,15.206
8636,18.3393
8637,13.9076
8638,17.6383
8639,16.3415
8640,17.2751
8641,15.1641
8642,14.4901
8643,12.5847
8644,16.8764
8645,16.4928
8646,16.9866
8647,18.2758
8648,15.0852
8649,13.9566
8650,16.6498
8651,17.3528
8652,17.4706
8653,18.2609
8654,14.405
8655,14.1305
8656,17.8901
8657,14.0613
8658,16.0377
8659,12.94
8660,16.0251
8661,18.0042
8662,15.5232
8663,16.7293
8664,16.6476
8665,17.3909
8666,14.9277
8667,16.2601
8668,14.5816
8669,13.8087
8670,15.5774
8671,14.2799
8672,14.1765
8673,15.3244
8674,13.2683
8675,16.4234
8676,14.6457
8677,13.0304
8678,17.7964
8679,15.2583
8680,17.3204
8681,14.7055
8682,12.9707
8683,15.114
8684,15.1254
8685,15.086
8686,16.7375
8687,14.4237
8688,13.127
8689,16.7548
8690,15.146
8691,14.9432
8692,13.7469
8693,13.3391
8694,15.9441
8695,13.1726
8696,14.0097
8697,15.3846
8698,17.0813
8699,17.5915
8700,13.8482
8701,16.7154
8702,15.1114
8703,15.9219
8704,14.4136
8705,16.8217
8706,17.1145
8707,15.1598
8708,13.1584
8709,13.9124
8710,18.5222
8711,14.0007
8712,14.6921
8713,15.6125
8714,13.1551
8715,16.7378
8716,14.1224
8717,19.3302
8718,11.676
8719,18.4771
8720,13.61
8721,18.94
8722,13.4611
8723,16.0217
8724,17.58
8725,16.4975
8726,17.4522
8727,15.0772
8728,12.925
8729,16.0603
8730,13.8823
8731,16.5317
8732,14.418
8733,12.9929
8734,15.1151
8735,14.7225
8736,13.7981
8737,17.1709
8738,14.5058
8739,18.1383
8740,14.5952
8741,15.5851
8742,19.7256
8743,14.3276
8744,15.1298
8745,14.563
8746,16.2234
8747,14.5113
8748,16.4649
8749,14.4646
8750,16.2634
8751,14.5034
8752,14.9715
8753,16.5674
8754,18.5265
8755,16.9158
8756,15.9433
8757,17.3207
8758,16.4726
8759,14.1055
8760,14.7348
8761,18.3317
8762,11.1848
8763,15.4982
8764,16.2195
8765,15.0046
8766,15.6068
8767,15.1744
8768,12.5332
8769,16.2443
8770,16.2199
8771,13.4867
8772,17.0214
8773,14.4237
8774,15.8817
8775,13.79
8776,14.2922
8777,17.3409
8778,14.4057
8779,15.4501
8780,17.571
8781,16.478
8782,16.0098
8783,14.0513
8784,14.4242
8785,17.3667
8786,17.4033
8787,18.6463
8788,15.217
8789,16.4774
8790,14.1252
8791,17.1694
8792,13.914
8793,14.128
8794,17.3391
8795,13.0634
8796,14.5904
8797,16.0409
8798,13.7524
8799,14.1384
8800,17.1364
8801,14.3021
8802,16.1492
8803,16.6467
8804,16.1403
8805,16.5938
8806,15.9837
8807,14.0742
8808,14.974
8809,15.5729
8810,15.4211
8811,16.4768
8812,14.1245
8813,16.4958
8814,14.346
8815,18.5329
8816,14.4945
8817,18.6167
8818,15.4539
8819,16.2349
8820,13.2429
8821,11.9801
8822,16.8533
8823,11.806
8824,13.9212
8825,17.4256
8826,15.3618
8827,17.0605
8828,14.4828
8829,12.8131
8830,14.1313
8831,11.1045
8832,18.4526
8833,13.7894
8834,14.3825
8835,15.1647
8836,16.0231
8837,13.5022
8838,16.8103
8839,15.6062
8840,18.8395
8841,15.5297
8842,15.9128
8843,15.2841
8844,18.7255
8845,12.4899
8846,15.417
8847,15.0348
8848,13.7297
8849,16.9426
8850,18.4841
8851,13.6908
8852,15.179
8853,14.8456
8854,16.3113
8855,17.3788
8856,13.4824
8857,11.081
8858,17.2416
8859,16.081
8860,13.4895
8861,16.7277
8862,13.1865
8863,18.069
8864,15.5869
8865,17.894
8866,15.7027
8867,15.6496
8868,12.3172
8869,15.0227
8870,15.4293
8871,13.902
8872,13.0785
8873,14.5633
8874,14.0999
8875,14.0105
8876,16.9808
8877,16.6793
8878,15.7633
8879,15.4772
8880,16.8759
8881,14.588
8882,17.9079
8883,14.4687
8884,18.3942
8885,17.927
8886,14.3653
8887,14.0112
8888,14.273
8889,16.3521
8890,15.15
8891,18.2299
8892,15.7763
8893,16.2117
8894,15.6098
8895,14.9188
8896,15.9157
8897,16.0365
8898,13.4647
8899,16.7597
8900,18.2867
8901,11.8196
8902,16.4882
8903,17.7423
8904,18.3142
8905,16.848
8906,15.6206
8907,16.1848
8908,16.0833
8909,19.834
8910,18.281
8911,16.3928
8912,15.7793
8913,17.1818
8914,15.6218
8915,16.0658
8916,13.4551
8917,13.657
8918,12.3021
8919,14.7826
8920,14.872
8921,14.2392
8922,12.8077
8923,17.1348
8924,17.6777
8925,17.3641
8926,13.8261
8927,16.2236
8928,16.8129
8929,15.8842
8930,14.8084
8931,16.5177
8932,17.0312
8933,13.2216
8934,12.6781
8935,15.7974
8936,15.3608
8937,17.1444
8938,15.3818
8939,14.9153
8940,11.3274
8941,19.277
8942,16.2252
8943,15.841
8944,16.0119
8945,18.1476
8946,14.2695
8947,19.3361
8948,14.5163
8949,16.0654
8950,16.1729
8951,15.5569
8952,13.6969
8953,19.7895
8954,15.4981
8955,14.9561
8956,14.8079
8957,20.0519
8958,18.0023
8959,15.1895
8960,15.9398
8961,18.407
8962,15.7119
8963,14.028
8964,16.7275
8965,21.2746
8966,14.961
8967,12.5382
8968,18.7744
8969,16.3712
8970,12.4921
8971,15.9179
8972,18.0214
8973,16.718
8974,16.1407
8975,14.9637
8976,15.6893
8977,13.8073
8978,16.2618
8979,17.3352
8980,15.7839
8981,13.2764
8982,15.3611
8983,13.5025
8984,15.6467
8985,12.2611
8986,15.7672
8987,13.7609
8988,12.7388
8989,16.3279
8990,14.6212
8991,18.4599
8992,13.9634
8993,11.8558
8994,14.1055
8995,13.6085
8996,11.9946
8997,16.6926
8998,17.4453
8999,16.4039
9000,11.9483
9001,15.4611
9002,14.5865
9003,15.7697
9004,14.1686
9005,16.2196
9006,16.6134
9007,18.8198
9008,15.1286
9009,17.8845
9010,12.6901
9011,17.0499
9012,15.4617
9013,15.6564
9014,15.3751
9015,14.3122
9016,17.5468
9017,10.9556
9018,13.0117
9019,16.2768
9020,16.5983
9021,15.0247
9022,12.5143
9023,14.0792
9024,14.1644
9025,16.7467
9026,15.5103
9027,14.6401
9028,14.916
9029,15.5837
9030,16.3895
9031,15.8488
9032,12.4722
9033,14.8471
9034,16.6735
9035,13.7217
9036,17.7147
9037,16.4945
9038,17.6848
9039,16.6028
9040,16.1625
9041,19.7331
9042,15.9959
9043,14.3714
9044,13.3734
9045,13.1288
9046,18.5998
9047,19.0916
9048,16.1781
9049,16.1962
9050,15.5105
9051,14.3619
9052,13.5139
9053,17.2876
9054,11.9987
9055,13.3406
9056,17.9886
9057,11.7689
9058,14.6225
9059,14.1776
9060,16.4099
9061,16.9668
9062,13.244
9063,14.9285
9064,13.8901
9065,16.1078
9066,15.4379
9067,15.8432
9068,13.0462
9069,14.8021
9070,17.0062
9071,15.1501
9072,15.9365
9073,12.9829
9074,14.5194
9075,13.9575
9076,15.2803
9077,14.0587
9078,14.2821
9079,15.2401
9080,14.2571
9081,14.7142
9082,14.1923
9083,13.3152
9084,15.8656
9085,15.6793
9086,14.4679
9087,21.3014
9088,20.4135
9089,11.2909
9090,15.5109
9091,17.4998
9092,15.3565
9093,16.1223
9094,14.7017
9095,15.4554
9096,16.6113
9097,14.6999
9098,16.73
9099,14.8979
9100,14.9477
9101,15.1101
9102,14.7603
9103,17.3938
9104,16.3293
9105,15.5044
9106,11.7898
9107,15.0025
9108,16.9974
9109,14.5026
9110,16.24
9111,15.8184
9112,15.1213
9113,12.0641
9114,13.3037
9115,16.2631
9116,13.9907
9117,12.4187
9118,15.8228
9119,16.7089
9120,14.2854
9121,15.9683
9122,12.3199
9123,16.5265
9124,15.7404
9125,14.9482
9126,16.8081
9127,17.4612
9128,16.8227
9129,18.162
9130,16.6299
9131,14.3377
9132,17.0347
9133,13.8139
9134,15.7915
9135,12.3707
9136,16.4044
9137,11.3763
9138,16.1168
9139,18.261
9140,15.5946
9141,15.1461
9142,13.3449
9143,12.6718
9144,15.2777
9145,16.5634
9146,18.914
9147,16.5833
9148,14.379
9149,13.816
9150,13.6426
9151,18.6097
9152,18.1775
9153,15.821
9154,15.2698
9155,13.957
9156,18.472
9157,15.7424
9158,16.2136
9159,16.0772
9160,16.9456
9161,16.4641
9162,13.5858
9163,14.5055
9164,15.0959
9165,16.232
9166,17.1791
9167,17.9007
9168,17.1219
9169,14.8332
9170,14.7676
9171,13.0251
9172,14.4416
9173,14.1711
9174,12.7984
9175,15.082
9176,16.7265
9177,13.463
9178,14.1437
9179,16.4686
9180,15.5184
9181,17.8964
9182,12.8366
9183,17.5386
9184,15.6776
9185,13.8124
9186,13.775
9187,14.8149
9188,14.9606
9189,17.0624
9190,17.2909
9191,15.6512
9192,15.7266
9193,13.9815
9194,13.2605
9195,17.2386
9196,15.0335
9197,16.5427
9198,12.527
9199,17.6616
9200,11.9384
9201,15.4245
9202,20.8307
9203,14.7249
9204,16.9137
9205,12.9264
9206,17.1564
9207,13.026
9208,14.2685
9209,17.3954
9210,12.632
9211,16.0596
9212,18.1078
9213,16.7958
9214,14.6619
9215,13.8032
9216,17.3286
9217,17.0233
9218,17.5502
9219,13.5561
9220,14.042
9221,15.3756
9222,16.1708
9223,14.2014
9224,16.8393
9225,13.6139
9226,18.3887
9227,15.7373
9228,16.4862
9229,17.4097
9230,18.106
9231,13.01
9232,15.2263
9233,14.0032
9234,13.9884
9235,14.8818
9236,14.9067
9237,12.8397
9238,17.299
9239,12.8117
9240,17.5657
9241,17.7463
9242,16.9561
9243,16.8427
9244,18.0498
9245,18.3589
9246,18.1724
9247,17.3998
9248,14.8658
9249,15.2536
9250,16.1785
9251,14.2619
9252,12.5872
9253,15.9506
9254,16.2805
9255,17.7999
9256,15.0531
9257,15.2355
9258,15.5646
9259,13.4449
9260,15.7726
9261,21.5292
9262,16.9685
9263,14.2205
9264,15.5876
9265,12.7787
9266,16.0893
9267,13.7047
9268,15.8148
9269,14.394
9270,15.5068
9271,15.3411
9272,18.1179
9273,16.5236
9274,16.5425
9275,15.7866
9276,15.5304
9277,15.4197
9278,14.1879
9279,15.6724
9280,15.6038
9281,17.5998
9282,14.7234
9283,15.7913
9284,15.6068
9285,17.434
9286,14.6301
9287,14.045
9288,20.2958
9289,12.9456
9290,14.8648
9291,14.2434
9292,16.0365
9293,16.6218
9294,15.6208
9295,13.1712
9296,16.4899
9297,15.3744
9298,16.0248
9299,15.8966
9300,14.7838
9301,16.4613
9302,16.4492
9303,13.9128
9304,16.6706
9305,16.4788
9306,16.1761
9307,15.6611
9308,14.3188
9309,15.0316
9310,18.3025
9311,13.6253
9312,19.186
9313,11.8037
9314,13.0494
9315,14.3081
9316,13.2962
9317,16.9657
9318,16.4612
9319,12.7377
9320,15.8545
9321,16.9105
9322,16.9018
9323,14.3772
9324,16.8279
9325,17.4226
9326,17.316
9327,10.4938
9328,13.8148
9329,12.6287
9330,16.6103
9331,15.4934
9332,14.6546
9333,12.7615
9334,15.4452
9335,14.0873
9336,14.3213
9337,14.9541
9338,16.1453
9339,15.7616
9340,17.5387
9341,14.0172
9342,14.3603
9343,16.6705
9344,15.3363
9345,16.3242
9346,15.2236
9347,17.6196
9348,17.2558
9349,16.2305
9350,15.0998
9351,16.6674
9352,13.8636
9353,18.5206
9354,16.0969
9355,15.2143
9356,18.2836
9357,14.1929
9358,13.1995
9359,13.2562
9360,13.7243
9361,18.4619
9362,14.4697
9363,14.2847
9364,16.0003
9365,14.2623
9366,15.7039
9367,16.4866
9368,12.6544
9369,16.4859
9370,20.2909
9371,19.2629
9372,15.8977
9373,15.7753
9374,14.5818
9375,18.0388
9376,15.9663
9377,15.9099
9378,18.8011
9379,15.24
9380,14.1503
9381,18.0277
9382,16.6876
9383,15.4749
9384,16.512
9385,16.5414
9386,15.3105
9387,15.4508
9388,13.8938
9389,13.1824
9390,15.3587
9391,16.4108
9392,17.8342
9393,16.7289
9394,13.857
9395,17.7149
9396,16.8996
9397,11.0413
9398,15.1875
9399,17.5735
9400,19.9033
9401,15.2497
9402,16.1628
9403,16.5671
9404,16.7274
9405,14.5786
9406,19.5829
9407,13.9409
9408,14.5804
9409,17.0109
9410,14.6743
9411,12.9267
9412,16.2046
9413,17.9158
9414,14.0234
9415,16.8844
9416,12.2157
9417,16.6136
9418,14.885
9419,15.7673
9420,14.675
9421,14.3279
9422,14.3355
9423,15.4083
9424,13.4803
9425,15.4793
9426,15.0107
9427,17.9537
9428,16.4117
9429,13.5788
9430,12.9348
9431,16.7171
9432,17.8944
9433,16.2804
9434,15.7509
9435,13.1003
9436,14.2338
9437,13.7422
9438,13.2908
9439,11.0043
9440,13.2159
9441,16.5347
9442,17.5282
9443,16.7764
9444,17.5977
9445,13.5504
9446,16.4973
9447,15.7837
9448,21.5969
9449,16.6796
9450,16.1503
9451,13.9064
9452,17.6368
9453,17.2797
9454,15.5946
9455,17.1656
9456,17.3549
9457,13.7227
9458,15.8757
9459,13.7087
9460,16.089
9461,13.2009
9462,14.2394
9463,17.1501
9464,20.8625
9465,18.0763
9466,14.1826
9467,18.2585
9468,14.0486
9469,13.8739
9470,17.23
9471,17.8855
9472,16.2674
9473,16.4095
9474,13.901
9475,16.8785
9476,12.2041
9477,15.8087
9478,14.313
9479,16.8814
9480,14.146
9481,13.9676
9482,18.845
9483,13.0444
9484,14.9029
9485,18.6602
9486,15.3432
9487,15.6305
9488,18.7516
9489,12.7707
9490,17.4011
9491,16.0697
9492,16.4288
9493,13.1292
9494,15.4291
9495,13.4589
9496,12.8173
9497,17.0617
9498,14.4881
9499,16.04
9500,19.1415
9501,13.4373
9502,17.6697
9503,12.1799
9504,15.9184
9505,15.0096
9506,13.78
9507,14.3696
9508,17.3903
9509,13.5311
9510,17.5379
9511,12.5926
9512,14.1334
9513,18.2403
9514,15.4564
9515,15.1496
9516,16.0388
9517,16.736
9518,14.7373
9519,17.8405
9520,17.3577
9521,15.702
9522,14.032
9523,16.5952
9524,16.9012
9525,16.2185
9526,16.5339
9527,17.5594
9528,19.334
9529,19.4255
9530,15.7578
9531,13.767
9532,13.7315
9533,15.3868
9534,16.5497
9535,16.3864
9536,18.097
9537,15.0515
9538,18.4676
9539,14.4609
9540,13.3876
9541,15.3133
9542,15.5795
9543,15.1241
9544,16.8193
9545,15.0375
9546,14.7369
9547,13.8651
9548,16.9743
9549,12.1494
9550,17.6251
9551,17.1736
9552,16.165
9553,14.4442
9554,14.0456
9555,13.9462
9556,15.8479
9557,14.0571
9558,16.5241
9559,19.0047
9560,12.6106
9561,17.7027
9562,19.1964
9563,18.6454
9564,15.8211
9565,16.0291
9566,15.8157
9567,17.4919
9568,12.6856
9569,14.288
9570,14.3405
9571,16.6962
9572,17.0973
9573,14.9663
9574,14.2366
9575,16.7476
9576,16.3281
9577,17.231
9578,13.647
9579,14.546
9580,15.3716
9581,14.1576
9582,15.9258
9583,12.2626
9584,15.193
9585,15.0685
9586,13.7104
9587,19.4289
9588,13.0878
9589,14.6744
9590,14.2603
9591,14.5311
9592,13.7473
9593,17.2877
9594,18.8149
9595,14.8807
9596,17.5253
9597,17.1937
9598,14.2547
9599,12.8205
9600,12.8717
9601,15.6256
9602,13.769
9603,16.3545
9604,18.2165
9605,12.0322
9606,13.5181
9607,13.7728
9608,13.787
9609,15.2339
9610,14.1562
9611,14.5214
9612,18.6886
9613,16.8422
9614,14.3709
9615,15.4056
9616,12.9882
9617,13.7872
9618,13.4521
9619,14.8121
9620,16.4076
9621,13.6871
9622,17.2542
9623,13.2009
9624,15.3192
9625,13.0718
9626,19.0392
9627,18.3929
9628,14.2564
9629,11.8407
9630,13.5865
9631,13.8732
9632,15.472
9633,14.3593
9634,15.5929
9635,19.7172
9636,16.2527
9637,14.8256
9638,14.9414
9639,16.6747
9640,15.45
9641,12.0299
9642,17.8291
9643,13.0372
9644,15.7919
9645,15.2884
9646,15.2875
9647,17.6413
9648,15.3201
9649,15.6349
9650,17.2147
9651,15.8189
9652,15.3981
9653,16.2983
9654,14.2677
9655,14.9036
9656,13.7184
9657,12.5887
9658,15.5012
9659,18.5732
9660,17.9988
9661,17.0161
9662,14.8897
9663,14.2049
9664,14.7588
9665,13.8028
9666,13.89
9667,13.1658
9668,16.8914
9669,14.4608
9670,15.0552
9671,12.899
9672,13.6378
9673,13.6716
9674,15.7742
9675,17.1579
9676,13.1831
9677,17.6672
9678,13.3458
9679,16.0824
9680,15.658
9681,13.6355
9682,15.4812
9683,13.1111
9684,14.5751
9685,13.9391
9686,14.0325
9687,12.4596
9688,13.9529
9689,15.5571
9690,15.9241
9691,19.0933
9692,14.4401
9693,17.7678
9694,15.4925
9695,13.7695
9696,17.4205
9697,13.7568
9698,13.8152
9699,15.2428
9700,14.9338
9701,15.7477
9702,13.4857
9703,13.6943
9704,16.0106
9705,16.0705
9706,14.1644
9707,13.3857
9708,15.0622
9709,12.8415
9710,15.8973
9711,13.5929
9712,18.1662
9713,12.4032
9714,14.2743
9715,16.526
9716,13.5702
9717,16.4564
9718,17.4519
9719,15.0716
9720,14.6349
9721,14.0165
9722,15.6722
9723,16.7715
9724,16.6327
9725,17.1251
9726,13.6504
9727,16.8525
9728,12.0785
9729,16.6222
9730,12.9324
9731,15.4713
9732,17.3061
9733,19.3243
9734,17.9304
9735,14.1435
9736,17.0325
9737,17.9083
9738,13.3317
9739,14.3517
9740,15.3016
9741,18.5225
9742,15.6975
9743,14.0147
9744,16.1807
9745,15.8065
9746,15.2718
9747,16.0047
9748,16.5479
9749,15.6137
9750,13.1392
9751,12.7952
9752,15.3623
9753,14.7228
9754,13.2543
9755,16.6592
9756,14.8768
9757,16.7971
9758,14.299
9759,16.6899
9760,15.2536
9761,12.0656
9762,18.1971
9763,18.4335
9764,13.6675
9765,14.2934
9766,17.9967
9767,14.6928
9768,15.0328
9769,14.3355
9770,14.2255
9771,13.1757
9772,15.7357
9773,16.1916
9774,14.3011
9775,17.5337
9776,13.9967
9777,14.0603
9778,14.8466
9779,15.756
9780,13.8002
9781,17.5639
9782,13.5276
9783,15.9014
9784,15.1436
9785,17.0023
9786,12.0933
9787,13.9679
9788,15.0609
9789,17.5295
9790,14.5115
9791,15.2982
9792,14.285
9793,17.0599
9794,13.1726
9795,16.2525
9796,15.1348
9797,14.5467
9798,16.3689
9799,13.0563
9800,17.2324
9801,20.1352
9802,16.8655
9803,13.1172
9804,15.5806
9805,13.5081
9806,15.5818
9807,18.5014
9808,16.964
9809,17.7763
9810,18.3081
9811,16.3544
9812,13.7959
9813,16.4123
9814,15.9678
9815,18.5828
9816,14.2299
9817,13.8224
9818,12.033
9819,17.8184
9820,13.6649
9821,16.6964
9822,15.5263
9823,16.4478
9824,15.7798
9825,17.0332
9826,14.8822
9827,14.2342
9828,16.3657
9829,17.0218
9830,16.1164
9831,16.9445
9832,16.2668
9833,13.0366
9834,14.2742
9835,13.5706
9836,18.5534
9837,13.5521
9838,12.0963
9839,13.9901
9840,16.4365
9841,13.3652
9842,15.7881
9843,13.7452
9844,16.8411
9845,16.7278
9846,15.5153
9847,16.4689
9848,13.3242
9849,17.8864
9850,16.3793
9851,15.5289
9852,16.2231
9853,12.0039
9854,16.145
9855,16.4759
9856,15.7611
9857,12.7885
9858,14.6579
9859,14.7508
9860,18.0241
9861,16.1997
9862,14.8495
9863,13.4395
9864,14.898
9865,14.9525
9866,18.6009
9867,14.1685
9868,12.9537
9869,16.3053
9870,15.1734
9871,12.5477
9872,14.3209
9873,16.7886
9874,20.2041
9875,15.7661
9876,15.5894
9877,13.2044
9878,13.8865
9879,18.3705
9880,14.4027
9881,17.5832
9882,15.6275
9883,14.841
9884,12.8628
9885,15.2262
9886,13.6594
9887,16.383
9888,13.0953
9889,14.5941
9890,16.9181
9891,17.2211
9892,19.7241
9893,18.2791
9894,12.1221
9895,13.6655
9896,14.9558
9897,17.8177
9898,16.4568
9899,16.3378
9900,13.2084
9901,15.4474
9902,16.774
9903,15.4111
9904,15.1333
9905,16.2193
9906,15.225
9907,13.4878
9908,11.7205
9909,13.9013
9910,15.2501
9911,14.4938
9912,13.4334
9913,15.8301
9914,14.5359
9915,16.0674
9916,14.3823
9917,13.6139
9918,17.8048
9919,16.2796
9920,13.6988
9921,14.0367
9922,17.0149
9923,15.1929
9924,17.0859
9925,12.8074
9926,16.3368
9927,15.4767
9928,14.1761
9929,12.7125
9930,16.5099
9931,15.2925
9932,17.4164
9933,13.9361
9934,18.554
9935,15.4671
9936,13.2575
9937,12.8873
9938,12.0903
9939,13.6675
9940,14.1521
9941,13.8532
9942,14.9751
9943,17.7858
9944,15.7456
9945,14.8352
9946,16.4112
9947,16.3374
9948,16.1485
9949,13.9705
9950,14.615
9951,12.0153
9952,16.4727
9953,17.6944
9954,17.4044
9955,13.1254
9956,16.7606
9957,17.4673
9958,16.7527
9959,14.3211
9960,17.6979
9961,16.9516
9962,14.0232
9963,16.4809
9964,14.6128
9965,15.2152
9966,16.9644
9967,15.6222
9968,14.379
9969,15.6133
9970,14.1391
9971,14.8281
9972,17.3843
9973,14.8334
9974,14.8578
9975,15.0688
9976,17.8414
9977,12.1246
9978,16.5586
9979,13.761
9980,12.505
9981,14.5041
9982,17.5188
9983,15.883
9984,15.2402
9985,16.436
9986,16.9167
9987,15.3855
9988,15.4796
9989,13.6502
9990,17.8349
9991,16.6811
9992,14.8122
9993,14.9392
9994,14.425
9995,13.4797
9996,15.5738
9997,11.7861
9998,17.4425
9999,16.7683
10000,13.6978
