i,discounted
1,10.8402
2,23.3934
3,15.5384
4,21.2799
5,2.54544
6,0.484618
7,22.272
8,17.0447
9,38.643
10,8.0723
11,15.4273
12,26.132
13,20.4238
14,35.9948
15,5.3197
16,7.63998
17,12.6843
18,0
19,20.0264
20,20.9008
21,18.6903
22,12.7454
23,7.62601
24,6.33994
25,8.92926
26,15.1647
27,13.8436
28,3.52523
29,0
30,16.0581
31,4.54179
32,39.4174
33,18.0828
34,11.3496
35,7.8072
36,19.6112
37,5.3582
38,24.0601
39,10.761
40,3.5208
41,5.19308
42,24.3425
43,9.33294
44,1.34806
45,9.57225
46,0
47,22.0042
48,12.9382
49,20.0481
50,8.79748
51,3.98724
52,24.811
53,0.675966
54,5.8419
55,3.68783
56,13.6603
57,22.306
58,10.4589
59,16.351
60,4.59828
61,20.8893
62,0
63,0
64,22.4867
65,17.4735
66,0
67,33.9588
68,10.5809
69,9.47962
70,12.3943
71,28.5736
72,21.488
73,17.1752
74,9.22946
75,0.511842
76,30.8166
77,17.7744
78,15.0987
79,0
80,18.2248
81,14.238
82,28.8442
83,0
84,7.28494
85,4.77774
86,7.30832
87,10.9891
88,1.51311
89,11.6982
90,17.6316
91,4.20345
92,14.0054
93,12.8681
94,2.5923
95,27.1417
96,0
97,10.274
98,7.2336
99,44.436
100,14.5287
101,5.60536
102,7.27858
103,33.6676
104,0.238609
105,16.3945
106,16.549
107,12.5172
108,12.5726
109,17.3781
110,29.7413
111,4.02737
112,7.57278
113,26.8358
114,6.71501
115,0
116,10.4188
117,11.9231
118,12.8629
119,19.7827
120,27.148
121,17.7947
122,3.03773
123,7.12264
124,6.13734
125,8.24351
126,15.912
127,9.1738
128,0
129,0
130,19.1374
131,19.5741
132,26.8275
133,16.9493
134,10.1896
135,23.5661
136,36.277
137,0
138,0
139,49.4155
140,16.2265
141,9.46783
142,0
143,28.7905
144,0.049642
145,0
146,22.9386
147,34.4714
148,17.4068
149,0
150,28.7951
151,0
152,15.6729
153,2.0623
154,0
155,8.21398
156,6.00282
157,1.44244
158,0
159,9.81219
160,4.86295
161,0
162,22.7966
163,11.6034
164,27.9633
165,3.07924
166,6.11831
167,12.3778
168,0
169,14.042
170,19.4784
171,9.89807
172,13.0385
173,0
174,4.6869
175,7.88051
176,19.6216
177,2.05674
178,1.73086
179,1.64846
180,9.99635
181,13.6321
182,0
183,20.9394
184,18.7799
185,26.8883
186,17.7636
187,3.17675
188,0
189,1.12959
190,19.6014
191,27.799
192,10.2816
193,9.42643
194,16.9937
195,11.5002
196,37.8218
197,7.95636
198,7.40518
199,7.13018
200,12.2022
201,29.9103
202,25.9052
203,2.18488
204,17.6011
205,16.2437
206,9.12486
207,24.6877
208,5.00189
209,0
210,0
211,21.0355
212,30.5704
213,9.34801
214,36.7888
215,7.35797
216,21.7349
217,3.83984
218,15.1942
219,0
220,13.3665
221,13.7611
222,9.97351
223,17.6958
224,24.6759
225,15.3517
226,17.3646
227,8.01036
228,2.17831
229,10.5373
230,11.3782
231,12.6971
232,13.6677
233,14.2003
234,5.97361
235,11.7826
236,8.3352
237,22.8161
238,4.68607
239,0
240,0
241,41.921
242,0
243,22.7235
244,7.31977
245,2.77446
246,9.05786
247,9.13892
248,6.26672
249,16.7112
250,35.7896
251,15.6296
252,28.5551
253,10.9004
254,5.65014
255,4.53319
256,8.01154
257,11.0228
258,20.6505
259,14.5481
260,32.0053
261,30.0739
262,0
263,11.3778
264,13.9964
265,15.8623
266,5.93123
267,19.9315
268,24.2029
269,0
270,15.8525
271,20.5176
272,13.0341
273,23.2931
274,18.0879
275,15.1298
276,18.8013
277,20.5934
278,5.33307
279,25.4664
280,16.2274
281,36.9941
282,16.9477
283,22.9841
284,1.27564
285,11.0607
286,0
287,7.4956
288,10.2991
289,6.8536
290,12.2892
291,18.2246
292,6.40882
293,9.90787
294,0
295,13.7634
296,34.0033
297,28.5181
298,5.13273
299,9.08058
300,7.6866
301,9.4686
302,21.2827
303,28.0869
304,25.3045
305,33.4209
306,26.6464
307,5.02525
308,2.43153
309,10.6142
310,38.5185
311,31.0724
312,0
313,31.8514
314,7.5298
315,0
316,10.4801
317,7.82085
318,12.8393
319,10.6556
320,6.47581
321,11.8456
322,11.1339
323,15.2887
324,11.1435
325,32.7725
326,12.3569
327,4.89533
328,14.8662
329,2.36684
330,14.3413
331,22.4018
332,14.5999
333,25.938
334,9.10475
335,0.0247447
336,14.3578
337,28.1505
338,8.19758
339,18.5728
340,30.3502
341,4.58659
342,3.18515
343,13.9636
344,32.3817
345,0.962106
346,22.9733
347,25.9475
348,7.21322
349,11.6454
350,4.87453
351,33.876
352,8.12395
353,0
354,0
355,1.40685
356,0
357,4.6904
358,8.43292
359,3.21242
360,0
361,17.8693
362,25.143
363,22.9185
364,25.41
365,0
366,3.88639
367,25.5099
368,4.05049
369,10.6018
370,5.89583
371,17.7301
372,22.7569
373,15.5714
374,9.39711
375,14.2782
376,12.0064
377,13.9187
378,13.4634
379,31.1114
380,0.601894
381,23.2118
382,9.4785
383,16.1089
384,8.52302
385,16.414
386,1.19422
387,5.55986
388,19.4684
389,19.3399
390,16.3428
391,11.9023
392,13.4395
393,7.77062
394,31.6716
395,0
396,12.8187
397,12.5451
398,16.0334
399,21.3241
400,8.00589
401,18.8428
402,21.5047
403,20.7303
404,8.69843
405,24.6719
406,19.9338
407,0
408,1.29473
409,12.0479
410,14.6994
411,0
412,2.18915
413,0
414,9.19785
415,1.60982
416,3.77166
417,12.0694
418,0
419,0
420,11.1641
421,15.3843
422,12.2969
423,25.4381
424,2.09117
425,15.1128
426,2.00278
427,22.9844
428,38.6293
429,24.8321
430,20.6692
431,2.97817
432,5.24028
433,1.06655
434,14.1596
435,9.27504
436,23.5888
437,12.7136
438,1.80447
439,0
440,6.50168
441,9.62409
442,23.6369
443,8.72826
444,12.9636
445,11.1887
446,20.801
447,7.73697
448,18.3505
449,16.1295
450,7.7478
451,28.3303
452,7.89044
453,0
454,14.1062
455,17.8174
456,9.26849
457,1.32804
458,8.93968
459,11.5205
460,0
461,9.63074
462,22.0674
463,23.8385
464,6.71174
465,17.7578
466,23.5155
467,3.97192
468,6.62872
469,12.5981
470,14.3479
471,20.2443
472,0
473,0
474,28.439
475,15.5453
476,12.7324
477,13.7855
478,0
479,3.96123
480,3.64192
481,1.53319
482,8.04886
483,42.1159
484,4.14509
485,22.8005
486,4.35226
487,27.3847
488,18.4486
489,12.9518
490,24.2763
491,2.89847
492,2.36518
493,21.1541
494,27.5315
495,10.1435
496,0
497,17.9768
498,8.44904
499,30.3776
500,9.59864
501,8.88583
502,35.4166
503,4.73464
504,3.48184
505,12.5283
506,25.3586
507,14.3165
508,2.95125
509,6.15454
510,0
511,0
512,6.2414
513,9.12483
514,5.43241
515,20.8846
516,34.4061
517,31.6751
518,13.1095
519,0
520,5.44126
521,0.961286
522,0
523,8.46771
524,14.9391
525,0
526,3.73735
527,24.5231
528,29.2397
529,30.1544
530,27.506
531,27.9498
532,20.3018
533,2.45241
534,17.0603
535,10.115
536,23.0604
537,24.109
538,9.93262
539,9.35529
540,25.3517
541,6.82026
542,17.8834
543,21.4635
544,15.05
545,9.83886
546,18.7485
547,12.8265
548,6.48165
549,29.0477
550,22.7511
551,0
552,7.9966
553,18.0463
554,4.31592
555,3.07882
556,13.2977
557,20.0439
558,0
559,7.54675
560,0
561,21.3201
562,0
563,15.6735
564,10.573
565,16.2636
566,20.678
567,15.5139
568,0
569,3.28844
570,20.981
571,0.334492
572,17.8663
573,0
574,14.5397
575,2.99822
576,26.9761
577,2.1014
578,26.4575
579,7.39321
580,19.4589
581,13.1691
582,5.85524
583,8.76731
584,5.74055
585,19.0659
586,0.195838
587,0
588,0
589,0
590,24.0556
591,10.8114
592,20.3886
593,7.68792
594,3.17068
595,0
596,18.0454
597,4.77442
598,4.91061
599,3.32099
600,2.53078
601,0
602,12.0301
603,3.80432
604,10.3477
605,3.98357
606,0
607,8.86797
608,18.5576
609,11.3097
610,4.95786
611,9.80685
612,15.8563
613,0
614,7.56817
615,9.25439
616,1.25007
617,0
618,0
619,3.00891
620,9.86325
621,10.9056
622,28.3054
623,15.0352
624,0
625,22.8814
626,14.2614
627,0
628,9.97066
629,20.5756
630,3.19113
631,4.31236
632,22.4166
633,9.47183
634,0
635,8.06292
636,4.01904
637,10.5048
638,15.4463
639,9.89515
640,12.5026
641,6.86682
642,5.29217
643,8.2669
644,20.7396
645,18.4568
646,21.4212
647,0
648,11.9483
649,4.88701
650,12.0973
651,2.00092
652,20.7405
653,0
654,11.3988
655,4.85297
656,8.7077
657,23.9019
658,16.6897
659,4.66613
660,0
661,5.99545
662,9.83623
663,1.04357
664,30.3933
665,9.2777
666,3.00585
667,3.10223
668,5.12138
669,14.0629
670,0
671,0
672,16.6485
673,0.729771
674,10.9745
675,16.7063
676,12.6678
677,21.9434
678,0
679,8.78029
680,0
681,4.64212
682,17.814
683,1.55644
684,10.6246
685,39.353
686,14.0145
687,18.7931
688,0
689,3.18526
690,6.73622
691,15.9064
692,3.06401
693,0
694,4.66627
695,11.8634
696,36.3421
697,20.2601
698,23.4537
699,0
700,18.8181
701,2.65263
702,1.29997
703,0
704,9.81276
705,3.06636
706,16.6764
707,23.4953
708,10.801
709,0
710,6.48909
711,0
712,12.9069
713,21.6683
714,17.7211
715,20.4936
716,20.7373
717,17.3379
718,20.6039
719,0
720,25.8015
721,0
722,19.2148
723,4.76347
724,12.7519
725,35.8356
726,23.8012
727,17.0761
728,9.25747
729,0
730,24.7888
731,18.1475
732,5.71526
733,0
734,3.82027
735,0
736,18.8794
737,0
738,23.3638
739,20.1468
740,20.7843
741,9.15496
742,30.5153
743,9.44805
744,5.98275
745,21.0035
746,19.6906
747,11.4975
748,29.3617
749,2.99667
750,21.492
751,14.1377
752,8.36957
753,41.3628
754,10.5223
755,1.61517
756,0
757,0.256869
758,3.51722
759,5.32747
760,12.1384
761,8.52321
762,39.0317
763,11.112
764,11.4074
765,36.1096
766,25.3488
767,22
768,26.2732
769,27.9908
770,31.9222
771,3.16755
772,13.7985
773,0
774,0
775,12.7078
776,5.07222
777,1.46261
778,18.919
779,0
780,22.4044
781,6.76389
782,6.97771
783,15.1631
784,20.732
785,16.2699
786,0
787,15.8945
788,0
789,9.22395
790,9.62948
791,11.7005
792,0
793,15.2543
794,0
795,7.57865
796,0
797,8.32182
798,3.51907
799,0
800,15.3033
801,0
802,9.59249
803,8.6521
804,25.2147
805,24.0044
806,0.915644
807,0.518623
808,15.271
809,34.9383
810,0
811,15.7807
812,19.7254
813,0
814,1.10426
815,19.5964
816,0
817,33.8832
818,18.8505
819,11.4514
820,23.4007
821,26.7471
822,21.0544
823,33.5554
824,4.76679
825,47.9421
826,12.734
827,4.58575
828,20.7264
829,13.722
830,8.06519
831,0.846614
832,8.06057
833,0
834,9.8462
835,1.12363
836,29.1304
837,10.2345
838,24.8831
839,0
840,7.89456
841,1.27397
842,3.35127
843,9.31085
844,5.24143
845,0
846,17.8234
847,3.58977
848,2.27243
849,21.8722
850,0.881032
851,31.0854
852,10.328
853,24.1275
854,7.50353
855,14.9489
856,17.5944
857,7.83676
858,3.27918
859,26.208
860,38.0065
861,3.33557
862,4.24367
863,13.6046
864,8.02086
865,21.7203
866,5.51546
867,0
868,28.7075
869,0
870,0
871,8.6927
872,6.85249
873,0
874,18.4421
875,10.6517
876,8.52861
877,6.29841
878,18.5629
879,6.32536
880,0
881,4.31233
882,26.7571
883,5.17986
884,1.8352
885,17.9039
886,8.08447
887,12.4349
888,16.9553
889,11.9564
890,10.202
891,0
892,8.26982
893,22.4494
894,8.39129
895,10.801
896,0
897,0
898,14.729
899,12.552
900,22.4583
901,7.73498
902,24.8928
903,0
904,20.1027
905,8.96001
906,31.12
907,34.3963
908,13.9194
909,2.59932
910,0
911,19.7354
912,0
913,14.4995
914,18.2585
915,14.8889
916,3.23217
917,0
918,0
919,31.2406
920,8.97795
921,30.4715
922,6.37866
923,34.4201
924,1.39829
925,0
926,18.4961
927,0
928,1.21462
929,9.62533
930,17.2148
931,14.6948
932,3.47826
933,28.2779
934,9.45758
935,15.8205
936,0.948973
937,18.1175
938,8.13583
939,0
940,0.969836
941,21.8448
942,37.4925
943,2.07184
944,10.2402
945,8.86461
946,5.16691
947,6.01039
948,21.1507
949,5.48123
950,0
951,20.2614
952,33.1971
953,29.1397
954,5.76894
955,7.04832
956,0
957,37.2681
958,5.335
959,7.44602
960,0
961,12.5305
962,32.9404
963,19.8208
964,14.4552
965,22.2962
966,0
967,0
968,7.80225
969,12.4365
970,5.19301
971,19.9579
972,24.8244
973,7.66353
974,20.6466
975,6.90896
976,0
977,15.9967
978,23.5255
979,16.7081
980,12.3119
981,9.03481
982,24.099
983,20.0104
984,41.0563
985,41.1804
986,39.7322
987,9.07733
988,2.1393
989,5.63015
990,26.3238
991,41.7706
992,0
993,0
994,16.8114
995,8.49425
996,0
997,10.8055
998,32.504
999,13.5773
1000,0
1001,0
1002,6.9522
1003,19.6965
1004,1.80108
1005,27.1403
1006,29.7279
1007,0
1008,24.1681
1009,0
1010,0
1011,29.8662
1012,1.43636
1013,11.5604
1014,7.05704
1015,33.1684
1016,4.78233
1017,20.4677
1018,9.85954
1019,1.07073
1020,23.3744
1021,3.11079
1022,12.5058
1023,9.1662
1024,14.1817
1025,0.203811
1026,16.0735
1027,0
1028,18.8434
1029,26.8093
1030,13.6821
1031,25.4326
1032,24.4004
1033,0
1034,12.1209
1035,1.50013
1036,7.13203
1037,23.8372
1038,14.7785
1039,4.25592
1040,29.2454
1041,0
1042,19.7313
1043,4.23126
1044,18.8954
1045,14.7908
1046,21.3351
1047,7.45491
1048,16.8885
1049,0
1050,9.52953
1051,36.2058
1052,11.6996
1053,2.14912
1054,15.7352
1055,2.26306
1056,0
1057,3.35213
1058,10.9505
1059,6.32917
1060,8.72685
1061,0
1062,28.8023
1063,9.78936
1064,19.8533
1065,30.4034
1066,28.1158
1067,11.4511
1068,32.8797
1069,27.6686
1070,0
1071,0
1072,26.6238
1073,19.9435
1074,12.1025
1075,4.35965
1076,9.51016
1077,5.7032
1078,19.1523
1079,0
1080,23.2417
1081,4.68022
1082,38.0751
1083,0
1084,17.6524
1085,24.6244
1086,10.8956
1087,2.55681
1088,5.83641
1089,34.6443
1090,30.7805
1091,27.9768
1092,28.1696
1093,2.17624
1094,30.1639
1095,41.2946
1096,18.19
1097,26.88
1098,19.3992
1099,6.53343
1100,14.057
1101,2.60076
1102,16.4552
1103,6.25238
1104,9.75182
1105,7.33658
1106,20.9128
1107,3.77895
1108,21.3753
1109,13.9763
1110,24.7921
1111,7.1244
1112,6.62936
1113,19.2934
1114,10.8095
1115,8.04511
1116,0
1117,21.6837
1118,6.3287
1119,0
1120,4.30817
1121,8.3838
1122,23.3089
1123,25.752
1124,13.3654
1125,34.6449
1126,0
1127,0
1128,11.9958
1129,16.2365
1130,2.22155
1131,0
1132,19.2937
1133,22.5057
1134,16.5308
1135,0
1136,0
1137,3.89413
1138,15.8257
1139,1.15517
1140,21.7948
1141,14.4744
1142,13.5619
1143,32.2961
1144,0
1145,10.4297
1146,5.12655
1147,6.54664
1148,10.3094
1149,6.63778
1150,0
1151,27.2235
1152,13.7003
1153,2.84153
1154,14.8572
1155,18.6489
1156,0
1157,4.54069
1158,0
1159,11.7509
1160,3.00842
1161,3.89765
1162,3.91677
1163,25.7726
1164,4.96558
1165,17.35
1166,24.4845
1167,9.28352
1168,10.6056
1169,7.85979
1170,20.8958
1171,36.65
1172,8.82214
1173,25.7288
1174,3.40078
1175,4.89507
1176,15.4487
1177,8.56929
1178,0
1179,16.3094
1180,4.45203
1181,23.3885
1182,20.3921
1183,9.67995
1184,0
1185,20.7933
1186,13.6179
1187,38.1905
1188,0
1189,0
1190,13.4546
1191,30.4585
1192,22.0422
1193,7.35682
1194,8.87013
1195,0
1196,26.3703
1197,3.27905
1198,17.3726
1199,16.4605
1200,6.07381
1201,25.5332
1202,0
1203,11.0584
1204,14.5184
1205,4.40304
1206,0
1207,19.8929
1208,14.5873
1209,12.849
1210,22.6736
1211,0
1212,24.1607
1213,21.4634
1214,10.395
1215,17.8559
1216,15.3536
1217,12.233
1218,15.4669
1219,9.93759
1220,0
1221,9.96078
1222,2.9394
1223,9.63936
1224,23.3114
1225,24.157
1226,27.7637
1227,10.718
1228,14.5134
1229,23.4977
1230,8.36828
1231,23.4082
1232,12.6767
1233,7.8963
1234,10.2575
1235,10.6764
1236,6.17897
1237,7.06254
1238,1.85678
1239,0
1240,6.55257
1241,18.8598
1242,25.9099
1243,4.10095
1244,14.4362
1245,3.56454
1246,33.6904
1247,0
1248,16.6748
1249,24.5463
1250,14.8163
1251,13.5119
1252,3.81812
1253,9.1573
1254,18.2698
1255,24.7674
1256,29.1889
1257,5.40461
1258,23.0052
1259,0
1260,28.1306
1261,25.3405
1262,16.6501
1263,8.31554
1264,21.8131
1265,4.2739
1266,0
1267,29.9583
1268,19.4751
1269,4.15183
1270,0
1271,12.5347
1272,22.5465
1273,0
1274,7.38664
1275,14.7974
1276,10.2385
1277,9.0047
1278,9.74341
1279,0.502076
1280,21.9208
1281,22.341
1282,6.25009
1283,18.1796
1284,1.84816
1285,0
1286,1.46158
1287,29.8777
1288,0
1289,23.2679
1290,29.4635
1291,21.2547
1292,0
1293,8.83705
1294,12.9408
1295,0
1296,7.06259
1297,0
1298,6.46994
1299,14.7693
1300,2.38255
1301,25.6655
1302,24.2023
1303,0
1304,15.3049
1305,10.1114
1306,27.6882
1307,0
1308,0
1309,0
1310,13.9826
1311,0
1312,6.29252
1313,0
1314,22.0046
1315,21.8221
1316,0
1317,0
1318,0
1319,24.8667
1320,18.954
1321,0
1322,20.2897
1323,33.1879
1324,1.27347
1325,13.4515
1326,39.2968
1327,0
1328,10.4354
1329,25.682
1330,14.5203
1331,23.969
1332,15.7427
1333,10.9055
1334,4.86122
1335,0
1336,19.8807
1337,16.216
1338,29.3452
1339,12.2866
1340,0
1341,9.83986
1342,28.6347
1343,0
1344,10.2044
1345,6.53136
1346,16.1623
1347,33.2299
1348,25.1607
1349,16.6599
1350,17.2479
1351,19.0024
1352,2.90269
1353,18.7593
1354,18.0257
1355,26.9037
1356,26.777
1357,25.923
1358,17.3676
1359,5.33874
1360,21.511
1361,0
1362,0
1363,22.9421
1364,0
1365,31.2286
1366,0
1367,13.7101
1368,35.3221
1369,5.85491
1370,12.7845
1371,2.86061
1372,19.4081
1373,9.18085
1374,0
1375,7.42106
1376,13.5542
1377,10.3435
1378,44.9891
1379,4.47146
1380,7.46463
1381,0
1382,13.2303
1383,0.856162
1384,34.1524
1385,26.3348
1386,30.2823
1387,7.40985
1388,12.742
1389,26.7097
1390,8.05331
1391,17.5734
1392,0
1393,9.6435
1394,14.6999
1395,12.3163
1396,15.2523
1397,26.0555
1398,0
1399,25.4913
1400,4.73574
1401,4.44818
1402,18.3958
1403,10.6466
1404,5.57665
1405,0
1406,16.7752
1407,0
1408,11.3402
1409,6.73522
1410,7.14834
1411,21.842
1412,27.7206
1413,19.97
1414,21.2773
1415,0
1416,4.25859
1417,18.7139
1418,3.91205
1419,2.62904
1420,13.6086
1421,0
1422,13.553
1423,26.1455
1424,0
1425,22.1925
1426,0
1427,13.1844
1428,10.2671
1429,20.5605
1430,21.7888
1431,2.9681
1432,32.4255
1433,30.4362
1434,7.88723
1435,12.9043
1436,4.67846
1437,18.8701
1438,0
1439,6.94308
1440,4.92774
1441,7.58636
1442,10.9407
1443,7.93171
1444,33.0561
1445,17.8763
1446,0
1447,27.6214
1448,22.6453
1449,0
1450,22.6421
1451,15.0506
1452,12.3985
1453,15.9698
1454,19.371
1455,10.6638
1456,8.93393
1457,31.0315
1458,15.9852
1459,4.86921
1460,25.7836
1461,4.07149
1462,14.1148
1463,7.35913
1464,0.0450308
1465,5.8485
1466,12.542
1467,0
1468,8.68577
1469,26.0707
1470,0
1471,2.89201
1472,36.9321
1473,4.20157
1474,35.8753
1475,3.0052
1476,20.4582
1477,9.38076
1478,0
1479,19.7515
1480,42.3166
1481,9.37471
1482,6.44737
1483,18.932
1484,14.2521
1485,7.73125
1486,9.39008
1487,2.67442
1488,17.7042
1489,9.52735
1490,20.8538
1491,1.43528
1492,15.3784
1493,45.7947
1494,5.63506
1495,3.60925
1496,0.216709
1497,35.0315
1498,25.8958
1499,0
1500,9.56304
1501,19.9472
1502,6.14578
1503,5.55445
1504,0
1505,8.85378
1506,20.5264
1507,5.89122
1508,17.7165
1509,6.07625
1510,7.06653
1511,33.6661
1512,6.50472
1513,27.4808
1514,5.11489
1515,24.8376
1516,3.34325
1517,0
1518,13.2462
1519,4.96707
1520,10.5377
1521,27.6527
1522,10.4813
1523,26.0723
1524,7.57798
1525,13.0466
1526,10.5908
1527,29.1451
1528,29.5924
1529,52.636
1530,1.96906
1531,0
1532,6.05512
1533,13.6774
1534,9.71485
1535,14.1628
1536,0
1537,21.4257
1538,12.6606
1539,8.80217
1540,8.93693
1541,0
1542,13.7843
1543,7.69542
1544,14.7316
1545,17.7646
1546,0
1547,13.0369
1548,9.85874
1549,21.7876
1550,0
1551,8.27019
1552,11.1476
1553,1.96295
1554,17.4925
1555,24.6612
1556,9.86183
1557,0
1558,13.7548
1559,21.7787
1560,7.66812
1561,20.6841
1562,0.921262
1563,13.9583
1564,23.719
1565,7.78144
1566,21.6596
1567,1.70927
1568,13.3726
1569,27.6954
1570,31.4825
1571,5.59828
1572,22.7535
1573,6.14266
1574,4.67756
1575,0.719792
1576,10.7307
1577,13.0188
1578,4.96014
1579,31.3388
1580,16.7319
1581,0
1582,2.84264
1583,6.83688
1584,3.91413
1585,22.7248
1586,0
1587,7.36656
1588,10.2868
1589,30.8867
1590,0
1591,12.6903
1592,15.7579
1593,13.3832
1594,11.2709
1595,9.6051
1596,23.5664
1597,12.0624
1598,34.6792
1599,7.71114
1600,0
1601,27.6328
1602,15.5746
1603,0
1604,9.455
1605,19.051
1606,21.7929
1607,18.9675
1608,24.9097
1609,10.2889
1610,17.6114
1611,14.8141
1612,15.4405
1613,34.3116
1614,8.77234
1615,39.625
1616,0
1617,27.0957
1618,35.4205
1619,0.230241
1620,4.07494
1621,10.0851
1622,9.34631
1623,12.924
1624,0
1625,5.51588
1626,5.55972
1627,9.79114
1628,4.46394
1629,23.4868
1630,5.65106
1631,9.45681
1632,0
1633,9.22625
1634,32.7486
1635,4.07271
1636,21.7634
1637,33.1938
1638,36.0446
1639,40.9651
1640,11.3439
1641,13.2603
1642,0
1643,12.9059
1644,27.0216
1645,4.18947
1646,12.3844
1647,0
1648,34.0855
1649,4.21408
1650,0
1651,0
1652,6.53354
1653,11.58
1654,16.7097
1655,18.975
1656,15.474
1657,2.18561
1658,18.9389
1659,32.8651
1660,20.3674
1661,10.3727
1662,9.46631
1663,0
1664,23.0007
1665,55.1956
1666,23.4397
1667,22.1401
1668,5.05426
1669,2.1172
1670,2.27348
1671,25.0555
1672,4.53564
1673,12.4293
1674,4.30912
1675,7.02979
1676,14.8789
1677,0
1678,13.2323
1679,21.8417
1680,2.44808
1681,0
1682,32.892
1683,23.9387
1684,0
1685,28.6919
1686,0
1687,10.1803
1688,30.0065
1689,27.9283
1690,0
1691,13.4301
1692,9.02986
1693,0
1694,0
1695,5.32529
1696,2.62126
1697,7.52059
1698,20.7331
1699,25.2288
1700,8.08065
1701,34.2065
1702,14.6401
1703,0
1704,5.81546
1705,26.3616
1706,14.2063
1707,26.3658
1708,1.56629
1709,0
1710,5.59046
1711,0
1712,5.85536
1713,0
1714,13.5156
1715,14.9869
1716,10.7751
1717,0
1718,18.0172
1719,24.1971
1720,3.84391
1721,5.59382
1722,2.70216
1723,26.9792
1724,25.2008
1725,27.0746
1726,14.3273
1727,33.4216
1728,3.41871
1729,21.3695
1730,18.3701
1731,20.0549
1732,0
1733,0
1734,16.3804
1735,0
1736,13.9267
1737,0
1738,7.41194
1739,3.60902
1740,7.21422
1741,16.7317
1742,0
1743,0
1744,12.1086
1745,17.1455
1746,8.4273
1747,20.0384
1748,14.6389
1749,9.36783
1750,9.59428
1751,0
1752,5.82339
1753,9.18587
1754,13.1617
1755,36.8034
1756,4.76583
1757,7.14974
1758,2.88691
1759,28.7802
1760,10.9861
1761,13.1029
1762,19.8976
1763,21.5463
1764,8.11577
1765,18.0472
1766,14.9725
1767,34.2323
1768,0
1769,15.309
1770,23.7545
1771,6.40698
1772,28.4253
1773,0
1774,26.6418
1775,9.5921
1776,21.0536
1777,0
1778,8.80013
1779,42.4493
1780,12.1735
1781,10.7646
1782,26.2816
1783,0
1784,0.894195
1785,8.59611
1786,12.073
1787,20.1737
1788,0
1789,34.7867
1790,12.7503
1791,27.0993
1792,0
1793,9.87002
1794,0
1795,8.05911
1796,5.5381
1797,14.5452
1798,45.408
1799,25.936
1800,7.90558
1801,11.1171
1802,12.3185
1803,29.7758
1804,5.98675
1805,4.1938
1806,9.19181
1807,10.4348
1808,10.2055
1809,0
1810,21.0068
1811,21.8494
1812,9.40518
1813,21.0265
1814,24.1895
1815,7.83562
1816,0
1817,7.76662
1818,2.57562
1819,8.11573
1820,0
1821,0
1822,7.3237
1823,4.12295
1824,10.6339
1825,19.2692
1826,7.01057
1827,18.8637
1828,16.9867
1829,16.2064
1830,13.9463
1831,18.7467
1832,17.8804
1833,5.15184
1834,21.3844
1835,27.5555
1836,0
1837,10.614
1838,11.5683
1839,20.6225
1840,6.94081
1841,19.4408
1842,9.27297
1843,1.68853
1844,20.0535
1845,21.0484
1846,29.5656
1847,32.8786
1848,4.98728
1849,10.3805
1850,8.3749
1851,37.8538
1852,39.2365
1853,20.0087
1854,5.19613
1855,0
1856,20.3107
1857,13.5608
1858,13.6258
1859,18.3171
1860,40.633
1861,9.32199
1862,1.78963
1863,0
1864,0.698321
1865,16.2416
1866,15.0644
1867,11.6401
1868,18.4377
1869,18.0229
1870,1.18882
1871,2.96151
1872,9.29487
1873,19.4385
1874,21.1421
1875,24.5902
1876,30.6478
1877,5.58217
1878,3.80925
1879,0
1880,25.2619
1881,9.59237
1882,4.46409
1883,0
1884,28.8674
1885,7.94569
1886,8.47254
1887,17.5183
1888,9.59274
1889,24.2463
1890,4.29206
1891,3.43685
1892,32.1378
1893,9.48126
1894,0
1895,5.88779
1896,3.79265
1897,25.4726
1898,36.0456
1899,18.2785
1900,3.00465
1901,11.8989
1902,0
1903,13.5827
1904,34.2127
1905,1.32877
1906,12.1779
1907,7.38188
1908,1.95139
1909,13.0427
1910,12.1259
1911,22.6991
1912,14.2672
1913,15.1101
1914,25.9031
1915,13.4197
1916,10.3791
1917,3.95558
1918,18.1879
1919,11.4342
1920,13.561
1921,12.3364
1922,12.4338
1923,5.48986
1924,10.6527
1925,3.42097
1926,13.1006
1927,6.08941
1928,33.2021
1929,3.86558
1930,0
1931,29.8422
1932,33.6218
1933,20.1546
1934,13.2493
1935,10.8169
1936,11.4973
1937,5.45516
1938,35.6512
1939,21.6829
1940,12.8384
1941,0
1942,21.2362
1943,20.8783
1944,0
1945,2.19193
1946,36.6214
1947,18.9432
1948,2.70902
1949,22.1251
1950,36.275
1951,0
1952,13.5559
1953,16.0324
1954,6.6527
1955,5.67606
1956,2.41753
1957,34.6968
1958,19.7534
1959,11.5825
1960,0
1961,12.2928
1962,0
1963,16.6401
1964,0
1965,18.6617
1966,15.337
1967,8.47055
1968,11.6922
1969,10.0127
1970,24.3733
1971,25.9777
1972,3.54548
1973,43.3303
1974,15.0704
1975,8.44626
1976,0
1977,11.4642
1978,8.5342
1979,13.6984
1980,11.6452
1981,2.05466
1982,16.5994
1983,4.61702
1984,8.00065
1985,13.8925
1986,3.53014
1987,15.5848
1988,0
1989,7.92645
1990,27.6097
1991,31.25
1992,24.623
1993,14.556
1994,0
1995,0.165861
1996,28.4543
1997,16.0749
1998,21.4695
1999,0
2000,21.456
2001,16.7092
2002,29.7109
2003,16.5589
2004,3.87244
2005,14.7899
2006,11.3027
2007,0
2008,15.8299
2009,17.7635
2010,19.4427
2011,25.7574
2012,11.8492
2013,21.5269
2014,7.04201
2015,20.7007
2016,0
2017,16.7338
2018,22.4038
2019,19.2209
2020,32.6122
2021,27.8141
2022,46.5638
2023,23.7668
2024,19.2707
2025,8.05267
2026,0
2027,10.6197
2028,15.3351
2029,9.75276
2030,10.2022
2031,23.81
2032,23.4721
2033,22.9614
2034,10.7187
2035,8.62937
2036,20.5439
2037,12.9387
2038,13.3138
2039,20.443
2040,14.0368
2041,11.9268
2042,17.3334
2043,2.98266
2044,16.2641
2045,4.40939
2046,17.3493
2047,0
2048,0
2049,18.5506
2050,12.4767
2051,16.5079
2052,0.417149
2053,0
2054,5.99786
2055,22.132
2056,12.2882
2057,7.88046
2058,16.5122
2059,1.92244
2060,18.3154
2061,2.07554
2062,17.2904
2063,21.3977
2064,9.30918
2065,10.8542
2066,20.9583
2067,15.5702
2068,4.23173
2069,19.0002
2070,13.7706
2071,0.922676
2072,6.47946
2073,26.8033
2074,3.95806
2075,6.81082
2076,20.7715
2077,10.0266
2078,26.6411
2079,14.159
2080,24.9506
2081,10.4214
2082,11.9632
2083,0.600844
2084,19.055
2085,0
2086,28.4116
2087,0.139059
2088,24.6145
2089,16.0099
2090,7.87951
2091,0
2092,16.4019
2093,25.1511
2094,0
2095,2.56536
2096,3.77896
2097,7.93046
2098,10.0141
2099,14.7183
2100,14.6524
2101,4.11511
2102,6.2521
2103,21.7318
2104,10.6117
2105,14.3931
2106,0
2107,6.44571
2108,0
2109,17.0883
2110,16.7863
2111,18.4962
2112,0
2113,0
2114,10.626
2115,13.2784
2116,0
2117,2.83053
2118,25.8338
2119,19.7275
2120,5.66838
2121,27.7138
2122,3.65048
2123,42.935
2124,5.67479
2125,11.5043
2126,5.04754
2127,11.1974
2128,0
2129,1.60632
2130,0
2131,0
2132,18.1124
2133,8.07602
2134,7.84595
2135,9.84092
2136,0
2137,14.3506
2138,18.0283
2139,13.3071
2140,0.105269
2141,19.2391
2142,3.08065
2143,11.8219
2144,13.284
2145,0.0964806
2146,21.983
2147,10.7406
2148,20.2158
2149,0
2150,0
2151,33.2411
2152,16.4776
2153,38.4956
2154,0.302359
2155,0
2156,20.0092
2157,37.4896
2158,28.0006
2159,18.2248
2160,0.911063
2161,9.64046
2162,3.10573
2163,19.5705
2164,1.51687
2165,16.0512
2166,1.58178
2167,24.691
2168,11.8211
2169,8.0827
2170,17.0923
2171,2.38593
2172,9.27668
2173,22.76
2174,10.1821
2175,13.9244
2176,11.6452
2177,27.2334
2178,10.2452
2179,3.8821
2180,4.93969
2181,23.1155
2182,0.775602
2183,16.8267
2184,14.0471
2185,1.10232
2186,11.5858
2187,16.5193
2188,12.01
2189,0.871883
2190,9.03163
2191,31.3028
2192,16.7068
2193,22.1854
2194,13.4884
2195,13.4311
2196,10.9235
2197,26.1416
2198,11.0312
2199,11.0506
2200,25.5998
2201,11.6708
2202,43.0763
2203,14.9069
2204,8.13202
2205,33.5117
2206,18.7653
2207,25.994
2208,13.3955
2209,14.5292
2210,6.85935
2211,26.7017
2212,0
2213,0
2214,0
2215,34.2149
2216,4.29018
2217,28.7424
2218,19.2464
2219,3.5283
2220,1.68809
2221,7.34126
2222,10.9015
2223,19.0137
2224,16.5074
2225,6.48739
2226,11.7882
2227,13.3171
2228,19.1239
2229,21.6026
2230,14.2853
2231,23.1123
2232,14.0312
2233,12.6558
2234,18.8014
2235,16.6262
2236,10.3214
2237,6.49418
2238,19.7723
2239,12.1639
2240,5.2008
2241,5.05167
2242,25.1759
2243,0
2244,5.14909
2245,4.11669
2246,0
2247,0
2248,16.0245
2249,15.9418
2250,7.60243
2251,11.6805
2252,22.7972
2253,11.5066
2254,21.8769
2255,3.73631
2256,0
2257,22.9908
2258,32.8155
2259,24.1412
2260,3.35387
2261,11.9577
2262,6.31217
2263,9.68114
2264,21.1464
2265,11.8571
2266,0
2267,17.0086
2268,7.90204
2269,2.15078
2270,25.8398
2271,18.5008
2272,0
2273,0
2274,15.7338
2275,17.6315
2276,17.0088
2277,5.63452
2278,14.6095
2279,30.1545
2280,19.2571
2281,14.4378
2282,4.85821
2283,12.2219
2284,9.01231
2285,27.1171
2286,0
2287,33.3955
2288,14.4224
2289,26.7955
2290,21.2452
2291,30.8017
2292,12.2061
2293,18.0541
2294,37.4494
2295,0.0971351
2296,0
2297,1.77748
2298,6.581
2299,13.8918
2300,15.9519
2301,0.768152
2302,0
2303,7.53215
2304,6.9989
2305,0
2306,31.2879
2307,0
2308,13.2013
2309,6.2767
2310,4.79263
2311,7.30332
2312,0.471081
2313,20.6789
2314,6.77125
2315,9.92554
2316,4.7085
2317,24.9335
2318,8.96538
2319,7.65268
2320,24.1989
2321,31.9664
2322,16.238
2323,16.5418
2324,0
2325,6.76609
2326,33.3454
2327,8.14732
2328,0
2329,18.1829
2330,0
2331,26.2045
2332,11.1402
2333,6.48997
2334,0
2335,3.98158
2336,8.35213
2337,0
2338,12.8933
2339,0
2340,17.4134
2341,4.94755
2342,36.8255
2343,15.8351
2344,39.2869
2345,33.1332
2346,17.9964
2347,16.9095
2348,13.3084
2349,13.026
2350,12.6895
2351,7.63533
2352,13.0713
2353,21.0359
2354,12.8765
2355,15.9592
2356,14.6874
2357,9.95946
2358,16.966
2359,3.65118
2360,9.51453
2361,3.41151
2362,14.1134
2363,17.4219
2364,0
2365,2.61212
2366,3.0603
2367,30.2895
2368,1.56292
2369,56.2168
2370,11.8647
2371,7.50042
2372,16.3521
2373,10.2232
2374,16.936
2375,26.9603
2376,16.3647
2377,9.08815
2378,0
2379,9.91392
2380,1.53677
2381,22.8269
2382,11.7968
2383,27.9645
2384,16.9345
2385,0
2386,0
2387,28.8797
2388,0
2389,28.3644
2390,19.1101
2391,3.193
2392,0
2393,17.3019
2394,20.4432
2395,21.4988
2396,16.9103
2397,14.6389
2398,5.9825
2399,3.47218
2400,31.4441
2401,8.21866
2402,37.3424
2403,11.2036
2404,10.9438
2405,0
2406,6.76487
2407,16.048
2408,3.18812
2409,5.47827
2410,21.5076
2411,14.0098
2412,18.4233
2413,37.5052
2414,20.2429
2415,0.836069
2416,25.4723
2417,31.8703
2418,15.3977
2419,11.8242
2420,0
2421,9.33792
2422,18.0719
2423,26.6398
2424,20.3947
2425,12.6354
2426,1.42961
2427,29.3054
2428,5.97118
2429,24.8782
2430,0.366742
2431,20.4424
2432,0
2433,23.7008
2434,0
2435,13.3418
2436,15.0901
2437,23.9527
2438,6.68546
2439,10.4838
2440,6.61669
2441,0
2442,4.7765
2443,0
2444,4.26274
2445,0
2446,14.3187
2447,8.3543
2448,10.2511
2449,0
2450,4.75857
2451,0
2452,12.7929
2453,6.03196
2454,41.1355
2455,9.1124
2456,30.8306
2457,19.3294
2458,0.456321
2459,0.218884
2460,4.70356
2461,20.9544
2462,0
2463,0
2464,24.5922
2465,21.3468
2466,13.1294
2467,21.1362
2468,38.01
2469,12.6148
2470,21.6469
2471,9.66884
2472,0
2473,5.06827
2474,1.08792
2475,14.7678
2476,3.57344
2477,2.01981
2478,18.7382
2479,8.91747
2480,20.2669
2481,5.62378
2482,17.0298
2483,19.5915
2484,17.6971
2485,11.7184
2486,39.5912
2487,34.1662
2488,16.3366
2489,15.7385
2490,7.75623
2491,15.7228
2492,14.6506
2493,43.7609
2494,8.64857
2495,12.1892
2496,14.8163
2497,21.2168
2498,1.04136
2499,16.6455
2500,13.3149
2501,8.73879
2502,12.5755
2503,0.411752
2504,8.78328
2505,5.75853
2506,22.1252
2507,16.9903
2508,13.5877
2509,17.9028
2510,11.6133
2511,18.2731
2512,14.2295
2513,9.13711
2514,15.0992
2515,0
2516,14.4332
2517,12.0812
2518,0
2519,21.6512
2520,27.5698
2521,16.0923
2522,0
2523,0
2524,4.80759
2525,12.3182
2526,9.04869
2527,28.8663
2528,25.584
2529,23.1261
2530,9.274
2531,4.2964
2532,16.7742
2533,13.7194
2534,0
2535,0
2536,14.3003
2537,12.5045
2538,7.93046
2539,0
2540,22.539
2541,9.82395
2542,0
2543,26.6566
2544,0
2545,22.6986
2546,0
2547,6.60291
2548,6.98443
2549,6.4852
2550,0
2551,1.66732
2552,11.9778
2553,10.327
2554,29.3409
2555,9.04583
2556,0
2557,18.6615
2558,4.0432
2559,19.5201
2560,15.3034
2561,7.79288
2562,5.9468
2563,11.4224
2564,9.13883
2565,0
2566,9.97363
2567,19.9711
2568,37.747
2569,15.4815
2570,0
2571,16.4303
2572,25.0913
2573,0
2574,0
2575,13.4844
2576,11.856
2577,15.9442
2578,18.4633
2579,20.8162
2580,7.57931
2581,13.141
2582,14.8472
2583,12.1782
2584,27.4076
2585,0
2586,7.8128
2587,0.133254
2588,23.5326
2589,6.70372
2590,20.1019
2591,0
2592,0
2593,10.0049
2594,17.5357
2595,18.122
2596,18.3127
2597,34.36
2598,44.0833
2599,17.6001
2600,11.1674
2601,21.4926
2602,19.2275
2603,0
2604,9.57225
2605,12.6342
2606,0
2607,22.9953
2608,43.2122
2609,15.225
2610,2.11411
2611,22.0562
2612,8.81545
2613,20.6736
2614,10.189
2615,20.5948
2616,27.7145
2617,16.9044
2618,19.6902
2619,11.4343
2620,1.60408
2621,5.37797
2622,3.08755
2623,18.9726
2624,27.2572
2625,0
2626,12.8921
2627,0
2628,7.31188
2629,3.78281
2630,21.2157
2631,24.0627
2632,3.18042
2633,15.3397
2634,29.841
2635,0
2636,15.5161
2637,6.76714
2638,0
2639,8.31969
2640,30.2487
2641,0
2642,25.8762
2643,22.8226
2644,9.42963
2645,17.8978
2646,3.1938
2647,15.0357
2648,0
2649,5.46718
2650,13.4889
2651,9.03713
2652,13.0083
2653,11.3644
2654,0
2655,9.61023
2656,31.1582
2657,15.8295
2658,32.8434
2659,10.2431
2660,2.8547
2661,0
2662,12.3745
2663,13.3686
2664,0
2665,43.6279
2666,0
2667,0.924939
2668,21.7737
2669,28.6684
2670,41.1532
2671,19.3006
2672,9.14578
2673,24.496
2674,0
2675,14.3207
2676,7.55135
2677,8.87127
2678,5.38605
2679,27.8041
2680,19.9463
2681,12.1242
2682,10.717
2683,11.7621
2684,0
2685,0
2686,0
2687,0.106914
2688,9.66276
2689,17.7966
2690,21.4585
2691,5.21283
2692,29.9347
2693,26.6422
2694,34.7658
2695,39.6905
2696,45.1058
2697,18.5996
2698,0
2699,0
2700,5.91775
2701,32.1293
2702,0
2703,26.4479
2704,12.9471
2705,11.4641
2706,12.1339
2707,12.8659
2708,0.430537
2709,38.0744
2710,0
2711,7.40274
2712,2.5632
2713,6.03241
2714,0
2715,0
2716,0
2717,19.1174
2718,5.39175
2719,6.98091
2720,4.19737
2721,0
2722,6.16406
2723,12.6492
2724,13.3021
2725,10.3579
2726,21.5939
2727,9.39289
2728,10.139
2729,8.42625
2730,16.1207
2731,22.8526
2732,1.25413
2733,8.12126
2734,7.01595
2735,8.61834
2736,3.12002
2737,1.49779
2738,14.2646
2739,21.9101
2740,19.3299
2741,24.2821
2742,26.367
2743,0
2744,0
2745,22.7572
2746,7.47947
2747,23.8648
2748,18.1353
2749,14.6346
2750,26.7883
2751,18.9036
2752,14.2526
2753,0
2754,0
2755,0
2756,0.597423
2757,20.0771
2758,0.596803
2759,5.74964
2760,0
2761,10.9409
2762,14.8117
2763,26.0516
2764,39.4124
2765,5.97199
2766,35.1548
2767,10.3252
2768,10.6192
2769,12.1726
2770,33.4794
2771,20.6133
2772,21.1265
2773,0
2774,11.8381
2775,0
2776,22.6397
2777,9.45656
2778,30.4272
2779,2.11261
2780,24.742
2781,0
2782,7.58654
2783,20.3036
2784,12.1276
2785,13.6473
2786,18.2861
2787,10.1635
2788,11.9694
2789,23.6098
2790,0
2791,0
2792,10.5225
2793,1.43043
2794,0
2795,3.20785
2796,12.0285
2797,18.8576
2798,0
2799,9.0356
2800,34.4139
2801,22.6612
2802,8.04761
2803,16.3741
2804,19.1804
2805,8.48417
2806,10.6736
2807,8.20131
2808,0
2809,13.0989
2810,4.47366
2811,13.1721
2812,7.07114
2813,29.2872
2814,24.9978
2815,3.3226
2816,0
2817,18.3705
2818,16.5332
2819,16.3493
2820,32.1773
2821,0
2822,4.38259
2823,3.15497
2824,2.91061
2825,13.3294
2826,41.1058
2827,4.112
2828,10.1169
2829,9.62654
2830,15.4352
2831,0.672767
2832,16.4939
2833,0
2834,9.7243
2835,0
2836,26.3674
2837,10.0346
2838,11.0108
2839,34.3824
2840,7.20902
2841,10.6297
2842,12.4719
2843,25.4542
2844,6.59753
2845,12.7676
2846,24.9833
2847,27.0157
2848,17.647
2849,21.1066
2850,10.1188
2851,15.027
2852,38.0383
2853,13.9075
2854,3.73791
2855,0.646836
2856,2.37877
2857,13.274
2858,17.2084
2859,1.00574
2860,17.2765
2861,28.8784
2862,34.7843
2863,2.66933
2864,15.4965
2865,16.9882
2866,13.3162
2867,8.38038
2868,0.347786
2869,18.9611
2870,13.4917
2871,28.4923
2872,15.9331
2873,31.3405
2874,34.2361
2875,20.4422
2876,0
2877,3.13495
2878,0
2879,20.7078
2880,0
2881,5.61031
2882,16.9033
2883,6.26952
2884,0
2885,35.9313
2886,33.7144
2887,9.7517
2888,2.71262
2889,26.3728
2890,4.19718
2891,7.30122
2892,8.15213
2893,1.15118
2894,14.9885
2895,0.626323
2896,8.12008
2897,20.2479
2898,0
2899,15.2901
2900,11.1813
2901,0.263863
2902,38.3872
2903,15.3575
2904,18.9609
2905,0.570813
2906,47.9805
2907,25.0925
2908,9.51815
2909,7.56144
2910,10.7959
2911,2.56097
2912,10.9079
2913,12.5504
2914,25.7392
2915,34.5507
2916,6.02958
2917,24.7814
2918,12.3609
2919,28.0561
2920,18.7039
2921,2.88614
2922,36.9437
2923,0
2924,9.55478
2925,0.347335
2926,0
2927,2.23239
2928,5.46139
2929,27.175
2930,0.163676
2931,21.5927
2932,12.0261
2933,11.7021
2934,6.63883
2935,13.5491
2936,22.9022
2937,16.6166
2938,11.8863
2939,8.33565
2940,21.5594
2941,4.10004
2942,1.19867
2943,18.5503
2944,8.72977
2945,1.77249
2946,15.6846
2947,0
2948,0
2949,23.6912
2950,16.3353
2951,0
2952,21.9788
2953,1.70164
2954,2.9232
2955,0.140483
2956,0.922975
2957,5.49611
2958,0
2959,13.3449
2960,16.915
2961,28.2628
2962,24.6213
2963,20.9266
2964,22.8954
2965,32.0465
2966,1.18716
2967,0
2968,1.43562
2969,11.9702
2970,23.0651
2971,24.0513
2972,10.7407
2973,5.1873
2974,16.2514
2975,12.1648
2976,13.9261
2977,4.86999
2978,2.64307
2979,28.0534
2980,17.0939
2981,10.0798
2982,0
2983,1.51872
2984,15.8158
2985,24.5849
2986,0
2987,22.3927
2988,42.5957
2989,13.04
2990,3.40363
2991,9.98119
2992,0
2993,0
2994,4.97799
2995,17.2294
2996,2.14029
2997,7.80676
2998,19.2037
2999,12.8488
3000,0
3001,10.6802
3002,22.6849
3003,16.6414
3004,22.1866
3005,12.2231
3006,19.7305
3007,1.50414
3008,8.97975
3009,21.6567
3010,2.54257
3011,0
3012,31.0499
3013,35.2851
3014,35.3716
3015,9.62767
3016,11.9972
3017,8.09132
3018,12.6971
3019,21.0793
3020,0.334118
3021,0
3022,9.21027
3023,30.6658
3024,21.7119
3025,7.13705
3026,24.6756
3027,37.465
3028,2.14083
3029,29.4452
3030,12.0677
3031,6.41474
3032,17.1746
3033,12.1953
3034,0
3035,3.69577
3036,0
3037,0
3038,0.902498
3039,8.80095
3040,3.29463
3041,0
3042,14.707
3043,17.6806
3044,0
3045,30.6646
3046,13.164
3047,23.3536
3048,0.278656
3049,0
3050,0
3051,1.9245
3052,22.1898
3053,21.5118
3054,0
3055,0
3056,3.47005
3057,12.4959
3058,1.54924
3059,24.1757
3060,1.58716
3061,5.58035
3062,12.3037
3063,29.2031
3064,6.26843
3065,9.99112
3066,0
3067,11.5083
3068,20.0048
3069,22.4098
3070,10.9357
3071,11.9218
3072,17.0375
3073,23.0541
3074,0
3075,1.56723
3076,10.0614
3077,10.6862
3078,0
3079,0
3080,2.53634
3081,16.3511
3082,25.5229
3083,2.35923
3084,18.9281
3085,4.25783
3086,16.1867
3087,18.7233
3088,9.91668
3089,15.1939
3090,12.8185
3091,9.86353
3092,23.9538
3093,0
3094,49.8251
3095,3.46166
3096,4.95752
3097,3.26558
3098,17.0377
3099,20.569
3100,12.6499
3101,7.31928
3102,18.2683
3103,33.2296
3104,0
3105,10.6182
3106,8.4439
3107,21.3419
3108,0
3109,0
3110,12.3968
3111,23.0016
3112,7.63751
3113,8.9291
3114,0
3115,3.08909
3116,0
3117,34.7475
3118,23.8899
3119,2.91841
3120,0.664936
3121,25.0953
3122,17.0136
3123,9.68913
3124,9.2719
3125,1.36318
3126,8.63211
3127,0
3128,28.6481
3129,1.75705
3130,12.8373
3131,10.7913
3132,28.4191
3133,8.35021
3134,23.7225
3135,0
3136,10.6784
3137,27.2336
3138,13.2834
3139,1.38713
3140,15.7311
3141,0
3142,21.8261
3143,0
3144,13.3316
3145,7.9927
3146,11.5362
3147,12.0689
3148,0
3149,1.17302
3150,5.75995
3151,21.3314
3152,0
3153,7.36447
3154,33.154
3155,30.1816
3156,23.8872
3157,0
3158,3.15701
3159,0
3160,8.56272
3161,15.5261
3162,0
3163,22.1293
3164,0
3165,8.84772
3166,15.3436
3167,9.87881
3168,32.1938
3169,36.8791
3170,16.1687
3171,0
3172,12.4915
3173,0.156989
3174,13.6072
3175,12.5793
3176,0
3177,0
3178,1.60393
3179,7.70819
3180,37.0524
3181,15.8319
3182,4.01643
3183,11.0294
3184,12.7812
3185,13.7011
3186,22.0789
3187,6.35355
3188,7.47233
3189,0
3190,8.53914
3191,24.7159
3192,13.5782
3193,9.7007
3194,0
3195,12.4568
3196,0
3197,9.70111
3198,6.64123
3199,11.8827
3200,16.9574
3201,6.80052
3202,14.655
3203,3.22905
3204,0
3205,12.2856
3206,12.2235
3207,7.63822
3208,0
3209,34.1606
3210,27.067
3211,12.6489
3212,4.4349
3213,12.1112
3214,0
3215,4.70166
3216,7.30989
3217,0
3218,42.3659
3219,10.8643
3220,12.5538
3221,0
3222,34.4601
3223,18.2954
3224,19.9216
3225,4.66017
3226,13.0882
3227,7.94883
3228,26.218
3229,10.6885
3230,7.68144
3231,19.9764
3232,4.70868
3233,16.3199
3234,4.40726
3235,21.5593
3236,13.03
3237,11.0274
3238,15.2326
3239,17.2883
3240,16.1832
3241,19.515
3242,16.0881
3243,10.9544
3244,6.77134
3245,2.18048
3246,10.3486
3247,14.9938
3248,29.1345
3249,6.2795
3250,7.60458
3251,0
3252,28.6838
3253,19.7093
3254,13.0528
3255,10.7741
3256,3.35029
3257,16.0349
3258,7.46803
3259,11.6009
3260,13.1851
3261,7.76969
3262,2.64311
3263,0
3264,17.0106
3265,8.58047
3266,17.6386
3267,30.1595
3268,7.15089
3269,12.8763
3270,4.47957
3271,1.0523
3272,28.6297
3273,14.4418
3274,17.5592
3275,10.3453
3276,23.3497
3277,0
3278,5.42063
3279,7.34862
3280,20.1654
3281,5.45123
3282,0.100343
3283,0
3284,11.4509
3285,13.6259
3286,22.241
3287,21.5974
3288,22.0344
3289,32.4545
3290,11.5535
3291,0
3292,3.70786
3293,6.62164
3294,3.93213
3295,17.2005
3296,20.0928
3297,7.25087
3298,19.0481
3299,24.2632
3300,6.93011
3301,3.34511
3302,20.1821
3303,7.75655
3304,23.1591
3305,10.3112
3306,11.1131
3307,8.83523
3308,26.5993
3309,24.4314
3310,17.0216
3311,18.9405
3312,3.57783
3313,19.0682
3314,7.92054
3315,10.5305
3316,0
3317,5.55825
3318,0.347113
3319,0.396401
3320,5.79538
3321,9.32538
3322,10.308
3323,9.88085
3324,20.7795
3325,8.97286
3326,0
3327,14.0683
3328,27.0369
3329,0
3330,22.9053
3331,21.7221
3332,13.2599
3333,22.0317
3334,24.268
3335,0
3336,0.608004
3337,7.90893
3338,20.5967
3339,0
3340,0
3341,28.6684
3342,0
3343,8.62736
3344,34.7723
3345,10.0644
3346,11.9296
3347,1.91197
3348,8.66333
3349,3.57305
3350,12.8476
3351,10.3443
3352,3.36555
3353,15.0258
3354,18.3511
3355,6.06729
3356,1.77483
3357,20.565
3358,14.8353
3359,43.7412
3360,15.807
3361,7.91608
3362,1.00098
3363,13.8535
3364,12.7249
3365,16.0727
3366,7.2266
3367,38.4739
3368,10.9925
3369,8.54687
3370,38.4713
3371,21.3196
3372,24.8867
3373,16.5593
3374,7.99029
3375,10.8832
3376,23.9239
3377,4.70225
3378,15.8882
3379,17.6192
3380,14.8642
3381,10.6989
3382,0
3383,26.2743
3384,2.91443
3385,0
3386,6.63547
3387,2.75469
3388,26.3259
3389,28.1348
3390,0
3391,10.0302
3392,34.4893
3393,9.97114
3394,27.048
3395,0
3396,16.6268
3397,9.90831
3398,11.243
3399,15.0011
3400,0
3401,14.9643
3402,0
3403,0
3404,7.28783
3405,1.23058
3406,0.429603
3407,4.14511
3408,0
3409,5.38112
3410,23.5712
3411,26.369
3412,20.7164
3413,7.36132
3414,0
3415,34.6347
3416,0
3417,0
3418,11.6226
3419,4.41
3420,23.5409
3421,24.2504
3422,0.18645
3423,1.40844
3424,19.0412
3425,0
3426,16.9126
3427,6.35203
3428,12.292
3429,5.54608
3430,0
3431,12.6121
3432,24.9386
3433,30.5964
3434,24.311
3435,1.86141
3436,20.0552
3437,19.1483
3438,2.25347
3439,30.4863
3440,0
3441,17.4347
3442,4.83523
3443,8.94776
3444,7.75641
3445,4.52186
3446,32.8869
3447,6.76654
3448,18.6955
3449,5.32903
3450,2.81995
3451,19.4636
3452,16.2368
3453,0
3454,9.46338
3455,15.9906
3456,4.64592
3457,4.75985
3458,13.4426
3459,5.5359
3460,4.95535
3461,12.3416
3462,0
3463,7.19797
3464,6.7071
3465,8.94651
3466,0
3467,12.5408
3468,0
3469,13.6599
3470,30.8908
3471,25.0032
3472,0.314935
3473,31.9449
3474,8.30083
3475,20.544
3476,0
3477,5.82769
3478,20.0499
3479,0
3480,2.33516
3481,28.7197
3482,14.0245
3483,3.4787
3484,4.94709
3485,17.6859
3486,0
3487,28.0043
3488,24.6072
3489,7.06445
3490,17.3438
3491,22.5429
3492,3.97081
3493,0
3494,6.97954
3495,0
3496,17.5963
3497,18.8856
3498,9.42119
3499,7.50043
3500,0
3501,0.52788
3502,13.2767
3503,4.57935
3504,0
3505,8.06881
3506,18.8693
3507,0.721505
3508,22.8653
3509,22.7342
3510,9.13671
3511,1.98129
3512,20.4848
3513,0
3514,6.85997
3515,7.68821
3516,13.5156
3517,4.24354
3518,0
3519,21.8282
3520,7.31461
3521,6.66487
3522,21.1878
3523,23.5735
3524,20.7276
3525,9.75862
3526,0
3527,1.06271
3528,21.2887
3529,17.108
3530,14.5474
3531,16.3297
3532,6.68221
3533,23.772
3534,4.5332
3535,0.816388
3536,30.2954
3537,8.44506
3538,0.655449
3539,23.9297
3540,22.4223
3541,5.72281
3542,0
3543,9.96094
3544,0
3545,23.6686
3546,7.85279
3547,0
3548,47.5827
3549,11.7281
3550,3.29047
3551,13.6618
3552,0
3553,10.5011
3554,23.6812
3555,13.4877
3556,0
3557,12.7976
3558,6.69056
3559,6.02797
3560,3.8136
3561,22.839
3562,22.756
3563,0.555791
3564,22.2014
3565,27.79
3566,0
3567,42.7125
3568,8.59098
3569,8.81458
3570,41.0166
3571,14.5045
3572,15.9088
3573,0
3574,4.87385
3575,0
3576,2.98977
3577,20.541
3578,12.7923
3579,17.2785
3580,0
3581,0.525352
3582,19.3872
3583,4.8216
3584,4.58754
3585,23.5321
3586,0
3587,0.744683
3588,21.1159
3589,13.1475
3590,5.02945
3591,4.7553
3592,22.9361
3593,5.15643
3594,16.5817
3595,52.4199
3596,0.313737
3597,24.8952
3598,0
3599,0.17485
3600,5.99407
3601,7.8481
3602,3.56688
3603,17.8937
3604,3.50791
3605,21.0577
3606,4.65249
3607,1.93115
3608,13.1827
3609,20.393
3610,0
3611,16.887
3612,0
3613,0
3614,0
3615,35.9372
3616,14.3275
3617,1.29531
3618,10.2534
3619,6.20303
3620,0
3621,6.00916
3622,12.3991
3623,24.6035
3624,4.87456
3625,6.29137
3626,0.674853
3627,0
3628,11.5527
3629,34.7556
3630,5.74301
3631,13.8946
3632,4.83583
3633,3.22063
3634,28.3557
3635,0
3636,8.18413
3637,31.1258
3638,0
3639,3.88706
3640,11.2089
3641,51.474
3642,16.945
3643,7.62851
3644,14.1228
3645,19.4256
3646,0
3647,0.724972
3648,9.64613
3649,0
3650,22.117
3651,33.6013
3652,0
3653,18.9063
3654,17.5721
3655,23.2891
3656,3.98252
3657,12.9982
3658,0
3659,13.6653
3660,1.30027
3661,35.3099
3662,10.5501
3663,14.7627
3664,4.85726
3665,7.86177
3666,0
3667,1.74565
3668,26.4386
3669,6.8226
3670,2.91667
3671,11.0782
3672,30.4154
3673,2.87242
3674,0
3675,24.6691
3676,13.0269
3677,1.5536
3678,7.32627
3679,12.4468
3680,20.4224
3681,0
3682,26.4807
3683,14.8972
3684,3.57808
3685,15.7246
3686,17.7903
3687,0
3688,11.9453
3689,0
3690,14.7096
3691,7.58455
3692,23.3333
3693,5.54578
3694,23.5702
3695,26.5833
3696,0.0316838
3697,5.16209
3698,10.3827
3699,10.0608
3700,20.0872
3701,5.7496
3702,15.7353
3703,22.0745
3704,16.1324
3705,7.11315
3706,37.0315
3707,26.1364
3708,14.5852
3709,19.0914
3710,0
3711,21.5998
3712,20.3491
3713,0
3714,0
3715,7.02948
3716,23.0699
3717,5.29303
3718,6.31045
3719,11.795
3720,0
3721,30.1724
3722,16.3319
3723,21.1145
3724,9.05657
3725,24.4818
3726,12.9782
3727,19.8614
3728,3.8904
3729,12.0316
3730,3.60468
3731,0
3732,0
3733,27.9062
3734,3.73589
3735,8.28143
3736,2.03072
3737,23.9929
3738,12.5162
3739,0
3740,24.9329
3741,3.13553
3742,12.2787
3743,0
3744,41.7107
3745,17.8455
3746,20.3599
3747,10.2061
3748,2.29668
3749,8.49057
3750,0.638504
3751,0.246317
3752,21.9562
3753,4.49358
3754,39.8396
3755,0.928364
3756,17.1546
3757,6.27631
3758,0
3759,3.5659
3760,15.4109
3761,1.19181
3762,12.5255
3763,22.6286
3764,13.5041
3765,0
3766,13.9581
3767,18.8434
3768,0.145416
3769,0
3770,19.7101
3771,7.32368
3772,7.84573
3773,9.82118
3774,31.1832
3775,10.7558
3776,12.2891
3777,23.4116
3778,5.1454
3779,32.7559
3780,13.1626
3781,30.1946
3782,32.4942
3783,17.7711
3784,17.2053
3785,1.98062
3786,13.4371
3787,5.30334
3788,16.1927
3789,21.5259
3790,15.6409
3791,33.4919
3792,0
3793,32.0305
3794,1.51801
3795,5.20579
3796,23.7507
3797,0
3798,21.3715
3799,17.7437
3800,19.942
3801,25.9447
3802,15.8
3803,4.06698
3804,0
3805,0
3806,18.2349
3807,0
3808,14.5205
3809,28.1789
3810,0
3811,2.8465
3812,15.613
3813,28.8887
3814,10.8386
3815,8.94277
3816,0
3817,5.93719
3818,29.1494
3819,20.6694
3820,12.5863
3821,11.9877
3822,5.90501
3823,9.56784
3824,7.1337
3825,2.6848
3826,26.7184
3827,9.43667
3828,6.11518
3829,0.382825
3830,13.0797
3831,3.49971
3832,0
3833,0.0524383
3834,19.6815
3835,11.9333
3836,7.43122
3837,12.9126
3838,9.28321
3839,17.823
3840,5.67211
3841,39.2293
3842,23.261
3843,17.7047
3844,29.6905
3845,11.7366
3846,2.57268
3847,0
3848,10.078
3849,23.054
3850,12.6995
3851,1.60756
3852,18.2121
3853,15.4339
3854,15.1483
3855,26.8076
3856,12.6006
3857,3.71306
3858,24.3241
3859,16.0274
3860,14.8409
3861,0
3862,0
3863,4.80402
3864,12.9426
3865,11.9801
3866,0
3867,0
3868,0
3869,4.98031
3870,17.8967
3871,4.53538
3872,34.1597
3873,8.75012
3874,12.3999
3875,32.067
3876,3.70255
3877,0
3878,13.0905
3879,22.0875
3880,12.2479
3881,23.5301
3882,27.0065
3883,7.9123
3884,0
3885,0
3886,3.11801
3887,0
3888,6.02252
3889,23.893
3890,7.67357
3891,0.777839
3892,18.8411
3893,16.9291
3894,5.48173
3895,22.3657
3896,8.3499
3897,21.7658
3898,21.3232
3899,10.2377
3900,14.0929
3901,9.09376
3902,26.826
3903,0
3904,15.2943
3905,15.2208
3906,6.87592
3907,0
3908,0
3909,0
3910,20.6919
3911,18.141
3912,15.7516
3913,22.9689
3914,29.429
3915,21.0551
3916,22.035
3917,5.12998
3918,6.87914
3919,12.4658
3920,20.5166
3921,12.6422
3922,0.420542
3923,3.03273
3924,20.6934
3925,0.0785579
3926,6.77013
3927,4.79292
3928,18.6219
3929,27.0137
3930,9.22324
3931,0
3932,13.3098
3933,0
3934,8.06806
3935,15.8752
3936,43.3687
3937,24.9546
3938,0
3939,42.5752
3940,8.85115
3941,1.08645
3942,7.68941
3943,16.7651
3944,20.1278
3945,11.4402
3946,5.48135
3947,12.4414
3948,17.6212
3949,11.1797
3950,13.2957
3951,0
3952,29.4908
3953,0
3954,0
3955,23.9364
3956,18.5601
3957,22.5732
3958,6.27263
3959,30.2387
3960,18.1796
3961,31.4753
3962,21.6314
3963,19.5454
3964,28.6898
3965,29.0293
3966,6.19806
3967,5.69609
3968,7.82077
3969,18.2145
3970,13.7151
3971,22.9069
3972,10.0652
3973,0
3974,15.2226
3975,5.28473
3976,0
3977,15.013
3978,8.81998
3979,20.9581
3980,21.3626
3981,1.86471
3982,12.2319
3983,13.1704
3984,37.8768
3985,7.71536
3986,26.1508
3987,14.5135
3988,23.312
3989,27.3153
3990,16.5349
3991,14.1238
3992,23.5092
3993,20.5832
3994,18.3257
3995,0
3996,9.82517
3997,9.06616
3998,12.4669
3999,9.67028
4000,13.4772
4001,34.079
4002,9.42555
4003,0
4004,0
4005,25.3471
4006,7.21004
4007,5.54265
4008,0.273346
4009,14.4452
4010,0
4011,0
4012,9.61
4013,0
4014,0
4015,16.9938
4016,26.3033
4017,15.419
4018,6.01722
4019,19.0373
4020,7.19175
4021,0
4022,19.5939
4023,34.2986
4024,23.5942
4025,0
4026,11.5226
4027,8.59464
4028,0
4029,35.4756
4030,14.7743
4031,11.6695
4032,15.4578
4033,4.66508
4034,14.0863
4035,2.14928
4036,10.6959
4037,5.43047
4038,10.2095
4039,16.896
4040,6.42303
4041,5.43436
4042,6.79982
4043,0
4044,30.0006
4045,14.7592
4046,26.0075
4047,11.4774
4048,10.1844
4049,4.96696
4050,2.99295
4051,0
4052,1.86023
4053,16.1995
4054,20.5284
4055,0
4056,0
4057,0
4058,0
4059,2.88495
4060,17.5303
4061,0
4062,8.91789
4063,25.8181
4064,10.1406
4065,14.5311
4066,16.8903
4067,7.21854
4068,0
4069,18.7548
4070,34.7193
4071,1.85664
4072,10.3971
4073,24.2576
4074,0
4075,24.3077
4076,2.89443
4077,19.9067
4078,0.707633
4079,0.817763
4080,2.46706
4081,21.7516
4082,20.455
4083,10.1598
4084,19.3497
4085,18.8807
4086,42.4915
4087,22.028
4088,6.9667
4089,18.557
4090,32.5868
4091,18.9781
4092,5.11665
4093,10.2561
4094,34.0719
4095,25.838
4096,19.5824
4097,4.76274
4098,4.55953
4099,27.4764
4100,21.9721
4101,22.3475
4102,5.8583
4103,2.81746
4104,31.4842
4105,0
4106,27.4615
4107,19.4311
4108,10.8225
4109,8.17912
4110,0
4111,0.797024
4112,7.08549
4113,13.9911
4114,6.68002
4115,5.04511
4116,6.71268
4117,3.20545
4118,11.1636
4119,5.98138
4120,13.2211
4121,0
4122,17.9763
4123,22.6346
4124,30.0952
4125,21.3868
4126,1.72233
4127,30.2799
4128,3.53098
4129,22.6971
4130,34.1512
4131,6.37991
4132,10.6382
4133,11.69
4134,9.07086
4135,8.1701
4136,7.61514
4137,8.58017
4138,5.42689
4139,16.65
4140,19.0279
4141,6.45019
4142,0
4143,18.9581
4144,43.1286
4145,14.7009
4146,2.39367
4147,13.4036
4148,0
4149,13.1021
4150,1.19281
4151,1.78257
4152,0.0135448
4153,23.2207
4154,2.26722
4155,12.9969
4156,11.9309
4157,6.5665
4158,15.7166
4159,14.6979
4160,23.3416
4161,14.3043
4162,3.14368
4163,15.9482
4164,16.7525
4165,19.0931
4166,2.49963
4167,5.1939
4168,19.8753
4169,24.2185
4170,28.6134
4171,18.9981
4172,12.8553
4173,9.47442
4174,11.8513
4175,3.15292
4176,27.6341
4177,8.12686
4178,2.77681
4179,20.0988
4180,9.94848
4181,0
4182,26.3484
4183,21.3148
4184,10.4399
4185,23.534
4186,2.99172
4187,0.249714
4188,28.3703
4189,12.5782
4190,12.4609
4191,14.5318
4192,5.63984
4193,24.3446
4194,0.930695
4195,17.4472
4196,15.8352
4197,25.3407
4198,54.8474
4199,20.4148
4200,0
4201,14.0775
4202,11.1372
4203,24.9115
4204,18.1388
4205,10.7753
4206,34.0236
4207,19.7723
4208,24.1964
4209,8.34886
4210,14.6783
4211,6.90181
4212,7.62346
4213,0
4214,7.13025
4215,18.9362
4216,0.296669
4217,0
4218,4.17281
4219,5.77791
4220,5.20687
4221,0
4222,4.07004
4223,7.1364
4224,15.4045
4225,7.57011
4226,0
4227,18.0075
4228,8.71124
4229,14.1139
4230,1.59926
4231,16.6437
4232,25.0916
4233,5.34219
4234,25.452
4235,0
4236,0
4237,7.32581
4238,14.8126
4239,1.76156
4240,0.91838
4241,0.87547
4242,2.18844
4243,26.23
4244,0
4245,11.1706
4246,11.1103
4247,12.6143
4248,13.4243
4249,10.7148
4250,0
4251,0
4252,9.94388
4253,1.58486
4254,30.1202
4255,0
4256,16.6089
4257,22.981
4258,5.3528
4259,5.04686
4260,10.2646
4261,3.68654
4262,0.634346
4263,5.49807
4264,22.7095
4265,17.3891
4266,27.4426
4267,16.0937
4268,12.3655
4269,16.8528
4270,20.4744
4271,10.2028
4272,3.18619
4273,20.3915
4274,17.8756
4275,8.88929
4276,37.1937
4277,9.3118
4278,22.6395
4279,7.59683
4280,26.7458
4281,27.1884
4282,5.29859
4283,20.5372
4284,16.3971
4285,21.0585
4286,6.49165
4287,8.95243
4288,7.23905
4289,0
4290,12.6364
4291,26.5277
4292,12.7857
4293,21.7114
4294,1.16625
4295,18.9694
4296,8.82255
4297,18.3729
4298,19.4917
4299,3.60217
4300,0
4301,33.6639
4302,33.5604
4303,12.2436
4304,6.64385
4305,27.5096
4306,1.21358
4307,17.6521
4308,21.9108
4309,2.88879
4310,27.0696
4311,13.1682
4312,32.4827
4313,23.0523
4314,0
4315,14.1703
4316,8.14963
4317,6.66919
4318,25.4519
4319,14.876
4320,2.47975
4321,12.4946
4322,14.9036
4323,13.052
4324,5.42759
4325,0
4326,14.8087
4327,2.40091
4328,17.7006
4329,0
4330,7.26379
4331,12.4736
4332,13.1081
4333,0
4334,0
4335,8.29933
4336,14.1218
4337,20.4186
4338,23.9054
4339,19.2703
4340,13.0016
4341,0
4342,11.8088
4343,16.5739
4344,15.0886
4345,4.30504
4346,8.90244
4347,34.8943
4348,13.5868
4349,14.269
4350,29.3371
4351,8.79975
4352,7.7228
4353,13.4658
4354,14.4867
4355,5.55929
4356,0
4357,0.146345
4358,7.07382
4359,34.9652
4360,11.4137
4361,0
4362,19.0425
4363,15.2677
4364,26.1084
4365,24.8914
4366,7.59585
4367,11.4693
4368,6.58784
4369,24.8949
4370,0
4371,0
4372,3.28063
4373,38.5472
4374,13.5069
4375,22.6784
4376,5.11624
4377,25.907
4378,7.14065
4379,31.7817
4380,0
4381,7.44041
4382,26.2669
4383,0
4384,5.54782
4385,13.3304
4386,3.36746
4387,2.80343
4388,10.8983
4389,18.2826
4390,4.87933
4391,30.4076
4392,5.73681
4393,6.71937
4394,7.16108
4395,2.39304
4396,6.20733
4397,13.2813
4398,11.5097
4399,0
4400,23.6334
4401,33.8483
4402,25.6961
4403,0
4404,14.3368
4405,15.3048
4406,27.2641
4407,7.34008
4408,8.24924
4409,5.24157
4410,20.7265
4411,13.2469
4412,8.33642
4413,18.971
4414,22.4217
4415,0
4416,26.4153
4417,31.3874
4418,2.08836
4419,7.86508
4420,11.8816
4421,17.4796
4422,11.1474
4423,18.713
4424,11.0609
4425,35.9858
4426,0
4427,3.44951
4428,7.28858
4429,2.89058
4430,18.5952
4431,13.349
4432,17.265
4433,24.7701
4434,8.91203
4435,45.823
4436,2.93687
4437,13.6316
4438,6.91973
4439,9.81602
4440,15.4456
4441,6.57121
4442,12.3743
4443,20.703
4444,1.88779
4445,22.1726
4446,1.23807
4447,16.069
4448,0
4449,4.48235
4450,8.15454
4451,16.2778
4452,13.6814
4453,8.66591
4454,2.4913
4455,21.6104
4456,8.1719
4457,13.0803
4458,3.27011
4459,4.10983
4460,34.3088
4461,8.57899
4462,10.0605
4463,35.0914
4464,0
4465,25.3427
4466,0
4467,3.52682
4468,5.93739
4469,0
4470,26.3431
4471,5.48861
4472,24.9309
4473,14.9832
4474,38.9861
4475,13.5257
4476,16.4862
4477,31.865
4478,0
4479,8.22689
4480,15.5528
4481,4.63926
4482,15.7955
4483,8.04662
4484,1.75653
4485,15.413
4486,0
4487,13.4273
4488,12.9389
4489,26.1893
4490,20.8755
4491,30.0736
4492,24.3517
4493,9.7139
4494,8.18508
4495,23.4331
4496,5.37229
4497,33.2749
4498,28.8797
4499,35.9614
4500,0
4501,10.2277
4502,18.2281
4503,3.4356
4504,10.2181
4505,16.0579
4506,14.121
4507,11.1851
4508,15.574
4509,4.175
4510,17.3483
4511,16.8384
4512,26.1648
4513,0
4514,16.6781
4515,8.71251
4516,25.1579
4517,14.293
4518,30.6677
4519,21.0545
4520,6.67391
4521,18.8971
4522,21.5125
4523,8.58117
4524,12.0972
4525,7.43528
4526,7.33568
4527,15.2241
4528,7.33639
4529,7.31178
4530,33.7819
4531,9.29808
4532,26.4871
4533,10.7797
4534,29.1119
4535,0
4536,22.332
4537,0
4538,19.7743
4539,21.5474
4540,0
4541,12.3903
4542,11.9418
4543,5.25654
4544,7.80149
4545,15.823
4546,0
4547,3.07956
4548,30.9703
4549,25.2308
4550,11.6976
4551,17.9624
4552,12.4439
4553,9.04144
4554,0
4555,21.2975
4556,0
4557,13.2658
4558,17.8083
4559,0
4560,18.8867
4561,7.73836
4562,21.9882
4563,24.5078
4564,11.8543
4565,0
4566,16.7813
4567,10.4069
4568,17.0084
4569,21.8689
4570,34.1318
4571,17.1451
4572,2.21536
4573,18.5739
4574,6.88644
4575,27.2409
4576,13.7239
4577,36.5965
4578,22.5904
4579,5.93436
4580,1.94115
4581,8.53927
4582,29.1422
4583,32.2269
4584,0.761131
4585,30.4441
4586,3.36605
4587,4.71726
4588,13.1154
4589,5.39692
4590,28.5295
4591,6.75057
4592,13.0259
4593,0
4594,13.6283
4595,24.0196
4596,11.7749
4597,4.17595
4598,19.2947
4599,0
4600,16.7691
4601,6.47563
4602,14.1279
4603,20.7218
4604,4.64565
4605,4.15499
4606,6.61391
4607,0
4608,6.02992
4609,0
4610,0
4611,20.8714
4612,12.3634
4613,17.1694
4614,12.1685
4615,9.56248
4616,0
4617,12.5566
4618,0
4619,29.8743
4620,13.1202
4621,0
4622,18.5473
4623,29.1273
4624,7.56916
4625,14.6977
4626,14.38
4627,18.4269
4628,5.79908
4629,35.5535
4630,6.85267
4631,6.14371
4632,2.97933
4633,7.82451
4634,0
4635,6.74606
4636,0
4637,10.8849
4638,17.0548
4639,20.5658
4640,13.1865
4641,16.6654
4642,0
4643,11.6116
4644,1.81474
4645,0
4646,8.17484
4647,11.1482
4648,9.83701
4649,2.53151
4650,26.5104
4651,34.5724
4652,22.4724
4653,2.84848
4654,13.5308
4655,0
4656,3.91497
4657,8.55343
4658,0
4659,7.44538
4660,36.1109
4661,0
4662,16.5243
4663,7.73884
4664,24.3755
4665,13.5354
4666,10.7599
4667,8.84238
4668,0
4669,1.64588
4670,19.0866
4671,25.3107
4672,13.944
4673,24.1739
4674,14.4343
4675,25.7198
4676,11.8896
4677,16.2845
4678,5.14192
4679,19.6807
4680,0
4681,7.09836
4682,26.7239
4683,0
4684,15.4789
4685,0
4686,15.2189
4687,8.16071
4688,11.422
4689,0
4690,6.04534
4691,20.6395
4692,0
4693,20.5315
4694,18.5626
4695,16.6117
4696,17.8481
4697,4.77144
4698,15.7967
4699,28.1478
4700,9.40134
4701,16.9502
4702,4.6869
4703,21.4849
4704,5.10343
4705,5.11497
4706,0
4707,18.7372
4708,6.80905
4709,22.2027
4710,12.4474
4711,5.21683
4712,18.9191
4713,30.7786
4714,28.5509
4715,18.823
4716,15.9407
4717,0
4718,13.7114
4719,8.72301
4720,28.7737
4721,0
4722,6.89743
4723,0
4724,18.4208
4725,8.20182
4726,27.518
4727,18.6757
4728,29.1667
4729,2.89737
4730,0
4731,16.1474
4732,9.82981
4733,17.3137
4734,7.92588
4735,0
4736,4.52618
4737,8.41594
4738,18.6382
4739,7.31248
4740,0
4741,2.15266
4742,0
4743,2.01229
4744,23.1985
4745,16.1212
4746,10.7972
4747,3.28779
4748,8.84517
4749,4.28093
4750,12.6466
4751,10.6159
4752,0
4753,23.7052
4754,16.1305
4755,16.8408
4756,22.6001
4757,4.34199
4758,0
4759,9.16078
4760,18.6097
4761,14.0186
4762,5.68783
4763,0
4764,2.66767
4765,0
4766,15.1651
4767,5.26826
4768,16.9101
4769,30.086
4770,22.1004
4771,5.2371
4772,0
4773,25.7529
4774,22.1789
4775,13.127
4776,39.361
4777,15.7222
4778,18.5781
4779,0
4780,15.0889
4781,29.7661
4782,0
4783,11.3275
4784,0
4785,21.0802
4786,9.56332
4787,7.14079
4788,2.97808
4789,12.0273
4790,13.2894
4791,13.0966
4792,7.10659
4793,17.9922
4794,0
4795,6.66319
4796,15.605
4797,25.2546
4798,0
4799,18.5824
4800,0
4801,22.3375
4802,23.4382
4803,5.90534
4804,0
4805,17.5774
4806,14.8551
4807,16.4157
4808,0.0797108
4809,9.41286
4810,22.8487
4811,0
4812,11.5196
4813,14.7932
4814,20.6717
4815,19.6409
4816,6.90246
4817,2.80299
4818,16.364
4819,10.9223
4820,6.25565
4821,13.132
4822,2.0885
4823,3.02999
4824,21.18
4825,9.92218
4826,8.24446
4827,29.0447
4828,29.6039
4829,1.10966
4830,0.422862
4831,0
4832,5.6169
4833,10.693
4834,0
4835,17.3832
4836,9.13229
4837,0
4838,0
4839,28.2384
4840,0
4841,0
4842,4.21462
4843,3.42618
4844,21.8466
4845,8.90121
4846,0.152967
4847,25.2495
4848,21.5326
4849,19.5026
4850,0.242103
4851,32.1713
4852,4.01012
4853,0
4854,7.95184
4855,2.09082
4856,11.5778
4857,26.2064
4858,7.83975
4859,15.8275
4860,16.1902
4861,2.2719
4862,10.9595
4863,6.64608
4864,4.32945
4865,57.4385
4866,9.3461
4867,3.91529
4868,0
4869,0
4870,4.26955
4871,20.8256
4872,3.36129
4873,21.2529
4874,14.8737
4875,0
4876,10.9007
4877,1.58476
4878,0
4879,3.65496
4880,0
4881,12.7228
4882,19.4008
4883,10.4969
4884,0
4885,11.0389
4886,4.19825
4887,7.25846
4888,0
4889,18.5128
4890,10.1167
4891,8.84295
4892,13.6231
4893,22.7777
4894,3.82498
4895,44.1367
4896,2.85555
4897,0
4898,32.9941
4899,0
4900,28.5224
4901,8.0767
4902,0
4903,8.10356
4904,17.2198
4905,0
4906,20.6531
4907,19.0111
4908,21.8813
4909,0
4910,21.6486
4911,12.0614
4912,12.7929
4913,1.03676
4914,0
4915,8.05361
4916,6.67156
4917,21.8759
4918,13.6213
4919,35.2243
4920,11.5796
4921,18.631
4922,8.33216
4923,0
4924,6.91565
4925,29.6343
4926,16.2377
4927,1.52094
4928,28.8882
4929,2.66087
4930,9.0743
4931,0
4932,8.7487
4933,53.0557
4934,0
4935,12.2998
4936,9.91264
4937,18.0972
4938,0.927955
4939,2.83179
4940,6.29373
4941,8.46033
4942,14.3664
4943,38.6439
4944,18.3944
4945,24.3074
4946,14.5559
4947,4.59857
4948,13.366
4949,6.25646
4950,10.6617
4951,2.13137
4952,13.6985
4953,0
4954,8.19241
4955,0
4956,22.224
4957,4.23255
4958,19.1486
4959,30.111
4960,10.3151
4961,23.9507
4962,0
4963,12.7602
4964,0
4965,21.9533
4966,7.8641
4967,14.0232
4968,0
4969,10.3953
4970,3.93787
4971,9.82977
4972,0
4973,6.98023
4974,10.398
4975,15.6602
4976,30.8919
4977,3.99402
4978,2.358
4979,0
4980,6.69674
4981,14.2611
4982,31.0834
4983,13.5002
4984,17.9786
4985,15.6162
4986,9.29309
4987,8.55191
4988,24.2424
4989,4.81652
4990,16.8205
4991,17.6882
4992,14.4797
4993,0
4994,8.13638
4995,8.51733
4996,11.8485
4997,8.5369
4998,0
4999,9.0556
5000,7.65083
5001,0
5002,16.4795
5003,2.0312
5004,25.4164
5005,0
5006,20.1266
5007,4.10098
5008,8.99161
5009,6.64444
5010,0
5011,6.97387
5012,23.0627
5013,6.79359
5014,0
5015,32.449
5016,4.06794
5017,0
5018,11.228
5019,15.257
5020,22.8871
5021,0
5022,34.9449
5023,0
5024,15.818
5025,25.1144
5026,0
5027,11.0744
5028,3.24379
5029,12.2814
5030,23.3085
5031,0
5032,8.79327
5033,22.6236
5034,3.19821
5035,0
5036,21.2144
5037,8.96812
5038,10.5524
5039,3.30279
5040,15.8109
5041,13.2684
5042,8.18643
5043,34.8806
5044,6.26547
5045,13.0641
5046,1.59298
5047,6.81537
5048,0.81742
5049,9.0687
5050,0
5051,0
5052,0
5053,14.0152
5054,8.9368
5055,25.1149
5056,0
5057,23.743
5058,14.6048
5059,11.5637
5060,13.8648
5061,18.2187
5062,16.5304
5063,5.91236
5064,9.01585
5065,17.2633
5066,0
5067,18.7943
5068,1.85354
5069,3.08602
5070,14.001
5071,15.0773
5072,44.0214
5073,0
5074,24.7823
5075,17.4544
5076,15.2198
5077,2.17948
5078,0
5079,11.7598
5080,1.36245
5081,11.2998
5082,19.0172
5083,10.611
5084,0
5085,20.6119
5086,6.95826
5087,7.91642
5088,6.26586
5089,14.4997
5090,0
5091,13.9888
5092,0
5093,16.169
5094,31.596
5095,0.673214
5096,4.95087
5097,0
5098,14.6426
5099,15.8289
5100,21.61
5101,12.4258
5102,19.1839
5103,29.3898
5104,8.45526
5105,9.16906
5106,0
5107,13.651
5108,11.0314
5109,21.7315
5110,5.66323
5111,16.335
5112,25.9234
5113,19.1072
5114,8.97571
5115,13.6856
5116,6.7217
5117,5.32852
5118,11.3917
5119,11.5038
5120,4.46678
5121,3.65256
5122,23.3483
5123,22.0872
5124,9.00489
5125,10.0791
5126,30.8592
5127,18.0375
5128,7.95297
5129,4.53368
5130,7.0348
5131,0
5132,2.58257
5133,9.81938
5134,2.03324
5135,9.70369
5136,2.0802
5137,4.62056
5138,11.813
5139,0
5140,0
5141,12.7883
5142,0
5143,35.2922
5144,19.4637
5145,14.6458
5146,33.055
5147,9.49947
5148,22.1294
5149,13.9468
5150,16.675
5151,14.6259
5152,4.94745
5153,6.79036
5154,13.5969
5155,9.33785
5156,36.7423
5157,16.9002
5158,4.21927
5159,0
5160,6.73161
5161,3.14359
5162,16.221
5163,3.52275
5164,0.994831
5165,7.71395
5166,11.9277
5167,11.9136
5168,24.8589
5169,16.7288
5170,12.3117
5171,14.3428
5172,19.2954
5173,45.4534
5174,20.5722
5175,0
5176,22.8654
5177,34.5405
5178,11.3901
5179,19.7459
5180,1.56481
5181,31.5399
5182,3.80279
5183,9.01341
5184,10.8213
5185,6.67815
5186,3.12036
5187,0.574797
5188,0
5189,24.6479
5190,7.73657
5191,12.7603
5192,25.1787
5193,0
5194,6.23139
5195,8.06292
5196,9.52938
5197,13.7474
5198,7.34839
5199,4.7742
5200,15.6062
5201,7.18761
5202,13.7281
5203,7.8909
5204,4.25589
5205,22.247
5206,4.26416
5207,0
5208,6.16673
5209,7.60234
5210,15.0978
5211,19.9594
5212,23.8998
5213,0.996906
5214,27.2413
5215,0
5216,18.4866
5217,14.9396
5218,0
5219,0
5220,12.293
5221,1.70515
5222,7.77249
5223,16.7502
5224,16.1238
5225,14.3957
5226,6.80578
5227,5.74029
5228,14.4809
5229,0.733306
5230,13.4694
5231,8.61315
5232,0
5233,31.2801
5234,18.0284
5235,14.3172
5236,0
5237,5.25353
5238,0
5239,27.1881
5240,15.1226
5241,6.36784
5242,3.4857
5243,22.8387
5244,2.11284
5245,13.84
5246,0
5247,9.9834
5248,7.55102
5249,23.6834
5250,14.6705
5251,8.14957
5252,0
5253,0
5254,6.45575
5255,32.3831
5256,0
5257,19.2594
5258,12.2769
5259,30.334
5260,10.5589
5261,3.05829
5262,18.8954
5263,21.0312
5264,5.05287
5265,15.7816
5266,23.7329
5267,7.22782
5268,6.66427
5269,0
5270,6.44624
5271,5.87078
5272,0
5273,3.7344
5274,7.53026
5275,24.7542
5276,6.39582
5277,6.00112
5278,12.2801
5279,9.99903
5280,7.10634
5281,10.5745
5282,22.4795
5283,5.63185
5284,8.172
5285,15.6653
5286,0
5287,6.2867
5288,0
5289,0.794483
5290,11.3378
5291,35.6499
5292,8.3191
5293,19.864
5294,10.4423
5295,25.9345
5296,0
5297,11.3914
5298,10.4059
5299,7.06583
5300,4.28148
5301,14.1507
5302,6.03256
5303,5.27691
5304,3.62745
5305,6.77276
5306,38.1128
5307,11.3407
5308,13.1162
5309,3.10655
5310,15.9362
5311,0.371359
5312,25.7127
5313,7.73344
5314,23.9213
5315,20.3161
5316,0
5317,0
5318,0
5319,2.32076
5320,4.71833
5321,19.7595
5322,0
5323,9.05043
5324,17.2374
5325,11.803
5326,9.31452
5327,0
5328,0
5329,13.1666
5330,25.274
5331,0
5332,2.73473
5333,7.84166
5334,20.8949
5335,11.477
5336,11.6832
5337,4.59768
5338,34.8031
5339,22.959
5340,0
5341,17.5184
5342,9.51486
5343,11.9343
5344,18.8857
5345,14.6795
5346,20.5119
5347,9.46877
5348,14.196
5349,0
5350,0.390997
5351,0
5352,0
5353,14.4636
5354,11.8001
5355,7.20593
5356,26.2146
5357,10.2235
5358,0
5359,2.58952
5360,0
5361,14.9503
5362,16.2325
5363,0
5364,10.559
5365,0
5366,7.68587
5367,0.709978
5368,33.9357
5369,16.9824
5370,2.66601
5371,23.0331
5372,6.97343
5373,9.11129
5374,16.6267
5375,19.1908
5376,26.9326
5377,9.55334
5378,2.37099
5379,22.9126
5380,22.5025
5381,20.5104
5382,9.368
5383,3.04391
5384,0
5385,0
5386,14.8218
5387,4.16774
5388,1.00765
5389,20.5147
5390,22.6241
5391,0
5392,27.6251
5393,18.5154
5394,12.9058
5395,0
5396,0
5397,6.0099
5398,18.704
5399,5.62086
5400,15.5318
5401,11.0276
5402,0
5403,20.1563
5404,20.3918
5405,15.5806
5406,5.2363
5407,7.64505
5408,11.2564
5409,16.688
5410,5.46851
5411,5.41902
5412,0
5413,0
5414,13.6469
5415,30.2512
5416,6.96003
5417,1.13523
5418,23.0328
5419,25.9383
5420,13.8521
5421,7.19625
5422,2.81523
5423,21.5463
5424,13.6913
5425,17.8874
5426,5.58425
5427,0
5428,20.4898
5429,15.2105
5430,3.00291
5431,0.487911
5432,19.2612
5433,14.3833
5434,42.4907
5435,7.80731
5436,11.0518
5437,24.8796
5438,41.6756
5439,0.654061
5440,0
5441,0
5442,0
5443,1.20857
5444,21.8373
5445,3.45515
5446,7.93223
5447,14.7084
5448,27.6841
5449,19.0948
5450,10.3043
5451,3.53539
5452,6.54934
5453,13.0665
5454,0
5455,2.05819
5456,14.0101
5457,14.037
5458,11.4548
5459,20.5676
5460,2.3755
5461,16.8219
5462,0
5463,1.25061
5464,14.7294
5465,6.75656
5466,18.2379
5467,20.6831
5468,23.3996
5469,19.6657
5470,13.6436
5471,13.6676
5472,0
5473,24.6562
5474,17.4385
5475,24.2644
5476,0
5477,6.0295
5478,12.1681
5479,16.7386
5480,27.709
5481,19.556
5482,8.4443
5483,6.38837
5484,16.8065
5485,7.16689
5486,0
5487,3.04355
5488,6.74815
5489,2.31973
5490,0.04008
5491,6.94414
5492,1.5952
5493,17.94
5494,25.4104
5495,3.00033
5496,69.035
5497,3.71233
5498,31.8819
5499,14.9466
5500,5.30978
5501,0
5502,6.45419
5503,0.126068
5504,29.7718
5505,20.595
5506,9.4649
5507,9.19995
5508,5.61668
5509,21.5617
5510,30.0313
5511,14.5615
5512,14.4564
5513,8.5461
5514,13.2729
5515,10.0051
5516,28.3406
5517,36.0788
5518,0
5519,0
5520,0
5521,31.3512
5522,0
5523,0
5524,21.6555
5525,23.6012
5526,6.65575
5527,13.4303
5528,35.5713
5529,30.1235
5530,0
5531,7.95167
5532,3.62096
5533,3.04764
5534,7.61396
5535,4.1916
5536,0
5537,19.4622
5538,48.0074
5539,17.2897
5540,6.53484
5541,14.4459
5542,10.0209
5543,14.8327
5544,4.61528
5545,18.8175
5546,32.7165
5547,15.2882
5548,20.1474
5549,4.45176
5550,7.60961
5551,11.2488
5552,18.9053
5553,14.5752
5554,18.992
5555,23.3088
5556,2.80004
5557,7.88437
5558,15.2701
5559,11.4514
5560,2.79559
5561,0
5562,6.11357
5563,8.19272
5564,2.45908
5565,8.80384
5566,15.2783
5567,14.4836
5568,12.0821
5569,18.0002
5570,31.8353
5571,2.11007
5572,11.4952
5573,3.52911
5574,10.2886
5575,6.22518
5576,3.98011
5577,7.26517
5578,0
5579,0
5580,15.304
5581,11.7349
5582,17.1651
5583,0.572422
5584,22.2392
5585,3.2423
5586,9.10752
5587,13.4739
5588,14.9632
5589,0.705629
5590,19.394
5591,11.039
5592,2.75272
5593,19.5619
5594,13.7698
5595,1.96859
5596,30.8254
5597,20.5367
5598,21.7585
5599,1.1582
5600,19.5357
5601,0
5602,16.0847
5603,0
5604,8.63952
5605,20.9782
5606,25.422
5607,16.8644
5608,18.2514
5609,28.2181
5610,1.90043
5611,0
5612,2.77021
5613,6.55197
5614,1.53163
5615,20.1229
5616,13.6907
5617,6.2385
5618,1.77229
5619,6.21681
5620,15.3492
5621,13.1997
5622,0
5623,10.3706
5624,8.00248
5625,12.3677
5626,17.8368
5627,5.52934
5628,25.7931
5629,24.7312
5630,1.23191
5631,13.919
5632,14.4414
5633,17.0996
5634,0
5635,16.4059
5636,15.6309
5637,14.0739
5638,54.9424
5639,23.5988
5640,1.39805
5641,29.2563
5642,6.45351
5643,15.0078
5644,1.77382
5645,20.517
5646,21.6188
5647,8.16962
5648,43.938
5649,34.8333
5650,11.8689
5651,12.6359
5652,31.0335
5653,15.0253
5654,0
5655,28.8359
5656,0
5657,17.9678
5658,34.2403
5659,1.18085
5660,2.26285
5661,21.4177
5662,26.8172
5663,3.59261
5664,24.1077
5665,30.9524
5666,0
5667,35.4455
5668,12.2339
5669,35.961
5670,3.71499
5671,13.7089
5672,13.0711
5673,8.66125
5674,24.2725
5675,8.81315
5676,4.20784
5677,2.94828
5678,1.88521
5679,2.6978
5680,17.2118
5681,0
5682,29.7757
5683,14.3262
5684,17.2098
5685,26.2272
5686,15.2149
5687,17.5672
5688,8.88051
5689,34.5039
5690,23.537
5691,22.2953
5692,4.75819
5693,5.91971
5694,0.0399189
5695,0
5696,3.55495
5697,4.9241
5698,37.1821
5699,8.19052
5700,40.7752
5701,1.35594
5702,31.604
5703,5.09477
5704,15.4127
5705,31.6733
5706,0
5707,9.89757
5708,22.0506
5709,0
5710,23.932
5711,6.64237
5712,0
5713,23.3376
5714,14.527
5715,48.7841
5716,6.78112
5717,7.80581
5718,17.4779
5719,30.6405
5720,20.1158
5721,13.4527
5722,17.7972
5723,21.6566
5724,3.66735
5725,20.046
5726,11.5716
5727,10.163
5728,19.1804
5729,23.2524
5730,0
5731,0.0177743
5732,0
5733,26.1478
5734,15.5612
5735,1.90773
5736,0.483303
5737,6.92177
5738,0
5739,6.45912
5740,4.95281
5741,17.9511
5742,0
5743,14.956
5744,5.10183
5745,14.5613
5746,17.8402
5747,28.2309
5748,23.6174
5749,0.67587
5750,25.4677
5751,11.7391
5752,36.4437
5753,5.71527
5754,51.1794
5755,19.2953
5756,12.5292
5757,28.2158
5758,23.1172
5759,33.0453
5760,10.1744
5761,3.59758
5762,0
5763,32.4162
5764,9.41067
5765,10.6247
5766,0
5767,0
5768,10.6911
5769,11.3269
5770,17.5531
5771,0
5772,11.7451
5773,27.3454
5774,0
5775,11.11
5776,8.00673
5777,2.2522
5778,14.2061
5779,12.1554
5780,3.58054
5781,0.267682
5782,14.6805
5783,18.2564
5784,65.7475
5785,26.1285
5786,8.33075
5787,15.9992
5788,4.4334
5789,6.38276
5790,33.6315
5791,11.9767
5792,15.0769
5793,0
5794,15.0806
5795,0.559565
5796,7.7437
5797,13.2675
5798,3.18852
5799,8.47478
5800,2.87551
5801,22.0959
5802,23.5948
5803,23.5887
5804,8.21211
5805,19.6229
5806,40.314
5807,16.016
5808,12.0164
5809,0
5810,0
5811,7.61881
5812,25.9751
5813,8.14956
5814,9.23004
5815,20.4804
5816,4.81337
5817,2.69723
5818,0
5819,14.1095
5820,3.85961
5821,4.22131
5822,0
5823,3.47486
5824,22.3487
5825,8.57806
5826,19.4286
5827,24.806
5828,17.204
5829,3.14465
5830,0
5831,1.6483
5832,1.23281
5833,4.71736
5834,25.4318
5835,8.53503
5836,17.4658
5837,25.6347
5838,13.497
5839,8.02061
5840,0
5841,15.1173
5842,22.0779
5843,10.4772
5844,2.83992
5845,4.66428
5846,3.39635
5847,27.8398
5848,4.31447
5849,4.50811
5850,9.36684
5851,16.2348
5852,9.97728
5853,6.17757
5854,19.6893
5855,8.32182
5856,22.6654
5857,7.36679
5858,13.1507
5859,6.73531
5860,33.2368
5861,19.557
5862,16.5679
5863,16.8682
5864,5.41134
5865,17.0501
5866,2.30713
5867,6.39028
5868,13.1902
5869,5.80663
5870,1.77463
5871,2.79662
5872,17.2914
5873,5.116
5874,0
5875,0
5876,20.5425
5877,28.119
5878,11.8507
5879,3.35023
5880,18.4132
5881,10.2835
5882,26.1368
5883,9.35412
5884,26.2924
5885,13.983
5886,0
5887,11.8797
5888,16.7347
5889,5.00522
5890,14.9627
5891,5.12532
5892,37.7972
5893,2.98219
5894,0.27807
5895,2.29372
5896,6.30148
5897,8.94798
5898,7.71364
5899,11.748
5900,0
5901,11.6366
5902,0
5903,7.64513
5904,1.08935
5905,6.75746
5906,2.63512
5907,4.34068
5908,12.1579
5909,21.3347
5910,17.4337
5911,29.1822
5912,13.8756
5913,5.18745
5914,20.4421
5915,13.2478
5916,25.8228
5917,5.88057
5918,26.7297
5919,37.1425
5920,16.3554
5921,26.9898
5922,8.94785
5923,10.4776
5924,0
5925,0
5926,11.6175
5927,3.38934
5928,13.0332
5929,0
5930,18.7969
5931,24.0922
5932,0
5933,20.8028
5934,8.5965
5935,0
5936,13.9631
5937,2.50157
5938,16.4617
5939,6.52343
5940,0
5941,14.6355
5942,26.1708
5943,6.20956
5944,9.65471
5945,18.8516
5946,0
5947,45.9081
5948,21.6431
5949,0
5950,4.9016
5951,11.172
5952,18.3364
5953,7.04064
5954,24.3094
5955,12.3244
5956,19.0095
5957,17.8443
5958,30.2666
5959,11.0005
5960,29.1204
5961,0
5962,21.2967
5963,13.148
5964,4.89017
5965,11.1705
5966,5.58516
5967,32.454
5968,2.13745
5969,29.0405
5970,11.2542
5971,10.0325
5972,5.68542
5973,5.22681
5974,18.0296
5975,4.87551
5976,14.3798
5977,41.3258
5978,32.4986
5979,13.3136
5980,13.3693
5981,6.52728
5982,0.552515
5983,17.2523
5984,19.5009
5985,22.3298
5986,13.4138
5987,31.6329
5988,4.11358
5989,11.0771
5990,4.14617
5991,0
5992,20.9133
5993,7.54566
5994,9.39967
5995,8.62884
5996,8.88272
5997,30.8777
5998,11.6411
5999,10.1419
6000,0
6001,10.1021
6002,3.77665
6003,36.8673
6004,1.59639
6005,3.10076
6006,32.7508
6007,8.1758
6008,12.4632
6009,10.5851
6010,16.8481
6011,21.2254
6012,12.3103
6013,24.7684
6014,26.1526
6015,12.44
6016,0
6017,16.6492
6018,0
6019,15.4379
6020,0
6021,2.8386
6022,9.89065
6023,1.84055
6024,37.8807
6025,14.3059
6026,9.88432
6027,31.5058
6028,4.93582
6029,0.762599
6030,17.0538
6031,0
6032,0
6033,17.3452
6034,1.30853
6035,10.9275
6036,7.59794
6037,23.0606
6038,38.8219
6039,19.3212
6040,1.44851
6041,16.0328
6042,3.74695
6043,3.23956
6044,18.7159
6045,7.38316
6046,27.0856
6047,23.3035
6048,3.74526
6049,4.01637
6050,0
6051,2.00314
6052,8.62481
6053,28.4689
6054,13.3261
6055,19.9496
6056,0
6057,3.49154
6058,17.4569
6059,8.43032
6060,1.69467
6061,13.9854
6062,18.2005
6063,16.1601
6064,10.5176
6065,22.8231
6066,0
6067,5.74723
6068,17.4375
6069,14.4924
6070,35.1567
6071,21.9887
6072,12.8144
6073,21.7978
6074,19.471
6075,13.7089
6076,0
6077,8.80297
6078,6.54609
6079,0
6080,0
6081,15.739
6082,21.0179
6083,2.78362
6084,77.658
6085,0
6086,15.4032
6087,13.7395
6088,0
6089,0
6090,11.3484
6091,2.20909
6092,17.4212
6093,15.1735
6094,17.0085
6095,18.5819
6096,4.70782
6097,5.39656
6098,37.0019
6099,13.8401
6100,6.15763
6101,29.6075
6102,3.15556
6103,2.67699
6104,27.5318
6105,15.1799
6106,24.3913
6107,19.7948
6108,8.02091
6109,4.86961
6110,14.8384
6111,24.8861
6112,14.229
6113,14.8248
6114,43.8467
6115,6.20576
6116,22.6114
6117,4.06825
6118,15.1778
6119,0
6120,17.739
6121,11.4402
6122,2.81967
6123,8.14627
6124,5.54818
6125,21.6098
6126,4.18386
6127,6.96165
6128,10.1589
6129,35.2466
6130,11.1794
6131,0
6132,0
6133,8.50601
6134,15.3236
6135,0.774714
6136,0
6137,33.0056
6138,5.32073
6139,0
6140,11.6891
6141,28.9755
6142,10.7174
6143,5.61605
6144,15.4335
6145,9.84092
6146,2.97987
6147,20.562
6148,21.1604
6149,0
6150,18.7569
6151,11.8399
6152,0
6153,8.56072
6154,13.1431
6155,16.1224
6156,19.1855
6157,11.2965
6158,4.70977
6159,3.40519
6160,28.6326
6161,29.3845
6162,1.89471
6163,5.77725
6164,29.5108
6165,3.78652
6166,14.5568
6167,24.8553
6168,16.3527
6169,20.6659
6170,0
6171,0
6172,15.5812
6173,39.0765
6174,0
6175,8.64274
6176,0
6177,18.618
6178,0
6179,2.547
6180,15.5499
6181,10.4868
6182,6.15491
6183,3.64263
6184,22.9509
6185,0
6186,13.3843
6187,24.9302
6188,15.227
6189,2.39771
6190,6.81094
6191,9.33683
6192,13.8045
6193,34.8689
6194,2.72515
6195,20.0649
6196,35.9746
6197,15.8724
6198,10.8155
6199,9.47098
6200,20.5479
6201,15.9043
6202,9.28972
6203,17.6441
6204,8.63904
6205,13.6199
6206,2.15892
6207,14.0493
6208,4.80703
6209,11.0265
6210,6.90504
6211,18.8288
6212,8.82323
6213,5.68174
6214,48.9555
6215,3.98595
6216,9.11115
6217,5.3376
6218,7.23957
6219,0.198359
6220,9.31862
6221,26.3783
6222,15.001
6223,15.9636
6224,5.19871
6225,0
6226,0
6227,25.344
6228,0
6229,0.132046
6230,15.8087
6231,9.15743
6232,24.1249
6233,7.62873
6234,7.44514
6235,12.8743
6236,22.2976
6237,5.81224
6238,14.6525
6239,47.4984
6240,1.23386
6241,34.1739
6242,0
6243,21.9978
6244,5.18306
6245,0
6246,14.274
6247,37.2306
6248,7.08726
6249,12.4267
6250,36.3711
6251,15.2415
6252,18.8763
6253,16.1981
6254,29.4434
6255,43.1304
6256,26.7819
6257,35.1428
6258,1.12502
6259,0
6260,22.2947
6261,5.48596
6262,21.5112
6263,40.5629
6264,4.976
6265,24.0072
6266,17.937
6267,31.383
6268,1.26554
6269,16.1182
6270,21.021
6271,0
6272,5.69064
6273,11.3002
6274,6.94383
6275,19.9617
6276,17.6299
6277,0
6278,14.0335
6279,11.6882
6280,11.1963
6281,17.8855
6282,2.38418
6283,0
6284,0
6285,26.3363
6286,34.7271
6287,26.8401
6288,11.4167
6289,29.4314
6290,0
6291,5.2782
6292,10.8575
6293,11.7108
6294,11.0265
6295,13.3396
6296,11.285
6297,27.3042
6298,5.08031
6299,10.5953
6300,27.3778
6301,24.5624
6302,33.5693
6303,23.7635
6304,16.4378
6305,8.9261
6306,13.1497
6307,0
6308,13.5132
6309,38.7806
6310,22.2384
6311,23.4808
6312,0
6313,0.419862
6314,7.59285
6315,34.854
6316,19.0406
6317,0
6318,7.74851
6319,4.17388
6320,6.34127
6321,32.6993
6322,0
6323,11.3999
6324,1.63291
6325,0
6326,0
6327,7.04879
6328,10.5369
6329,16.4629
6330,54.2655
6331,23.9369
6332,22.3816
6333,3.31457
6334,2.90432
6335,9.61072
6336,16.1686
6337,29.1401
6338,10.9424
6339,0.05927
6340,0
6341,4.97712
6342,22.6267
6343,16.6348
6344,5.17252
6345,38.9076
6346,0
6347,3.53863
6348,31.7842
6349,8.41763
6350,1.91449
6351,12.8857
6352,10.044
6353,21.1122
6354,21.3448
6355,10.4317
6356,6.62793
6357,0
6358,0
6359,35.0395
6360,0
6361,13.7805
6362,25.8374
6363,9.49905
6364,0
6365,12.8069
6366,5.43709
6367,0
6368,11.6426
6369,28.3279
6370,7.97592
6371,9.64058
6372,19.9399
6373,1.92559
6374,11.3738
6375,21.031
6376,14.9562
6377,26.0486
6378,12.91
6379,31.9109
6380,10.2711
6381,7.54583
6382,28.2468
6383,0.121573
6384,25.3126
6385,16.971
6386,3.72791
6387,5.66116
6388,0
6389,2.88693
6390,19.8448
6391,20.2819
6392,3.49098
6393,7.45954
6394,22.9398
6395,0
6396,3.58612
6397,31.4479
6398,13.1066
6399,1.1757
6400,12.2389
6401,0
6402,34.5914
6403,15.7999
6404,32.8011
6405,1.73857
6406,25.5976
6407,0
6408,23.6167
6409,7.46109
6410,0
6411,12.5481
6412,28.8651
6413,19.3735
6414,0
6415,9.93896
6416,14.346
6417,0
6418,17.5722
6419,20.8014
6420,12.6179
6421,19.9787
6422,41.9902
6423,11.954
6424,11.041
6425,10.1494
6426,10.0767
6427,14.1019
6428,9.01587
6429,33.5692
6430,6.36041
6431,7.67277
6432,7.93516
6433,8.24445
6434,15.6756
6435,5.09116
6436,10.2415
6437,0.275087
6438,5.83546
6439,5.28489
6440,0
6441,16.6374
6442,13.5733
6443,6.94989
6444,23.5419
6445,24.6768
6446,0
6447,8.67515
6448,7.39018
6449,17.3051
6450,18.3516
6451,29.3229
6452,7.16221
6453,2.57213
6454,0
6455,13.9382
6456,14.1002
6457,3.53545
6458,12.9492
6459,9.68138
6460,2.69675
6461,9.34829
6462,1.34727
6463,22.9824
6464,0
6465,5.81564
6466,16.5971
6467,2.49063
6468,15.5955
6469,14.7876
6470,18.9152
6471,2.66233
6472,4.63438
6473,11.8441
6474,14.9823
6475,13.3975
6476,8.17158
6477,2.89124
6478,0
6479,27.6905
6480,10.0711
6481,21.174
6482,1.76105
6483,23.6486
6484,9.65311
6485,8.1799
6486,8.7983
6487,5.95765
6488,0
6489,18.3491
6490,45.9052
6491,60.9067
6492,2.90232
6493,11.0787
6494,0
6495,7.28917
6496,8.38335
6497,0
6498,14.0379
6499,15.0624
6500,0.787593
6501,8.21113
6502,1.61342
6503,16.4167
6504,14.0459
6505,16.4372
6506,3.15517
6507,27.7523
6508,0
6509,0
6510,3.22082
6511,2.72188
6512,2.5432
6513,5.51456
6514,0
6515,0
6516,29.3861
6517,15.4634
6518,9.68856
6519,0
6520,0
6521,20.1399
6522,11.3961
6523,28.2907
6524,4.51844
6525,1.19495
6526,7.93644
6527,13.8703
6528,24.1353
6529,0
6530,15.9385
6531,4.5285
6532,0
6533,5.00207
6534,19.0604
6535,8.97362
6536,23.1365
6537,0
6538,0
6539,6.13596
6540,19.6056
6541,6.81075
6542,3.44653
6543,13.2429
6544,26.1701
6545,28.4517
6546,31.4307
6547,16.1245
6548,12.1223
6549,31.0815
6550,29.326
6551,9.99499
6552,20.0137
6553,0
6554,23.839
6555,0
6556,24.1187
6557,1.98318
6558,19.2864
6559,0
6560,24.3185
6561,0
6562,16.4984
6563,7.28826
6564,7.47776
6565,15.8651
6566,8.40115
6567,13.9073
6568,5.38339
6569,42.0969
6570,21.9333
6571,12.0134
6572,10.5827
6573,16.169
6574,0
6575,15.3565
6576,0
6577,0.958717
6578,13.1434
6579,18.6469
6580,22.5771
6581,0
6582,0
6583,6.69299
6584,5.1946
6585,10.5426
6586,17.2031
6587,3.21458
6588,0
6589,22.2017
6590,9.41332
6591,24.8693
6592,18.9737
6593,3.39555
6594,2.89402
6595,16.8992
6596,0
6597,5.28381
6598,0
6599,21.4603
6600,28.0998
6601,25.4267
6602,5.60553
6603,0
6604,8.72976
6605,20.4448
6606,30.3425
6607,30.3357
6608,29.7589
6609,11.0505
6610,4.40875
6611,6.21748
6612,10.0454
6613,4.65264
6614,14.8888
6615,25.3737
6616,14.7279
6617,28.6183
6618,2.46328
6619,10.4161
6620,30.9576
6621,23.6954
6622,0
6623,0
6624,13.3937
6625,0
6626,0
6627,10.4771
6628,33.6425
6629,6.66069
6630,5.40256
6631,12.4465
6632,11.5044
6633,23.0608
6634,19.2947
6635,6.69349
6636,14.5406
6637,0
6638,0
6639,13.2973
6640,5.39271
6641,12.5754
6642,4.56369
6643,26.303
6644,5.82633
6645,0
6646,2.4884
6647,0
6648,20.4312
6649,4.10369
6650,15.1692
6651,0
6652,28.9622
6653,28.3091
6654,24.4465
6655,22.2324
6656,25.6981
6657,37.8105
6658,7.6692
6659,2.84353
6660,28.1282
6661,4.21977
6662,29.854
6663,8.53856
6664,7.83668
6665,16.9808
6666,23.9455
6667,10.4326
6668,0.559776
6669,0
6670,15.48
6671,0
6672,10.9351
6673,0
6674,30.2195
6675,10.2203
6676,14.964
6677,5.82937
6678,13.963
6679,28.1161
6680,24.7434
6681,38.6643
6682,0
6683,36.0771
6684,15.2149
6685,0
6686,14.0691
6687,15.6161
6688,6.93293
6689,18.0809
6690,28.5422
6691,18.2013
6692,34.565
6693,1.74898
6694,21.0036
6695,10.6183
6696,20.0138
6697,36.2115
6698,4.90215
6699,18.078
6700,19.7681
6701,16.1258
6702,0
6703,0
6704,28.3262
6705,9.65807
6706,0
6707,4.79243
6708,1.52676
6709,10.5839
6710,10.1288
6711,0
6712,8.16621
6713,7.39713
6714,26.7815
6715,19.0202
6716,6.31322
6717,0
6718,7.52254
6719,25.6805
6720,5.60452
6721,13.2717
6722,24.7734
6723,10.652
6724,15.9313
6725,24.6248
6726,0.0887264
6727,14.9402
6728,22.5492
6729,7.12366
6730,0
6731,3.77784
6732,18.8962
6733,0
6734,15.8534
6735,8.26248
6736,15.2488
6737,6.31866
6738,5.78245
6739,8.47611
6740,4.9784
6741,12.9165
6742,16.3825
6743,5.62672
6744,5.15968
6745,20.0431
6746,28.295
6747,24.9323
6748,0.830822
6749,13.2598
6750,3.69203
6751,16.8167
6752,0.0317378
6753,13.4858
6754,19.0301
6755,4.2198
6756,5.05231
6757,13.7157
6758,0
6759,19.1803
6760,4.78724
6761,41.594
6762,7.04544
6763,17.998
6764,13.0926
6765,0
6766,9.60906
6767,26.1189
6768,9.17108
6769,14.012
6770,23.1236
6771,36.2247
6772,22.4936
6773,0
6774,8.70546
6775,5.89677
6776,5.55011
6777,41.3464
6778,43.4487
6779,14.7317
6780,6.2017
6781,2.2245
6782,8.43659
6783,27.0278
6784,36.3961
6785,19.3627
6786,16.6873
6787,1.49294
6788,18.9368
6789,7.27059
6790,38.302
6791,45.6314
6792,9.3699
6793,9.23887
6794,27.1061
6795,20.1739
6796,15.2444
6797,2.67866
6798,7.93997
6799,0
6800,3.65322
6801,9.05789
6802,40.215
6803,8.932
6804,0
6805,18.0645
6806,25.3222
6807,19.5492
6808,22.2068
6809,18.9238
6810,2.65188
6811,0
6812,26.0532
6813,8.9708
6814,12.4084
6815,18.3181
6816,27.1636
6817,1.68528
6818,7.71051
6819,4.53298
6820,9.49425
6821,5.15594
6822,17.8561
6823,11.9681
6824,12.6012
6825,0
6826,10.5294
6827,19.0477
6828,12.5274
6829,32.0616
6830,13.7902
6831,18.6575
6832,21.3305
6833,16.3265
6834,4.39615
6835,3.85631
6836,0
6837,7.23262
6838,12.5493
6839,40.8495
6840,23.1737
6841,28.8177
6842,18.2748
6843,22.8652
6844,0
6845,6.23395
6846,4.84104
6847,9.64201
6848,20.4931
6849,7.43401
6850,6.77554
6851,18.687
6852,0
6853,13.3388
6854,0
6855,15.9165
6856,24.734
6857,22.4279
6858,8.44996
6859,25.3953
6860,18.3317
6861,20.3805
6862,0
6863,5.17366
6864,0.439601
6865,12.9878
6866,8.44613
6867,0
6868,21.0794
6869,12.2947
6870,9.93064
6871,18.0175
6872,5.67816
6873,8.55327
6874,18.8509
6875,12.4308
6876,10.458
6877,12.8772
6878,27.214
6879,0
6880,16.8122
6881,11.0984
6882,13.8709
6883,2.22646
6884,8.04184
6885,34.916
6886,19.5853
6887,33.9954
6888,20.8729
6889,23.6866
6890,0
6891,20.898
6892,15.16
6893,29.6536
6894,1.68866
6895,13.2389
6896,21.3227
6897,3.85686
6898,0.588834
6899,18.095
6900,23.3798
6901,10.3765
6902,0.197087
6903,4.66176
6904,0.0107673
6905,0.172381
6906,23.4666
6907,9.87079
6908,2.73683
6909,5.80692
6910,2.06576
6911,21.7229
6912,14.0416
6913,14.8201
6914,6.19606
6915,8.57617
6916,12.8383
6917,24.6922
6918,22.3992
6919,0.645396
6920,1.97798
6921,16.1893
6922,8.51746
6923,13.9259
6924,13.459
6925,10.4577
6926,25.6972
6927,13.8509
6928,9.77158
6929,1.51879
6930,17.1662
6931,16.002
6932,14.5832
6933,8.8633
6934,5.01511
6935,0
6936,18.8641
6937,2.94117
6938,6.33779
6939,8.14298
6940,0
6941,9.47012
6942,16.1428
6943,10.0296
6944,13.6151
6945,11.6294
6946,5.71363
6947,0.00454224
6948,0.293025
6949,17.5699
6950,16.5225
6951,0
6952,0
6953,27.3517
6954,0
6955,10.4931
6956,0
6957,2.20263
6958,10.187
6959,0
6960,9.96282
6961,16.6297
6962,19.5528
6963,3.01479
6964,9.27791
6965,19.1539
6966,0
6967,12.3114
6968,2.57921
6969,11.7548
6970,0
6971,13.5906
6972,7.27975
6973,0
6974,2.10706
6975,11.3236
6976,8.03065
6977,16.9128
6978,10.9141
6979,7.53522
6980,5.0673
6981,20.133
6982,4.43827
6983,0
6984,37.0456
6985,15.2744
6986,7.77076
6987,0
6988,6.17029
6989,14.4251
6990,13.0303
6991,18.423
6992,13.6732
6993,25.9237
6994,0
6995,0
6996,5.91533
6997,24.311
6998,4.15188
6999,5.26417
7000,11.4432
7001,0
7002,11.8767
7003,20.9381
7004,6.97314
7005,0
7006,0.614205
7007,0.269991
7008,3.90898
7009,10.4285
7010,9.55323
7011,0
7012,0
7013,27.1719
7014,0
7015,25.4607
7016,18.3252
7017,29.1156
7018,0
7019,0
7020,7.22246
7021,13.3931
7022,16.5995
7023,0
7024,0
7025,19.4444
7026,0
7027,25.9798
7028,17.4028
7029,24.2311
7030,25.4342
7031,28.7243
7032,22.2736
7033,27.3577
7034,14.9064
7035,30.4716
7036,0.834739
7037,11.5003
7038,21.956
7039,0
7040,35.072
7041,15.9859
7042,8.73686
7043,4.21155
7044,12.4209
7045,12.6907
7046,26.4264
7047,5.88936
7048,12.8842
7049,12.0528
7050,0
7051,26.9043
7052,17.5107
7053,29.7673
7054,27.9678
7055,37.8925
7056,0
7057,11.7691
7058,0.000400613
7059,6.35208
7060,0
7061,12.1524
7062,2.89209
7063,6.48724
7064,33.7179
7065,10.0972
7066,16.5163
7067,4.87605
7068,3.76873
7069,3.69322
7070,26.4376
7071,19.7667
7072,0
7073,20.9791
7074,5.63507
7075,20.8659
7076,25.5164
7077,25.4029
7078,0
7079,5.00411
7080,20.6389
7081,21.1991
7082,6.6873
7083,10.4125
7084,5.26421
7085,13.6959
7086,9.10689
7087,16.0747
7088,0
7089,10.7848
7090,0
7091,0
7092,34.6536
7093,15.3575
7094,8.66203
7095,19.9664
7096,12.2501
7097,16.6527
7098,17.4032
7099,21.9188
7100,0.406933
7101,6.78361
7102,4.73958
7103,0
7104,20.5454
7105,6.22005
7106,0
7107,3.15176
7108,21.2131
7109,0
7110,20.9532
7111,38.9445
7112,11.9585
7113,13.5044
7114,17.9221
7115,14.0748
7116,26.4306
7117,26.5969
7118,0
7119,12.2941
7120,22.8188
7121,17.0947
7122,16.4739
7123,39.7791
7124,0
7125,20.1089
7126,0
7127,17.4599
7128,15.3704
7129,11.4892
7130,12.3675
7131,23.9843
7132,25.5893
7133,18.7698
7134,12.1486
7135,35.4148
7136,4.55651
7137,3.59
7138,0
7139,21.3021
7140,18.9753
7141,5.72012
7142,27.397
7143,33.5417
7144,5.06405
7145,7.15451
7146,9.52727
7147,7.18846
7148,29.4099
7149,0
7150,15.8245
7151,10.0598
7152,16.946
7153,0
7154,5.03724
7155,14.2756
7156,25.2541
7157,21.1302
7158,16.4131
7159,6.9909
7160,16.9929
7161,18.5355
7162,4.28557
7163,2.64312
7164,0
7165,3.63349
7166,2.2759
7167,26.6773
7168,18.7906
7169,2.25321
7170,15.5907
7171,29.3744
7172,13.472
7173,6.6857
7174,12.16
7175,4.31102
7176,7.94459
7177,15.0308
7178,2.44235
7179,20.1716
7180,9.09954
7181,9.96172
7182,17.1994
7183,7.10396
7184,11.0661
7185,0
7186,15.3829
7187,0
7188,26.3509
7189,8.04988
7190,30.1741
7191,9.95596
7192,0
7193,4.13541
7194,2.64367
7195,0
7196,18.7497
7197,15.9181
7198,0
7199,11.818
7200,33.3559
7201,22.4641
7202,10.7604
7203,19.8219
7204,29.1447
7205,9.80266
7206,21.332
7207,9.44948
7208,14.0642
7209,41.4498
7210,27.0259
7211,26.2824
7212,0.505736
7213,0.295863
7214,2.56595
7215,26.8531
7216,25.2973
7217,3.62536
7218,7.11077
7219,7.01303
7220,10.735
7221,5.2435
7222,0
7223,41.9324
7224,16.8042
7225,0
7226,4.16635
7227,13.2977
7228,0
7229,1.93335
7230,0
7231,5.32994
7232,16.7785
7233,13.5092
7234,15.5953
7235,19.6817
7236,0
7237,18.0445
7238,1.52854
7239,19.2876
7240,24.4611
7241,18.2558
7242,0
7243,5.40448
7244,39.5091
7245,9.39963
7246,21.5179
7247,4.80209
7248,29.199
7249,14.6795
7250,26.2547
7251,0
7252,18.1595
7253,12.2953
7254,12.5579
7255,14.2638
7256,24.1842
7257,0
7258,2.44392
7259,19.0975
7260,4.63351
7261,26.8267
7262,5.36413
7263,21.6675
7264,13.6761
7265,10.9902
7266,14.4962
7267,10.0927
7268,15.8535
7269,7.92031
7270,15.3037
7271,27.8646
7272,16.1481
7273,20.0046
7274,21.5331
7275,23.3242
7276,10.8897
7277,16.2679
7278,10.7249
7279,11.7547
7280,6.56045
7281,6.39059
7282,6.58256
7283,4.63301
7284,8.84585
7285,19.07
7286,0.953927
7287,3.33549
7288,16.4451
7289,3.4874
7290,3.3788
7291,12.0352
7292,4.99354
7293,29.504
7294,6.06828
7295,13.067
7296,8.45961
7297,6.30759
7298,12.91
7299,16.7273
7300,0.733533
7301,5.90323
7302,23.5878
7303,4.73431
7304,23.2505
7305,16.52
7306,6.92682
7307,11.567
7308,18.7422
7309,16.3769
7310,15.7744
7311,9.51969
7312,7.31528
7313,2.64743
7314,19.9087
7315,11.7422
7316,4.19038
7317,6.7719
7318,20.0191
7319,5.83609
7320,20.1396
7321,0
7322,31.5538
7323,9.29266
7324,35.0081
7325,11.0246
7326,13.1941
7327,0.676344
7328,6.15108
7329,0.708119
7330,10.5804
7331,30.2937
7332,24.4337
7333,3.95882
7334,0
7335,0
7336,44.7843
7337,5.82964
7338,11.8547
7339,27.3775
7340,0
7341,4.33991
7342,13.7066
7343,22.6084
7344,0
7345,25.4023
7346,2.90989
7347,8.54449
7348,23.9907
7349,15.4474
7350,4.20053
7351,12.1207
7352,25.7549
7353,15.9805
7354,6.52392
7355,20.261
7356,6.77747
7357,35.5942
7358,8.01276
7359,0
7360,20.6403
7361,20.3916
7362,31.0961
7363,27.3068
7364,0
7365,5.39657
7366,0
7367,5.74567
7368,29.4195
7369,14.4581
7370,2.54181
7371,10.4166
7372,0
7373,20.3986
7374,20.7815
7375,18.9506
7376,0.375528
7377,11.6542
7378,28.4179
7379,16.6256
7380,6.18034
7381,3.03335
7382,0
7383,14.4476
7384,17.4265
7385,33.7678
7386,0
7387,26.2404
7388,5.88618
7389,0
7390,20.1275
7391,24.9809
7392,4.74092
7393,14.2772
7394,40.2219
7395,12.1598
7396,21.2567
7397,15.7877
7398,22.4774
7399,22.092
7400,0
7401,11.8655
7402,14.0015
7403,20.0691
7404,0
7405,16.4908
7406,20.013
7407,14.0243
7408,27.2511
7409,33.2448
7410,17.3505
7411,0
7412,9.21517
7413,29.6791
7414,1.39768
7415,4.58399
7416,0
7417,0
7418,16.7647
7419,15.4176
7420,24.7573
7421,2.93033
7422,19.3776
7423,22.9265
7424,43.2616
7425,5.80991
7426,0
7427,5.18755
7428,12.8796
7429,15.2978
7430,18.9353
7431,33.8338
7432,27.676
7433,13.7573
7434,12.0747
7435,11.3128
7436,9.77897
7437,0
7438,37.4229
7439,15.3676
7440,6.8204
7441,0
7442,37.4573
7443,69.1941
7444,11.056
7445,0
7446,0
7447,10.7581
7448,7.64179
7449,0.515986
7450,4.54972
7451,3.16849
7452,0
7453,15.7371
7454,14.8374
7455,7.29516
7456,21.1733
7457,0.944018
7458,28.4306
7459,18.5269
7460,8.78821
7461,17.6821
7462,0
7463,23.0204
7464,13.47
7465,18.7704
7466,12.3625
7467,11.1637
7468,9.71381
7469,12.6451
7470,3.81933
7471,14.2156
7472,8.80611
7473,9.33576
7474,0
7475,16.5601
7476,0
7477,5.48254
7478,0
7479,20.7125
7480,3.47254
7481,16.3099
7482,0
7483,10.4341
7484,0
7485,25.7625
7486,0
7487,48.2525
7488,5.04481
7489,12.79
7490,19.2808
7491,10.1661
7492,7.75075
7493,19.5707
7494,18.8226
7495,14.7275
7496,19.0032
7497,33.6916
7498,5.33787
7499,0
7500,11.2419
7501,14.3802
7502,18.6571
7503,23.6801
7504,0
7505,2.33987
7506,1.2489
7507,10.0494
7508,40.8031
7509,9.5075
7510,16.9941
7511,19.2073
7512,11.7245
7513,10.2048
7514,15.223
7515,0
7516,6.80292
7517,10.6199
7518,8.82927
7519,2.53546
7520,0
7521,15.9722
7522,9.21534
7523,10.6551
7524,26.7212
7525,0
7526,0
7527,9.76141
7528,34.0723
7529,22.9165
7530,3.81704
7531,10.012
7532,1.69916
7533,4.54346
7534,0.316792
7535,22.7901
7536,15.6998
7537,0
7538,11.8816
7539,21.7665
7540,15.0305
7541,0
7542,1.36469
7543,19.285
7544,2.39472
7545,39.9103
7546,21.2181
7547,7.29612
7548,23.6203
7549,14.2955
7550,6.18157
7551,17.5179
7552,3.71894
7553,7.96036
7554,6.68382
7555,0
7556,9.34818
7557,4.08703
7558,19.492
7559,28.3029
7560,10.4861
7561,4.87097
7562,39.3875
7563,8.11592
7564,16.8055
7565,0
7566,20.1871
7567,0
7568,0
7569,2.04246
7570,3.80935
7571,0
7572,17.0443
7573,4.51233
7574,0
7575,11.8406
7576,36.0397
7577,0
7578,35.2423
7579,19.083
7580,0
7581,36.5029
7582,15.7553
7583,37.2424
7584,5.04749
7585,0.93605
7586,31.2918
7587,18.0423
7588,11.0408
7589,21.8536
7590,81.827
7591,12.4364
7592,2.21707
7593,29.3926
7594,11.3632
7595,0
7596,3.26357
7597,15.4167
7598,16.3113
7599,18.2582
7600,4.24963
7601,14.3864
7602,13.4574
7603,17.5343
7604,9.49096
7605,22.9571
7606,3.81496
7607,4.92965
7608,10.6799
7609,0
7610,4.15844
7611,0.329442
7612,0.303425
7613,10.3909
7614,4.18461
7615,19.8177
7616,12.3903
7617,15.2877
7618,0
7619,8.66486
7620,8.3589
7621,28.5079
7622,21.712
7623,26.0892
7624,9.29891
7625,25.8321
7626,29.4818
7627,23.124
7628,14.1593
7629,13.9774
7630,10.6255
7631,0.947334
7632,2.62284
7633,20.1226
7634,3.64693
7635,13.8695
7636,33.731
7637,45.0867
7638,7.45891
7639,29.6455
7640,2.65294
7641,4.29116
7642,22.1592
7643,10.4825
7644,14.0479
7645,0.446634
7646,28.3017
7647,24.4527
7648,7.07336
7649,6.98339
7650,25.0729
7651,18.7097
7652,1.30971
7653,6.76979
7654,10.1264
7655,18.5813
7656,8.90946
7657,3.23331
7658,11.6455
7659,5.0416
7660,20.5776
7661,10.9985
7662,0
7663,0
7664,15.2614
7665,17.3709
7666,0
7667,11.3276
7668,19.5299
7669,0
7670,23.8264
7671,39.2321
7672,6.62313
7673,12.7252
7674,10.41
7675,25.4655
7676,0
7677,12.3835
7678,0
7679,15.6015
7680,9.03133
7681,22.2478
7682,0
7683,11.6583
7684,20.2034
7685,20.5752
7686,30.0513
7687,14.3383
7688,0
7689,0
7690,0
7691,0
7692,6.33416
7693,3.154
7694,7.90472
7695,0
7696,12.1099
7697,31.8945
7698,1.55762
7699,10.5295
7700,2.01458
7701,14.9936
7702,0
7703,3.0254
7704,9.75418
7705,13.0597
7706,15.2626
7707,21.7411
7708,9.47629
7709,38.6135
7710,1.68985
7711,19.2606
7712,0
7713,11.381
7714,12.7236
7715,6.48908
7716,22.409
7717,0
7718,44.6792
7719,20.9528
7720,33.8078
7721,0
7722,15.4623
7723,1.9741
7724,0
7725,0
7726,4.68945
7727,16.5041
7728,5.11763
7729,5.70758
7730,0
7731,11.0405
7732,18.264
7733,13.7688
7734,13.0503
7735,16.4442
7736,10.502
7737,0
7738,25.3078
7739,1.36992
7740,5.76459
7741,18.4828
7742,18.989
7743,13.7157
7744,22.7691
7745,36.9278
7746,27.7102
7747,4.24639
7748,22.285
7749,14.6904
7750,0.559097
7751,19.4784
7752,0
7753,5.40027
7754,15.3307
7755,14.5018
7756,20.6913
7757,0
7758,10.7783
7759,5.80486
7760,17.5027
7761,8.47312
7762,9.79236
7763,29.4664
7764,7.88943
7765,7.40382
7766,20.6234
7767,15.1812
7768,9.49435
7769,13.0659
7770,0.281617
7771,10.3218
7772,31.5198
7773,0
7774,25.3506
7775,0
7776,27.1357
7777,23.8048
7778,6.53493
7779,0
7780,9.17393
7781,1.46404
7782,24.1478
7783,0
7784,2.66165
7785,0.398336
7786,8.95035
7787,2.41533
7788,0
7789,12.6054
7790,0
7791,13.1064
7792,24.5901
7793,0
7794,10.2763
7795,22.6275
7796,12.6206
7797,33.0887
7798,15.0741
7799,15.6266
7800,8.53857
7801,0
7802,9.80481
7803,4.27995
7804,4.89238
7805,7.9457
7806,0
7807,17.7504
7808,32.2149
7809,7.25721
7810,20.3929
7811,4.11763
7812,33.487
7813,6.33946
7814,16.8003
7815,12.4504
7816,7.16825
7817,3.23461
7818,11.4742
7819,18.2714
7820,25.6494
7821,29.5
7822,5.21049
7823,15.7797
7824,29.1735
7825,19.9627
7826,1.01711
7827,8.40219
7828,0
7829,8.91294
7830,57.0275
7831,19.9504
7832,6.33398
7833,26.651
7834,12.4469
7835,0
7836,31.1964
7837,29.1884
7838,4.10642
7839,17.6832
7840,11.3697
7841,12.8328
7842,17.571
7843,25.1161
7844,16.8125
7845,5.98984
7846,20.724
7847,0
7848,0
7849,17.3857
7850,31.5766
7851,23.4664
7852,0
7853,0
7854,0
7855,16.1372
7856,0
7857,21.8046
7858,1.15084
7859,12.6101
7860,0.498976
7861,18.1402
7862,2.0625
7863,7.84667
7864,12.2614
7865,13.9967
7866,11.3871
7867,6.8559
7868,18.5116
7869,0
7870,5.67044
7871,5.71295
7872,26.2947
7873,13.6606
7874,0
7875,0
7876,18.8553
7877,17.1352
7878,5.98929
7879,17.0309
7880,5.75237
7881,3.42609
7882,30.3602
7883,6.55681
7884,19.9224
7885,17.5404
7886,43.4673
7887,0
7888,1.79045
7889,30.64
7890,26.7455
7891,26.455
7892,5.96448
7893,19.1283
7894,45.5117
7895,9.60477
7896,10.3137
7897,13.69
7898,24.5096
7899,11.4178
7900,0
7901,13.3361
7902,0
7903,12.8223
7904,19.0638
7905,21.6136
7906,0
7907,0
7908,11.6772
7909,12.8104
7910,10.6905
7911,37.5509
7912,10.5808
7913,6.91876
7914,21.9119
7915,0
7916,20.1105
7917,9.92681
7918,20.2206
7919,0
7920,2.3382
7921,29.8738
7922,0
7923,7.51382
7924,1.63693
7925,10.6517
7926,1.10268
7927,6.91032
7928,3.31753
7929,28.275
7930,10.7206
7931,11.1084
7932,12.7902
7933,2.99018
7934,11.5292
7935,0
7936,23.9996
7937,1.72366
7938,6.79901
7939,10.9004
7940,2.80089
7941,1.84314
7942,0
7943,12.1318
7944,0.568934
7945,18.6785
7946,7.0217
7947,22.4025
7948,38.0698
7949,10.4754
7950,30.3696
7951,11.5908
7952,19.3754
7953,5.74394
7954,1.28313
7955,6.24217
7956,23.7438
7957,8.50466
7958,11.4818
7959,14.5882
7960,0
7961,21.6398
7962,3.82137
7963,21.9405
7964,10.1231
7965,0
7966,8.91438
7967,0.381996
7968,22.2889
7969,0
7970,16.7754
7971,36.9966
7972,28.3022
7973,15.0284
7974,24.9045
7975,1.85041
7976,28.937
7977,4.26345
7978,14.6059
7979,14.6467
7980,40.7835
7981,14.3991
7982,19.9335
7983,2.78809
7984,10.2989
7985,8.1492
7986,10.7089
7987,7.18663
7988,18.7641
7989,22.2971
7990,45.0081
7991,7.98722
7992,15.3664
7993,7.81925
7994,18.32
7995,0
7996,4.54757
7997,22.471
7998,14.3756
7999,0
8000,5.03465
8001,14.4602
8002,23.0438
8003,15.2625
8004,29.8853
8005,41.9671
8006,0
8007,4.50597
8008,0
8009,0
8010,0
8011,10.4076
8012,6.51317
8013,3.44639
8014,9.94344
8015,25.7813
8016,13.7015
8017,23.0166
8018,4.38462
8019,10.1178
8020,18.73
8021,13.7069
8022,1.87468
8023,5.97596
8024,17.828
8025,0
8026,8.41486
8027,25.8469
8028,29.0872
8029,47.4788
8030,9.02285
8031,14.16
8032,5.48456
8033,14.6412
8034,0
8035,7.28806
8036,4.18407
8037,11.8502
8038,0
8039,2.02403
8040,20.6407
8041,16.3998
8042,22.571
8043,34.1429
8044,21.054
8045,2.91638
8046,16.125
8047,17.7229
8048,1.50538
8049,5.76035
8050,21.3712
8051,1.0613
8052,8.61411
8053,11.3745
8054,14.4502
8055,10.3011
8056,23.1328
8057,0
8058,8.50739
8059,16.4091
8060,19.6503
8061,0
8062,0
8063,16.8066
8064,21.1402
8065,19.609
8066,6.76789
8067,10.9908
8068,13.2269
8069,14.6839
8070,12.7956
8071,15.4922
8072,7.55401
8073,0
8074,6.76245
8075,5.33658
8076,12.0103
8077,18.9852
8078,0.125416
8079,20.0827
8080,0
8081,7.98436
8082,10.4892
8083,16.7111
8084,18.3712
8085,2.45139
8086,11.2269
8087,9.08301
8088,6.17048
8089,13.2855
8090,0
8091,19.1788
8092,17.6725
8093,2.2477
8094,5.47144
8095,0
8096,26.5688
8097,6.96296
8098,12.8572
8099,14.0449
8100,5.76288
8101,0
8102,7.60337
8103,18.6746
8104,23.6615
8105,22.201
8106,12.2695
8107,18.5976
8108,19.372
8109,0
8110,21.5041
8111,22.1276
8112,28.1679
8113,5.49134
8114,17.8438
8115,9.00521
8116,22.3568
8117,2.20478
8118,6.40835
8119,30.9674
8120,20.4606
8121,1.61682
8122,0
8123,10.3416
8124,11.8173
8125,16.0497
8126,12.0083
8127,15.1384
8128,26.3106
8129,22.8094
8130,12.7266
8131,16.3174
8132,20.7089
8133,12.3804
8134,9.14173
8135,13.7324
8136,0
8137,43.6936
8138,2.97154
8139,16.2974
8140,9.05862
8141,20.9564
8142,0.432242
8143,27.0048
8144,24.1528
8145,19.7723
8146,0
8147,29.2627
8148,9.16754
8149,3.46685
8150,0
8151,23.3504
8152,0
8153,15.4198
8154,5.2742
8155,33.2854
8156,26.7374
8157,0
8158,0
8159,15.5155
8160,0
8161,19.5038
8162,11.886
8163,10.9721
8164,3.26944
8165,15.7185
8166,34.5206
8167,22.9073
8168,2.98027
8169,1.64526
8170,19.8678
8171,17.9722
8172,17.4091
8173,35.5747
8174,14.2837
8175,28.7054
8176,31.6984
8177,0
8178,3.51426
8179,1.47129
8180,0.262608
8181,0
8182,9.74033
8183,25.1828
8184,2.20204
8185,25.2983
8186,11.5989
8187,19.501
8188,1.65188
8189,0
8190,26.3741
8191,34.8151
8192,0
8193,0
8194,4.44199
8195,8.16302
8196,2.17032
8197,3.84984
8198,20.306
8199,4.55805
8200,8.33076
8201,16.7496
8202,3.35126
8203,0
8204,0
8205,20.9402
8206,16.5646
8207,10.4505
8208,0
8209,20.5715
8210,0
8211,18.3079
8212,11.8848
8213,12.3831
8214,14.6346
8215,9.2813
8216,21.4022
8217,19.9233
8218,13.8
8219,14.8755
8220,31.1729
8221,0
8222,34.5309
8223,28.2965
8224,28.1871
8225,14.076
8226,10.6447
8227,10.7165
8228,20.2851
8229,15.5635
8230,23.7771
8231,14.4016
8232,6.65436
8233,6.14018
8234,0.751749
8235,10.6033
8236,12.1222
8237,16.9354
8238,10.7421
8239,20.6971
8240,0.590908
8241,20.8926
8242,0
8243,13.3471
8244,15.8583
8245,0
8246,15.9002
8247,2.92357
8248,5.21884
8249,9.28581
8250,33.3918
8251,26.3012
8252,19.3529
8253,9.82486
8254,0
8255,26.6027
8256,23.968
8257,14.6373
8258,0
8259,6.74166
8260,17.0984
8261,5.10845
8262,11.9116
8263,11.2511
8264,0.429665
8265,36.6589
8266,9.20162
8267,8.64414
8268,27.6163
8269,7.83812
8270,0.155221
8271,0
8272,16.1135
8273,1.10445
8274,0
8275,13.4358
8276,22.6427
8277,7.37641
8278,10.6455
8279,12.4455
8280,19.1615
8281,0
8282,14.7378
8283,28.5429
8284,11.2082
8285,0
8286,2.9975
8287,3.64723
8288,3.16184
8289,12.1563
8290,26.6745
8291,19.723
8292,15.7665
8293,0
8294,6.12998
8295,14.4589
8296,16.6066
8297,5.14822
8298,0
8299,0
8300,15.4432
8301,0
8302,26.442
8303,0
8304,13.2092
8305,4.05522
8306,26.2239
8307,3.93709
8308,15.1609
8309,11.0674
8310,9.1466
8311,38.7178
8312,5.09507
8313,0
8314,15.0989
8315,0.466762
8316,6.65285
8317,12.5525
8318,0
8319,12.0827
8320,26.7137
8321,0
8322,25.9125
8323,13.7875
8324,14.5482
8325,0
8326,0
8327,7.73883
8328,20.0258
8329,9.86314
8330,9.15216
8331,22.4771
8332,14.9861
8333,3.73605
8334,0.698557
8335,5.42718
8336,7.88246
8337,9.55957
8338,24.1577
8339,3.37192
8340,12.0738
8341,21.3811
8342,30.7976
8343,13.6898
8344,0
8345,8.73031
8346,12.0206
8347,10.1457
8348,14.5591
8349,4.36094
8350,29.43
8351,18.9953
8352,24.3674
8353,15.3104
8354,8.4029
8355,39.248
8356,6.30968
8357,22.6324
8358,12.5193
8359,21.842
8360,8.05016
8361,11.8607
8362,10.1094
8363,31.233
8364,23.9422
8365,20.5499
8366,3.07984
8367,0
8368,0
8369,22.8159
8370,0.530255
8371,10.9355
8372,35.0386
8373,1.27479
8374,3.72212
8375,11.4992
8376,40.1424
8377,17.9832
8378,16.6896
8379,6.95056
8380,29.0557
8381,1.25219
8382,13.793
8383,14.1427
8384,30.6979
8385,15.6913
8386,14.8183
8387,1.23575
8388,9.98954
8389,9.41552
8390,8.48678
8391,18.4406
8392,17.8692
8393,2.68554
8394,17.3871
8395,0.846435
8396,13.2321
8397,5.15538
8398,2.02955
8399,35.6289
8400,7.23747
8401,2.16422
8402,16.7775
8403,19.6279
8404,0
8405,23.8747
8406,16.4781
8407,8.17987
8408,22.855
8409,33.8467
8410,9.75504
8411,30.2466
8412,1.18731
8413,26.1499
8414,0
8415,9.19544
8416,21.6467
8417,1.77095
8418,0
8419,10.2468
8420,0
8421,12.9289
8422,2.04469
8423,13.9186
8424,21.2685
8425,18.2935
8426,24.2241
8427,11.3342
8428,6.30249
8429,0.913619
8430,27.4909
8431,0
8432,11.6785
8433,8.4605
8434,0
8435,0
8436,9.62952
8437,12.9778
8438,0
8439,6.41288
8440,10.2054
8441,16.3639
8442,0
8443,10.9406
8444,20.9875
8445,29.7102
8446,11.5181
8447,0
8448,2.01495
8449,0
8450,15.3592
8451,6.28481
8452,15.2681
8453,0
8454,25.8728
8455,4.52335
8456,14.1355
8457,0
8458,25.287
8459,9.81959
8460,0
8461,14.6852
8462,22.7348
8463,21.3664
8464,26.9984
8465,0.728544
8466,27.7731
8467,12.5115
8468,36.929
8469,6.86301
8470,22.4052
8471,10.2961
8472,2.17397
8473,8.70696
8474,2.7144
8475,16.0314
8476,28.137
8477,0
8478,11.5452
8479,32.6408
8480,0.0413856
8481,0.658471
8482,19.9934
8483,5.00517
8484,0
8485,2.64036
8486,0
8487,16.9457
8488,0
8489,12.7918
8490,12.971
8491,4.08813
8492,3.14332
8493,12.6969
8494,14.7511
8495,22.6973
8496,11.704
8497,7.88833
8498,0
8499,14.4742
8500,23.265
8501,21.4167
8502,9.96827
8503,0
8504,24.2951
8505,6.27412
8506,7.35845
8507,26.3007
8508,22.4977
8509,0
8510,0
8511,11.9915
8512,0
8513,5.22352
8514,6.56732
8515,32.4099
8516,29.1146
8517,0
8518,18.5135
8519,27.4778
8520,0
8521,22.464
8522,25.448
8523,17.6807
8524,13.1708
8525,23.3287
8526,7.96279
8527,14.452
8528,0
8529,13.8102
8530,4.93722
8531,0
8532,25.8849
8533,0
8534,0
8535,10.155
8536,2.39561
8537,13.4627
8538,0
8539,41.9494
8540,10.7037
8541,12.144
8542,0.637641
8543,19.9367
8544,5.72518
8545,34.1606
8546,0
8547,1.25307
8548,0
8549,0
8550,4.92088
8551,5.61851
8552,12.1322
8553,0
8554,40.128
8555,2.01622
8556,16.3787
8557,36.752
8558,11.0323
8559,18.792
8560,24.7517
8561,14.5822
8562,13.6306
8563,4.98039
8564,6.8475
8565,8.80818
8566,20.2898
8567,25.2452
8568,19.7504
8569,24.3675
8570,0
8571,37.2732
8572,2.57527
8573,12.1988
8574,15.1434
8575,0
8576,15.5949
8577,20.1319
8578,22.5771
8579,18.2983
8580,15.2417
8581,26.0536
8582,40.6047
8583,5.96599
8584,5.92958
8585,0
8586,15.9989
8587,21.3972
8588,13.7343
8589,8.91839
8590,30.535
8591,6.77496
8592,4.98521
8593,44.7903
8594,1.73887
8595,1.10892
8596,18.5427
8597,0
8598,6.90085
8599,1.70109
8600,33.0994
8601,16.7126
8602,22.8499
8603,1.40214
8604,0
8605,23.4096
8606,21.2058
8607,35.1057
8608,11.8082
8609,20.8183
8610,1.54745
8611,0
8612,10.793
8613,2.30124
8614,5.53508
8615,0.433849
8616,8.40233
8617,5.00779
8618,2.7451
8619,6.96275
8620,8.53454
8621,2.11871
8622,15.1436
8623,34.7577
8624,13.1794
8625,12.6367
8626,13.0715
8627,28.1716
8628,2.54023
8629,0
8630,5.88571
8631,22.5599
8632,8.49926
8633,21.9153
8634,9.8984
8635,7.88273
8636,48.6369
8637,0
8638,2.23348
8639,24.0228
8640,10.2233
8641,16.4123
8642,25.4418
8643,3.41453
8644,15.7048
8645,15.2854
8646,16.352
8647,18.5154
8648,7.44762
8649,8.32953
8650,6.04277
8651,20.9222
8652,0
8653,0
8654,14.7888
8655,8.10049
8656,7.56639
8657,22.4014
8658,20.0922
8659,25.1753
8660,9.65111
8661,0
8662,53.3508
8663,43.8744
8664,16.0329
8665,12.1089
8666,14.8899
8667,9.93714
8668,0.997367
8669,19.7129
8670,18.8545
8671,7.11049
8672,16.4441
8673,17.6407
8674,16.4415
8675,31.2543
8676,14.5906
8677,1.19733
8678,18.4413
8679,19.377
8680,11.3151
8681,0
8682,3.3293
8683,20.7556
8684,11.1718
8685,7.096
8686,3.75978
8687,17.2844
8688,7.13116
8689,26.0549
8690,0
8691,22.9494
8692,29.224
8693,13.8409
8694,12.4354
8695,31.8208
8696,24.1185
8697,0
8698,30.1843
8699,4.5655
8700,17.7834
8701,27.6903
8702,27.253
8703,1.90111
8704,16.5962
8705,14.8945
8706,0.673649
8707,17.3042
8708,3.12594
8709,0
8710,18.3712
8711,0
8712,24.5231
8713,8.4358
8714,16.3001
8715,5.1472
8716,20.7919
8717,20.4125
8718,7.51299
8719,15.9081
8720,3.40313
8721,16.1592
8722,26.7471
8723,1.17837
8724,4.35391
8725,20.5819
8726,16.0897
8727,5.73426
8728,9.20797
8729,19.6865
8730,1.43138
8731,8.28057
8732,13.1782
8733,12.1532
8734,3.19397
8735,5.01535
8736,9.12011
8737,9.74302
8738,10.0215
8739,0
8740,28.327
8741,3.64487
8742,21.211
8743,6.28058
8744,14.3662
8745,2.35125
8746,1.84361
8747,9.96195
8748,1.94275
8749,0.519456
8750,0
8751,0
8752,0
8753,20.0174
8754,1.77506
8755,4.82463
8756,0
8757,31.4761
8758,14.4107
8759,1.30795
8760,14.0834
8761,0
8762,4.88891
8763,19.8838
8764,25.1532
8765,0
8766,30.2742
8767,7.5839
8768,19.6186
8769,24.2161
8770,3.05319
8771,0
8772,2.12755
8773,17.8849
8774,37.764
8775,16.5161
8776,6.17079
8777,16.8974
8778,18.6556
8779,0
8780,19.4783
8781,18.7666
8782,28.0572
8783,7.19183
8784,13.8716
8785,11.635
8786,5.43342
8787,30.7044
8788,23.3418
8789,51.758
8790,13.2859
8791,2.33485
8792,0
8793,7.11743
8794,17.463
8795,8.56719
8796,0
8797,1.56287
8798,0.722405
8799,8.62079
8800,0
8801,10.0247
8802,0.911211
8803,15.1966
8804,32.3199
8805,0.21386
8806,7.18493
8807,25.1563
8808,5.1534
8809,19.4296
8810,7.17555
8811,8.33125
8812,0
8813,0
8814,11.6582
8815,0.677636
8816,6.76219
8817,24.1565
8818,11.8534
8819,14.8657
8820,14.0537
8821,19.2825
8822,0
8823,0
8824,19.784
8825,12.6653
8826,37.1053
8827,13.2908
8828,27.4692
8829,3.03148
8830,35.0918
8831,16.9568
8832,0
8833,6.40852
8834,17.1361
8835,10.2296
8836,6.42011
8837,12.975
8838,25.3386
8839,8.67939
8840,0
8841,19.5539
8842,1.1776
8843,4.11557
8844,0
8845,7.60954
8846,16.9054
8847,2.53429
8848,8.4156
8849,20.3902
8850,28.2354
8851,30.1661
8852,10.491
8853,8.2543
8854,33.3551
8855,13.1106
8856,1.50235
8857,22.8031
8858,35.9562
8859,0
8860,20.4857
8861,11.1747
8862,26.0735
8863,16.4015
8864,10.8297
8865,17.8504
8866,14.9079
8867,18.0509
8868,5.90137
8869,0
8870,17.9108
8871,11.3986
8872,10.4409
8873,53.9944
8874,7.77166
8875,24.5868
8876,0.306757
8877,0
8878,34.327
8879,3.90637
8880,18.0305
8881,18.7762
8882,5.53674
8883,0
8884,15.0017
8885,8.33679
8886,7.99516
8887,0
8888,7.06468
8889,10.9956
8890,0
8891,10.3512
8892,5.25842
8893,13.2732
8894,12.8065
8895,13.2598
8896,5.15575
8897,0
8898,22.3939
8899,16.3784
8900,8.87101
8901,23.9018
8902,14.621
8903,12.5257
8904,20.1632
8905,4.81925
8906,0.223867
8907,19.6915
8908,15.13
8909,6.88557
8910,17.942
8911,20.6828
8912,17.67
8913,39.1775
8914,9.32871
8915,3.1685
8916,20.0491
8917,18.325
8918,23.4985
8919,4.14475
8920,11.0072
8921,12.3971
8922,0
8923,0
8924,0.69876
8925,25.448
8926,6.31447
8927,0
8928,6.15158
8929,25.7462
8930,0
8931,8.22205
8932,0
8933,0.0232292
8934,46.2999
8935,3.69885
8936,13.2455
8937,12.1638
8938,23.6259
8939,27.2337
8940,8.54112
8941,5.16961
8942,24.2768
8943,2.86519
8944,6.9818
8945,25.6268
8946,10.3452
8947,0
8948,31.5211
8949,31.868
8950,14.5227
8951,13.9419
8952,1.20726
8953,23.3196
8954,14.2242
8955,9.99071
8956,13.0825
8957,6.83982
8958,14.9451
8959,13.4055
8960,6.83097
8961,0
8962,0
8963,16.4201
8964,2.17027
8965,14.98
8966,12.2767
8967,0
8968,9.74866
8969,8.84913
8970,0
8971,28.2192
8972,0
8973,8.11985
8974,0.291624
8975,8.56577
8976,33.4452
8977,7.86034
8978,10.6855
8979,21.9055
8980,19.5993
8981,16.5922
8982,12.6225
8983,24.9519
8984,12.1703
8985,4.47263
8986,25.5992
8987,0
8988,20.3204
8989,24.9512
8990,8.56886
8991,15.4628
8992,28.6996
8993,0
8994,24.9973
8995,7.71462
8996,24.0174
8997,4.91656
8998,11.2159
8999,12.1483
9000,0
9001,42.0892
9002,21.479
9003,15.9897
9004,0
9005,19.5186
9006,0
9007,18.5769
9008,4.24947
9009,17.8031
9010,0
9011,10.1825
9012,21.5427
9013,23.0661
9014,12.9518
9015,7.73648
9016,0
9017,4.31168
9018,10.6393
9019,10.9127
9020,28.8477
9021,0
9022,6.34142
9023,21.5577
9024,22.1054
9025,4.88854
9026,6.39943
9027,8.97735
9028,0
9029,24.8214
9030,21.1963
9031,0
9032,37.4474
9033,24.9041
9034,27.9142
9035,10.4781
9036,21.9632
9037,10.2586
9038,11.8905
9039,0
9040,1.1381
9041,0
9042,11.0219
9043,2.24532
9044,4.56977
9045,8.26343
9046,13.8956
9047,16.1062
9048,36.5306
9049,0
9050,13.9115
9051,10.8363
9052,1.02
9053,11.7949
9054,7.01992
9055,14.8344
9056,8.06075
9057,24.5644
9058,6.43405
9059,0
9060,28.555
9061,5.46313
9062,17.172
9063,0
9064,21.4459
9065,29.6103
9066,12.275
9067,4.5313
9068,12.1764
9069,1.40845
9070,17.2724
9071,30.9542
9072,0
9073,9.48143
9074,2.17878
9075,8.47878
9076,19.5744
9077,5.24253
9078,10.3169
9079,9.2368
9080,20.1728
9081,21.4692
9082,0.00667435
9083,20.1503
9084,21.0706
9085,16.1948
9086,0
9087,0.568629
9088,20.8586
9089,8.78165
9090,0
9091,5.8581
9092,16.1574
9093,0
9094,13.2369
9095,15.5362
9096,10.4396
9097,0
9098,11.7576
9099,0
9100,13.6504
9101,8.7855
9102,9.35427
9103,27.7309
9104,4.8121
9105,7.82217
9106,0
9107,12.5874
9108,0
9109,2.11128
9110,30.9851
9111,12.591
9112,0
9113,10.3425
9114,18.351
9115,10.9016
9116,32.5985
9117,0
9118,24.5674
9119,28.3265
9120,5.07172
9121,0
9122,0
9123,36.8262
9124,31.9813
9125,15.6648
9126,10.2259
9127,3.83527
9128,32.0257
9129,11.6262
9130,11.9184
9131,11.1478
9132,8.44294
9133,8.38466
9134,8.15368
9135,0
9136,9.93978
9137,2.27905
9138,11.5935
9139,13.8129
9140,16.8757
9141,23.842
9142,0
9143,2.96684
9144,10.7948
9145,2.42268
9146,0
9147,23.4568
9148,16.6111
9149,18.8738
9150,9.95438
9151,12.6363
9152,10.6602
9153,14.0292
9154,3.43362
9155,9.92082
9156,0
9157,9.46856
9158,0
9159,0
9160,27.4061
9161,16.475
9162,0
9163,0
9164,18.0054
9165,2.56782
9166,22.9159
9167,29.1613
9168,23.3537
9169,0
9170,18.8157
9171,12.24
9172,11.5765
9173,0
9174,17.7903
9175,16.9105
9176,26.1627
9177,5.52853
9178,17.2625
9179,19.6012
9180,2.60004
9181,24.9981
9182,8.97928
9183,16.4646
9184,18.0825
9185,12.2626
9186,1.45886
9187,16.7733
9188,38.6728
9189,1.24089
9190,0.798845
9191,19.3276
9192,14.904
9193,34.7018
9194,15.4263
9195,45.6831
9196,14.4178
9197,12.7556
9198,29.7265
9199,8.41484
9200,20.5017
9201,18.1543
9202,0
9203,0
9204,0
9205,0
9206,11.3817
9207,59.9699
9208,0
9209,18.6158
9210,0
9211,24.4549
9212,16.9871
9213,6.01371
9214,11.3412
9215,5.21499
9216,0
9217,33.3255
9218,0
9219,7.14014
9220,35.1945
9221,17.0519
9222,0
9223,25.7414
9224,13.7458
9225,13.5494
9226,7.61251
9227,4.13445
9228,0
9229,16.9219
9230,2.78169
9231,15.4306
9232,0
9233,5.3704
9234,1.52714
9235,0
9236,7.86457
9237,21.4627
9238,29.1226
9239,35.7623
9240,37.9019
9241,0
9242,22.0898
9243,0
9244,2.63189
9245,26.3151
9246,22.1105
9247,22.2821
9248,14.5441
9249,13.8941
9250,2.12008
9251,10.2772
9252,11.2776
9253,10.6051
9254,16.8729
9255,12.065
9256,22.842
9257,0
9258,17.4562
9259,37.6614
9260,13.4793
9261,24.6926
9262,6.61029
9263,16.926
9264,21.9666
9265,4.30742
9266,24.2362
9267,21.0075
9268,24.8272
9269,0
9270,18.0032
9271,3.9848
9272,37.4841
9273,14.871
9274,6.90877
9275,16.3483
9276,4.78921
9277,13.8156
9278,0
9279,23.5657
9280,24.8072
9281,7.57653
9282,9.98878
9283,19.5709
9284,24.4968
9285,5.63672
9286,21.5343
9287,0
9288,10.4943
9289,1.88483
9290,0
9291,32.3404
9292,0
9293,0
9294,0
9295,10.2262
9296,13.3761
9297,15.0717
9298,8.92226
9299,22.1778
9300,2.91978
9301,8.04721
9302,11.4714
9303,23.1019
9304,0
9305,18.0772
9306,27.5158
9307,10.0854
9308,17.3745
9309,8.58178
9310,14.0905
9311,0
9312,4.51417
9313,29.2411
9314,1.41408
9315,18.8851
9316,14.3397
9317,13.7186
9318,11.1585
9319,0
9320,5.95437
9321,7.86649
9322,9.31609
9323,1.38778
9324,0
9325,0.642641
9326,5.05019
9327,5.34892
9328,30.8392
9329,40.4825
9330,18.6383
9331,12.6834
9332,8.24592
9333,25.9963
9334,17.9562
9335,17.3071
9336,0
9337,23.5208
9338,18.0523
9339,8.43858
9340,6.39789
9341,0
9342,9.17503
9343,19.6522
9344,0.527399
9345,0
9346,0
9347,47.5998
9348,0
9349,11.2588
9350,31.6411
9351,0
9352,7.88903
9353,33.219
9354,0
9355,31.5035
9356,20.8478
9357,24.1263
9358,10.3376
9359,8.52685
9360,11.4504
9361,12.9361
9362,17.6554
9363,0
9364,9.31782
9365,13.998
9366,5.59051
9367,23.8123
9368,14.7583
9369,0
9370,13.6601
9371,6.79695
9372,17.0078
9373,0
9374,25.2882
9375,10.1928
9376,11.1405
9377,8.37067
9378,0
9379,24.5584
9380,10.9963
9381,6.58484
9382,14.3961
9383,0
9384,3.31973
9385,0
9386,7.41307
9387,3.20991
9388,7.84388
9389,2.41025
9390,0.311611
9391,25.1147
9392,0
9393,27.783
9394,7.6265
9395,4.05433
9396,12.4135
9397,22.7019
9398,0
9399,16.5729
9400,15.6653
9401,0
9402,19.9685
9403,22.8101
9404,8.2394
9405,10.8299
9406,4.72367
9407,7.56126
9408,6.73102
9409,1.82215
9410,42.7768
9411,29.92
9412,10.9169
9413,19.9727
9414,12.8527
9415,37.6968
9416,7.38425
9417,13.8415
9418,14.0733
9419,7.63899
9420,16.358
9421,31.3515
9422,7.68974
9423,13.4962
9424,16.6374
9425,1.57594
9426,4.974
9427,36.8012
9428,15.0288
9429,16.2518
9430,14.164
9431,11.9511
9432,0
9433,22.7486
9434,0
9435,16.6278
9436,7.44709
9437,17.7434
9438,4.85786
9439,20.1062
9440,3.12499
9441,7.20513
9442,9.42507
9443,8.43023
9444,0
9445,32.3696
9446,6.30293
9447,3.60929
9448,15.9401
9449,2.34677
9450,5.83768
9451,19.0429
9452,15.7103
9453,0
9454,0
9455,7.50261
9456,16.904
9457,14.7836
9458,6.50399
9459,2.80644
9460,2.61498
9461,16.4086
9462,18.7
9463,22.7739
9464,5.91862
9465,18.0009
9466,8.68669
9467,23.5129
9468,8.74659
9469,6.70992
9470,1.53846
9471,0
9472,0
9473,0
9474,1.04785
9475,24.8474
9476,32.1324
9477,2.73587
9478,11.691
9479,0
9480,5.65385
9481,33.6729
9482,3.66908
9483,21.2967
9484,26.9933
9485,9.66913
9486,10.6526
9487,12.7153
9488,0
9489,14.3865
9490,1.60348
9491,30.5988
9492,18.0608
9493,9.94258
9494,0
9495,9.31714
9496,5.47207
9497,16.2663
9498,32.2265
9499,7.39847
9500,18.4141
9501,22.1391
9502,15.4989
9503,24.839
9504,3.13776
9505,0.0596476
9506,9.60972
9507,25.2088
9508,15.4574
9509,8.95346
9510,37.8451
9511,2.67295
9512,0
9513,20.7262
9514,13.5439
9515,8.86888
9516,56.7707
9517,7.17299
9518,0
9519,0
9520,10.6938
9521,25.2119
9522,14.4002
9523,31.694
9524,14.994
9525,0
9526,3.66484
9527,1.71647
9528,61.4513
9529,7.28254
9530,14.991
9531,8.36143
9532,8.25485
9533,0
9534,6.9051
9535,12.3586
9536,12.0031
9537,19.2116
9538,18.0221
9539,15.5795
9540,3.12853
9541,0
9542,9.43328
9543,0.335485
9544,15.2431
9545,6.7639
9546,11.5064
9547,0
9548,4.96676
9549,25.0611
9550,19.0939
9551,10.9134
9552,2.83699
9553,30.2478
9554,17.564
9555,0
9556,35.0591
9557,26.4975
9558,12.8523
9559,7.51863
9560,19.9043
9561,17.6636
9562,31.5562
9563,2.00282
9564,17.3388
9565,18.9053
9566,12.6782
9567,5.31077
9568,30.237
9569,21.6651
9570,6.41475
9571,7.40653
9572,7.8103
9573,15.9895
9574,24.4892
9575,18.9787
9576,7.08963
9577,10.3223
9578,11.9397
9579,1.4653
9580,15.7716
9581,3.49271
9582,20.9522
9583,29.6387
9584,36.2769
9585,21.7945
9586,8.43568
9587,16.2937
9588,7.68955
9589,1.88218
9590,7.22896
9591,19.9114
9592,17.7192
9593,16.345
9594,33.3679
9595,50.7298
9596,0
9597,12.147
9598,38.1396
9599,0
9600,0
9601,7.71963
9602,12.7399
9603,18.1418
9604,10.0168
9605,0
9606,18.373
9607,8.62299
9608,5.83873
9609,27.5799
9610,0
9611,24.698
9612,6.77527
9613,18.1913
9614,6.67998
9615,4.3638
9616,41.3175
9617,13.0387
9618,20.0615
9619,42.6186
9620,13.8309
9621,8.9095
9622,5.07888
9623,14.2264
9624,13.0325
9625,14.6421
9626,12.2783
9627,5.19823
9628,14.508
9629,9.15499
9630,24.9609
9631,15.7718
9632,0
9633,21.464
9634,10.7493
9635,0.470203
9636,1.01567
9637,0
9638,6.64097
9639,0
9640,19.3854
9641,13.5378
9642,18.7778
9643,8.54025
9644,8.68409
9645,30.3822
9646,31.6438
9647,5.80382
9648,6.38048
9649,0
9650,22.3176
9651,11.975
9652,0
9653,6.87794
9654,13.104
9655,26.9036
9656,30.9608
9657,0
9658,27.5099
9659,12.6493
9660,6.14417
9661,3.61009
9662,17.918
9663,0.0438057
9664,14.9789
9665,1.60456
9666,8.88357
9667,0.661961
9668,15.1028
9669,18.1303
9670,30.0166
9671,0
9672,18.1806
9673,0.293123
9674,10.1655
9675,26.3726
9676,2.96794
9677,7.22408
9678,14.3345
9679,21.1938
9680,16.5015
9681,3.91332
9682,22.8667
9683,34.7404
9684,5.94737
9685,0
9686,18.9801
9687,16.1784
9688,0.476504
9689,10.0502
9690,12.4439
9691,3.88188
9692,3.42203
9693,18.3647
9694,11.0763
9695,1.43665
9696,0
9697,10.186
9698,10.657
9699,20.4694
9700,30.7847
9701,5.85701
9702,15.8094
9703,11.625
9704,17.1212
9705,11.057
9706,5.12611
9707,0
9708,21.058
9709,0
9710,0
9711,15.7272
9712,16.753
9713,18.7691
9714,7.34714
9715,6.23459
9716,29.8836
9717,5.98192
9718,6.57374
9719,0
9720,15.7742
9721,20.3814
9722,5.02317
9723,9.46141
9724,2.43992
9725,19.6863
9726,9.84415
9727,3.77347
9728,8.79771
9729,20.6851
9730,0
9731,0
9732,23.1273
9733,7.55561
9734,16.8025
9735,12.9175
9736,28.4005
9737,11.3769
9738,15.4587
9739,34.5173
9740,15.0603
9741,21.1153
9742,8.08837
9743,9.39605
9744,30.7525
9745,14.2516
9746,0.922786
9747,7.9187
9748,1.3674
9749,6.86509
9750,0
9751,22.2007
9752,7.78879
9753,31.7091
9754,28.2637
9755,15.5222
9756,12.8818
9757,10.3122
9758,17.6807
9759,17.5656
9760,16.9521
9761,30.4678
9762,14.019
9763,0
9764,32.0211
9765,5.63827
9766,20.0408
9767,26.288
9768,13.4433
9769,2.70051
9770,9.71594
9771,0
9772,0
9773,0
9774,10.7033
9775,5.89106
9776,21.669
9777,1.28234
9778,45.8104
9779,22.7186
9780,8.48515
9781,28.9441
9782,19.8671
9783,0
9784,9.06088
9785,10.0866
9786,5.83182
9787,4.31903
9788,19.0639
9789,15.5583
9790,14.2589
9791,0
9792,15.4554
9793,0
9794,15.1885
9795,20.0851
9796,0
9797,3.17204
9798,2.95433
9799,9.16675
9800,0
9801,0
9802,17.0369
9803,18.8966
9804,10.6157
9805,1.46026
9806,0
9807,7.77109
9808,13.5804
9809,2.77349
9810,8.30286
9811,0
9812,15.3836
9813,13.4453
9814,36.3113
9815,21.2741
9816,0
9817,0
9818,36.9905
9819,7.23427
9820,18.7755
9821,16.5362
9822,0
9823,27.0406
9824,0
9825,5.37541
9826,0
9827,14.9516
9828,5.95461
9829,10.2191
9830,14.047
9831,0
9832,20.2037
9833,16.2857
9834,11.4398
9835,5.10847
9836,20.8365
9837,1.13481
9838,23.8592
9839,9.41048
9840,27.5273
9841,17.1758
9842,0
9843,6.37783
9844,43.1639
9845,35.5942
9846,24.5415
9847,7.14326
9848,25.7713
9849,34.533
9850,30.9472
9851,10.7728
9852,0
9853,9.33906
9854,0
9855,16.7298
9856,7.59261
9857,3.25734
9858,9.88161
9859,27.7318
9860,22.5193
9861,31.0321
9862,5.01214
9863,0
9864,24.9899
9865,7.07631
9866,23.347
9867,15.2601
9868,1.13926
9869,34.6999
9870,4.16074
9871,0
9872,0
9873,9.71418
9874,27.6945
9875,20.4277
9876,7.63547
9877,29.4941
9878,17.6233
9879,21.4236
9880,14.2229
9881,1.38298
9882,16.7723
9883,2.75627
9884,22.825
9885,7.65247
9886,36.8646
9887,22.6341
9888,17.0589
9889,20.0728
9890,22.9005
9891,25.4835
9892,0.283758
9893,13.3081
9894,30.2283
9895,6.03158
9896,24.5715
9897,16.0795
9898,9.88615
9899,23.1999
9900,0
9901,34.1244
9902,17.0524
9903,0
9904,25.4389
9905,0
9906,21.3876
9907,10.7294
9908,11.3845
9909,10.1124
9910,4.14907
9911,14.7938
9912,9.65988
9913,7.00964
9914,21.5558
9915,1.0179
9916,44.5338
9917,4.27077
9918,0
9919,27.3604
9920,8.52823
9921,1.36048
9922,20.0812
9923,6.88407
9924,22.0678
9925,9.66986
9926,10.637
9927,25.1449
9928,0
9929,0
9930,27.9937
9931,0
9932,39.6115
9933,28.4379
9934,0
9935,20.3797
9936,13.4572
9937,8.01081
9938,17.0253
9939,14.5318
9940,22.4221
9941,13.792
9942,28.9189
9943,0
9944,0.71052
9945,8.72123
9946,20.0458
9947,0
9948,0
9949,14.1466
9950,0.104645
9951,18.4188
9952,5.19278
9953,5.00024
9954,3.84077
9955,2.444
9956,7.84736
9957,1.86542
9958,0
9959,15.7938
9960,8.72252
9961,8.18948
9962,0
9963,8.05514
9964,13.0556
9965,11.6547
9966,14.3704
9967,8.26907
9968,15.5133
9969,0
9970,24.969
9971,1.72706
9972,10.2729
9973,25.3961
9974,13.6039
9975,8.89832
9976,17.5937
9977,17.8699
9978,21.1244
9979,7.03084
9980,14.1632
9981,0
9982,0
9983,16.9573
9984,8.53749
9985,1.48864
9986,16.1378
9987,1.96852
9988,0
9989,19.4535
9990,20.5386
9991,1.14407
9992,0
9993,5.36671
9994,7.43233
9995,0
9996,3.84217
9997,10.5798
9998,4.33385
9999,0
10000,8.78905
