i,discounted
1,39.5046
2,37.2772
3,71.9386
4,3.7563
5,8.72408
6,25.0293
7,82.65
8,66.0963
9,13.4487
10,51.3213
11,10.2619
12,26.5022
13,29.1891
14,52.7846
15,0.215952
16,3.74215
17,0.642012
18,14.4662
19,3.6312
20,2.90274
21,32.2091
22,0.478348
23,5.35699
24,18.3367
25,40.1856
26,19.5086
27,35.064
28,61.7953
29,12.0664
30,32.9271
31,15.6741
32,26.8736
33,9.18345
34,100.665
35,6.73616
36,0.797146
37,41.6282
38,10.7028
39,0.793819
40,29.695
41,85.6286
42,31.2476
43,16.683
44,1.66006
45,11.9203
46,13.3081
47,40.3016
48,23.9554
49,70.7414
50,7.72896
51,124.966
52,28.7595
53,7.48671
54,17.2149
55,30.7442
56,13.8789
57,29.5059
58,4.27592
59,44.0834
60,39.7572
61,56.7677
62,30.3212
63,31.1306
64,9.11734
65,44.8607
66,35.7401
67,33.3454
68,5.70902
69,10.6132
70,23.6944
71,19.5426
72,75.4062
73,83.9041
74,7.366
75,36.3457
76,23.7485
77,1.77491
78,12.643
79,8.7346
80,9.83412
81,25.8532
82,13.205
83,18.6055
84,19.9353
85,32.5144
86,17.7958
87,4.05356
88,3.08749
89,2.24916
90,8.94536
91,3.29421
92,11.5964
93,25.4888
94,1.17079
95,43.5716
96,1.56586
97,15.4352
98,18.0065
99,33.9345
100,75.4205
101,8.31924
102,8.71671
103,57.6618
104,29.8927
105,44.233
106,0
107,29.5176
108,23.5358
109,29.3494
110,6.95684
111,84.0392
112,16.323
113,60.5033
114,5.90492
115,42.2539
116,8.91342
117,27.373
118,30.4568
119,4.5043
120,6.86614
121,5.81494
122,2.47064
123,34.8536
124,30.1302
125,4.66024
126,4.58087
127,2.35751
128,5.84239
129,24.33
130,39.0821
131,7.03421
132,3.37032
133,0.877891
134,0.135873
135,6.61866
136,9.68647
137,15.487
138,28.1794
139,10.1113
140,10.7903
141,27.1908
142,107.233
143,60.5754
144,48.7818
145,3.53435
146,0.656549
147,13.9013
148,30.2798
149,39.0106
150,43.3385
151,26.2475
152,11.3114
153,46.9829
154,3.49488
155,43.923
156,19.6012
157,88.2615
158,47.9163
159,7.17973
160,14.2988
161,7.33182
162,7.58795
163,2.53062
164,34.0031
165,8.54047
166,15.1257
167,44.6333
168,0.236151
169,0.272664
170,141.79
171,53.2205
172,13.3597
173,20.3801
174,0.119893
175,10.1035
176,32.9842
177,5.06383
178,28.4602
179,86.0721
180,15.6126
181,12.6376
182,52.4791
183,16.2154
184,14.0942
185,35.4266
186,57.0536
187,3.0976
188,0.00337017
189,14.5235
190,84.6164
191,47.9086
192,0.22198
193,18.0208
194,7.45064
195,15.8633
196,46.247
197,8.46301
198,4.83313
199,7.14056
200,68.1864
201,30.3622
202,34.3717
203,53.5126
204,45.0846
205,13.773
206,45.2302
207,5.05238
208,6.36659
209,29.4277
210,24.0208
211,1.22683
212,30.2592
213,14.795
214,29.4773
215,22.7611
216,4.2976
217,47.9427
218,32.536
219,5.30856
220,26.8428
221,12.9174
222,44.2676
223,32.0678
224,42.6415
225,17.2841
226,75.1181
227,15.9718
228,6.61104
229,9.22123
230,89.4322
231,20.4438
232,64.3897
233,0.928636
234,24.333
235,1.60968
236,57.1163
237,4.08468
238,9.36091
239,15.238
240,95.7249
241,15.4986
242,8.76177
243,1.09529
244,45.3432
245,0
246,13.8186
247,34.3841
248,48.3012
249,1.07013
250,0.71867
251,29.8047
252,1.3631
253,21.3564
254,56.1072
255,3.98483
256,29.0664
257,12.5454
258,4.36397
259,56.2076
260,18.8508
261,27.7439
262,16.8241
263,57.0815
264,20.1422
265,12.9833
266,16.7543
267,65.1485
268,8.74131
269,6.73672
270,6.23604
271,2.8594
272,0.262911
273,4.42699
274,4.19211
275,43.716
276,24.2181
277,35.6843
278,6.19067
279,47.281
280,22.5338
281,26.65
282,2.42126
283,9.0831
284,41.258
285,54.2894
286,41.9303
287,13.5129
288,1.26257
289,52.5142
290,10.8484
291,12.9796
292,8.31067
293,22.9675
294,6.79052
295,3.61452
296,27.8304
297,45.6394
298,23.8368
299,16.6343
300,13.1225
301,50.4585
302,17.7737
303,0.873899
304,0.148162
305,17.1352
306,11.3299
307,144.761
308,16.1105
309,1.60066
310,48.0854
311,6.69956
312,3.64902
313,13.4541
314,3.63951
315,16.8749
316,11.7152
317,1.5295
318,10.1328
319,4.81846
320,34.4978
321,5.74908
322,33.9465
323,19.197
324,72.0969
325,39.342
326,47.9405
327,4.34407
328,3.41342
329,51.0733
330,20.3359
331,13.3225
332,17.7853
333,34.9784
334,55.5526
335,18.4049
336,20.3386
337,60.2049
338,11.5727
339,7.67622
340,40.5659
341,15.62
342,6.57003
343,40.9471
344,7.80852
345,62.5719
346,11.1339
347,7.0858
348,20.5077
349,30.812
350,3.81728
351,40.9261
352,5.38106
353,8.23208
354,15.6091
355,10.2253
356,23.1697
357,22.8183
358,28.2141
359,14.7593
360,57.2529
361,9.47198
362,7.91089
363,18.0613
364,21.9207
365,33.4642
366,53.7767
367,21.3638
368,54.5442
369,42.8815
370,9.27459
371,55.5832
372,43.8332
373,57.4581
374,13.2655
375,40.509
376,24.0033
377,12.7461
378,48.9098
379,65.0435
380,12.2463
381,12.7561
382,2.25144
383,31.5333
384,13.2425
385,42.1988
386,5.34972
387,10.932
388,23.1787
389,0.910143
390,11.7404
391,29.3406
392,3.35078
393,28.5911
394,19.6691
395,24.6234
396,27.1929
397,21.3924
398,6.80764
399,27.6606
400,5.22393
401,46.1534
402,41.2918
403,23.0219
404,39.5048
405,2.64831
406,17.5692
407,5.4512
408,22.5775
409,35.7655
410,7.82255
411,38.6741
412,35.6352
413,13.6249
414,10.643
415,30.3225
416,131.573
417,104.733
418,95.772
419,11.9382
420,15.0599
421,45.331
422,40.0367
423,9.62274
424,5.58175
425,26.6442
426,68.533
427,4.83655
428,70.4599
429,54.2442
430,15.9745
431,20.5328
432,18.8485
433,6.00774
434,19.2391
435,0.497078
436,8.67317
437,7.6885
438,34.2921
439,8.52531
440,13.8159
441,21.6798
442,26.7293
443,8.31693
444,96.4972
445,19.7347
446,22.5074
447,52.3568
448,35.9624
449,20.5051
450,12.0127
451,0.572767
452,6.46267
453,11.2736
454,7.12271
455,67.6825
456,2.42737
457,21.7848
458,18.6383
459,1.40855
460,8.18722
461,39.4929
462,8.39562
463,16.5809
464,14.6784
465,38.3561
466,20.2228
467,6.88301
468,31.1122
469,1.17042
470,58.9694
471,31.7629
472,37.74
473,35.436
474,5.19033
475,27.9922
476,88.933
477,1.95746
478,15.8545
479,6.23448
480,43.7358
481,18.0927
482,8.45156
483,0.373615
484,10.9596
485,4.90387
486,17.115
487,2.04486
488,63.1983
489,29.1067
490,43.7853
491,7.01682
492,33.7807
493,1.67726
494,13.1682
495,10.9725
496,6.04999
497,95.7285
498,6.77323
499,29.3403
500,22.4632
501,9.65981
502,13.2117
503,49.41
504,42.2382
505,2.89028
506,89.9266
507,19.8871
508,54.5684
509,55.0176
510,103.116
511,74.7867
512,14.9946
513,7.32622
514,4.76632
515,1.42468
516,12.0193
517,52.639
518,0.12119
519,2.09535
520,17.5781
521,7.80771
522,84.7655
523,45.527
524,52.5753
525,12.6472
526,28.3147
527,10.0242
528,31.7432
529,25.4873
530,11.0961
531,3.16003
532,4.19304
533,45.929
534,26.1358
535,43.5274
536,101.182
537,11.0577
538,123.166
539,6.36047
540,5.81866
541,11.2114
542,26.1236
543,85.347
544,35.6449
545,12.2311
546,35.192
547,2.64367
548,42.6681
549,22.2333
550,10.9771
551,46.7325
552,62.1393
553,17.5324
554,12.2424
555,25.9298
556,62.3498
557,15.2193
558,0.00491981
559,8.90941
560,5.57379
561,3.75339
562,82.4072
563,25.2266
564,3.93821
565,1.75401
566,33.9232
567,8.51092
568,40.5709
569,15.9898
570,23.7562
571,18.8795
572,9.72889
573,69.8865
574,9.7311
575,15.0309
576,50.3697
577,4.23237
578,0.373021
579,12.4958
580,36.9638
581,8.16376
582,31.7942
583,3.53653
584,62.424
585,25.4326
586,20.4038
587,2.56202
588,24.4921
589,6.24586
590,3.63516
591,46.755
592,37.3604
593,5.0754
594,15.3157
595,32.9119
596,2.14024
597,28.8475
598,9.9696
599,5.44916
600,12.0652
601,41.5216
602,14.3212
603,33.2021
604,16.6724
605,33.0997
606,20.0448
607,4.96669
608,16.6369
609,11.251
610,22.0892
611,19.165
612,0.533906
613,60.5848
614,41.4527
615,2.12819
616,33.7993
617,51.3645
618,87.4312
619,25.7196
620,88.8096
621,49.4238
622,34.6943
623,79.8005
624,12.3414
625,9.0482
626,18.0082
627,13.9135
628,38.258
629,31.3136
630,63.9181
631,4.98307
632,77.3679
633,54.5379
634,5.37021
635,34.3164
636,7.6091
637,2.67299
638,7.40024
639,24.9179
640,43.0854
641,23.7395
642,10.067
643,46.2495
644,61.99
645,50.1478
646,20.1499
647,61.2183
648,3.46816
649,49.3136
650,16.7596
651,4.13345
652,2.36363
653,49.7602
654,25.0034
655,12.4299
656,29.2804
657,49.1411
658,1.43268
659,13.5609
660,59.1844
661,2.61793
662,42.8147
663,95.0279
664,0.483989
665,23.7145
666,44.345
667,25.2932
668,2.60064
669,34.2039
670,30.4752
671,11.3277
672,36.0779
673,14.5812
674,36.6622
675,21.7222
676,10.4068
677,1.49495
678,3.354
679,6.08588
680,12.3453
681,17.9915
682,38.4733
683,34.2304
684,40.8588
685,38.0161
686,58.2733
687,17.7877
688,41.9214
689,11.9057
690,11.4362
691,33.6937
692,63.1386
693,56.1545
694,12.2616
695,42.606
696,74.0354
697,28.4291
698,69.823
699,2.03208
700,15.9461
701,0
702,25.4863
703,42.8963
704,1.94911
705,16.3742
706,35.8213
707,31.0842
708,5.75585
709,9.68097
710,0
711,1.62078
712,22.7874
713,44.1627
714,7.27531
715,24.5221
716,2.63142
717,35.9495
718,10.8684
719,0.610806
720,3.8237
721,49.547
722,80.2248
723,35.7451
724,11.9945
725,54.1107
726,0.565742
727,15.662
728,12.1396
729,1.05796
730,6.53279
731,0.902963
732,7.39778
733,78.4262
734,39.5448
735,0.553325
736,79.8345
737,37.935
738,22.4093
739,20.8022
740,0.608207
741,12.8299
742,11.4731
743,30.453
744,68.0174
745,28.7552
746,99.8551
747,25.0888
748,16.833
749,4.74167
750,63.9128
751,48.5163
752,44.255
753,7.30947
754,37.6153
755,9.33642
756,2.98167
757,6.84253
758,34.6129
759,4.71932
760,25.1221
761,0.994058
762,20.7058
763,11.3358
764,20.3059
765,61.8537
766,10.4551
767,40.0002
768,2.0508
769,1.45642
770,2.14301
771,8.11216
772,28.883
773,114.131
774,71.3799
775,18.188
776,5.63362
777,12.1424
778,1.77785
779,22.3072
780,32.3903
781,22.2364
782,8.25356
783,26.8384
784,53.4336
785,30.1343
786,9.76224
787,33.2513
788,4.29398
789,10.073
790,34.4281
791,10.0926
792,28.2846
793,13.1212
794,2.74412
795,10.4787
796,23.9458
797,34.3359
798,16.5369
799,41.5149
800,35.186
801,87.1903
802,0.359826
803,84.3949
804,4.60004
805,25.5274
806,32.2183
807,11.35
808,25.0083
809,58.5588
810,1.3985
811,12.4591
812,4.71189
813,87.9331
814,9.35534
815,12.5458
816,12.6786
817,138.372
818,30.068
819,21.2796
820,1.14989
821,32.0468
822,3.24857
823,2.37877
824,9.98482
825,15.5911
826,32.1889
827,18.0603
828,0.390951
829,1.60387
830,80.8234
831,15.4145
832,17.2465
833,35.5141
834,38.2318
835,20.7772
836,76.0413
837,35.2907
838,3.105
839,69.4396
840,15.598
841,22.6679
842,0.882524
843,40.0865
844,53.9047
845,0.645562
846,9.00093
847,43.4053
848,32.2789
849,70.6267
850,7.62837
851,1.05542
852,35.4378
853,33.3964
854,3.77074
855,11.6591
856,15.2574
857,37.1847
858,5.33919
859,5.52388
860,11.0722
861,24.9925
862,25.0699
863,0
864,57.1365
865,2.8531
866,10.8134
867,29.707
868,17.3572
869,27.406
870,2.18692
871,16.4396
872,24.9241
873,21.6532
874,30.8578
875,9.19552
876,4.61926
877,21.9491
878,24.8141
879,64.5992
880,46.4265
881,21.3148
882,36.0621
883,52.8201
884,35.5147
885,4.64735
886,5.09558
887,0.0357611
888,10.3517
889,21.4362
890,16.7296
891,28.9614
892,15.2108
893,7.90757
894,30.4374
895,1.92211
896,30.7462
897,9.12106
898,2.25855
899,4.49983
900,37.8007
901,29.4744
902,32.5126
903,118.014
904,0.949652
905,40.3691
906,17.928
907,35.2261
908,2.04469
909,16.4486
910,43.7933
911,16.8126
912,42.5492
913,0.86625
914,17.5734
915,32.8117
916,48.9257
917,46.3852
918,6.63918
919,69.6122
920,13.2038
921,49.0639
922,26.7089
923,19.7135
924,27.3124
925,4.10441
926,15.1192
927,38.5745
928,17.5128
929,25.8536
930,37.5366
931,6.56234
932,13.3881
933,13.4872
934,112.652
935,43.4832
936,20.2742
937,20.0733
938,15.3187
939,12.6545
940,54.1279
941,65.5084
942,45.5892
943,18.2856
944,6.13772
945,39.5064
946,50.9939
947,44.6272
948,0.0588368
949,16.4952
950,21.1562
951,8.28733
952,54.8629
953,7.64002
954,7.19699
955,7.80446
956,39.5482
957,5.95555
958,0.691076
959,1.39597
960,64.9447
961,25.6056
962,1.71782
963,80.2117
964,67.9833
965,24.716
966,0.742928
967,0.376722
968,65.8164
969,37.1356
970,7.62309
971,1.99302
972,4.34143
973,3.99292
974,24.762
975,22.8867
976,32.2437
977,14.0078
978,6.45951
979,18.8832
980,22.3008
981,18.7613
982,53.7996
983,1.62196
984,36.4819
985,22.8583
986,1.36554
987,5.82921
988,1.24687
989,10.2991
990,5.70556
991,12.2716
992,16.9556
993,27.0271
994,8.40741
995,28.2687
996,13.2312
997,20.0413
998,45.4627
999,18.4597
1000,8.82655
1001,4.31478
1002,18.809
1003,59.1156
1004,35.7776
1005,35.2395
1006,44.1005
1007,9.07267
1008,44.1469
1009,19.0935
1010,24.3453
1011,22.3699
1012,39.6654
1013,13.5688
1014,5.66914
1015,2.92208
1016,3.97506
1017,6.60756
1018,17.5199
1019,6.32629
1020,15.0192
1021,18.0954
1022,15.5975
1023,0.602413
1024,52.001
1025,8.21908
1026,31.3136
1027,18.8205
1028,5.85773
1029,24.6342
1030,56.6188
1031,48.7511
1032,71.3303
1033,39.4868
1034,9.1579
1035,48.3265
1036,11.5746
1037,49.5982
1038,5.89297
1039,5.44789
1040,17.6535
1041,0.570278
1042,53.6066
1043,23.7424
1044,25.8249
1045,25.9209
1046,70.3171
1047,19.5276
1048,24.0714
1049,50.2425
1050,22.713
1051,46.6117
1052,17.1769
1053,73.2635
1054,41.7634
1055,27.9511
1056,61.071
1057,31.4409
1058,10.9274
1059,22.0605
1060,27.8175
1061,4.83454
1062,14.364
1063,0.033019
1064,27.2339
1065,21.8823
1066,16.0678
1067,14.2081
1068,0.946237
1069,5.71213
1070,50.5251
1071,26.6548
1072,8.70492
1073,19.2731
1074,30.1372
1075,52.8923
1076,57.0134
1077,3.62504
1078,16.8983
1079,2.29387
1080,9.46013
1081,14.3932
1082,19.4868
1083,62.5743
1084,36.996
1085,33.8748
1086,21.8662
1087,23.4013
1088,49.6187
1089,9.65938
1090,9.60531
1091,67.4791
1092,4.83525
1093,21.1063
1094,54.1874
1095,3.93325
1096,19.074
1097,8.15664
1098,26.0753
1099,36.8282
1100,93.8908
1101,26.681
1102,29.5571
1103,4.50455
1104,1.65692
1105,18.896
1106,23.0487
1107,29.6131
1108,26.7967
1109,15.2273
1110,48.1955
1111,30.7162
1112,18.2013
1113,14.4355
1114,20.0463
1115,34.3787
1116,1.43279
1117,51.2537
1118,29.8309
1119,49.4153
1120,6.59135
1121,31.1001
1122,46.5843
1123,54.0058
1124,106.187
1125,50.6345
1126,20.6023
1127,12.0257
1128,69.4884
1129,23.6663
1130,73.3852
1131,74.987
1132,60.2407
1133,25.7618
1134,11.3736
1135,31.8049
1136,3.35441
1137,30.9677
1138,29.8592
1139,49.0648
1140,51.5673
1141,35.1725
1142,20.9376
1143,32.9423
1144,10.2632
1145,26.5627
1146,194.149
1147,48.3235
1148,12.4222
1149,17.4614
1150,0.369441
1151,0.281975
1152,13.7134
1153,45.1326
1154,32.8541
1155,34.493
1156,1.02414
1157,21.1814
1158,11.4119
1159,6.9673
1160,38.1533
1161,3.99692
1162,58.0332
1163,6.67313
1164,26.4883
1165,60.5884
1166,15.3033
1167,22.5641
1168,23.1344
1169,54.5901
1170,29.2155
1171,56.2947
1172,77.7129
1173,65.4813
1174,42.7413
1175,14.0793
1176,6.19318
1177,18.7024
1178,29.0897
1179,91.4555
1180,4.9734
1181,37.0853
1182,39.7362
1183,12.4223
1184,62.0174
1185,16.3402
1186,27.9047
1187,46.2087
1188,3.7178
1189,4.57139
1190,36.0844
1191,19.4883
1192,40.3605
1193,20.7502
1194,14.5525
1195,86.4111
1196,15.2518
1197,3.56644
1198,13.6406
1199,2.34406
1200,1.08777
1201,33.0946
1202,14.2882
1203,22.0251
1204,14.5431
1205,13.5351
1206,47.3491
1207,1.49371
1208,63.0659
1209,31.6925
1210,84.0321
1211,21.033
1212,38.7468
1213,25.7102
1214,32.832
1215,47.0757
1216,9.25164
1217,39.2063
1218,33.6689
1219,67.3399
1220,42.5125
1221,6.72261
1222,6.88493
1223,54.1596
1224,53.4229
1225,45.5124
1226,7.06311
1227,7.10601
1228,36.415
1229,14.0344
1230,21.2049
1231,38.9541
1232,25.0781
1233,81.2323
1234,19.21
1235,9.47239
1236,27.0098
1237,77.7298
1238,24.1655
1239,12.6121
1240,43.1882
1241,27.4662
1242,40.8719
1243,2.43366
1244,14.8022
1245,9.82186
1246,48.8962
1247,61.7637
1248,3.67001
1249,19.8885
1250,6.03911
1251,15.1103
1252,33.3755
1253,26.684
1254,1.63998
1255,29.4625
1256,19.2283
1257,9.46742
1258,25.1358
1259,11.7225
1260,20.2207
1261,10.0608
1262,39.5127
1263,63.4973
1264,5.16035
1265,50.9237
1266,2.21657
1267,12.5815
1268,29.6268
1269,41.445
1270,45.6846
1271,21.7595
1272,81.2725
1273,5.45784
1274,12.6609
1275,22.0786
1276,29.8743
1277,44.2004
1278,50.7175
1279,22.4201
1280,30.6065
1281,13.217
1282,19.8998
1283,22.7259
1284,2.10704
1285,1.54374
1286,73.4525
1287,17.0813
1288,38.4718
1289,4.2811
1290,0
1291,87.8464
1292,16.9898
1293,1.76457
1294,0.329951
1295,26.1281
1296,1.59424
1297,9.73776
1298,15.3916
1299,49.2987
1300,56.8053
1301,0.0391159
1302,47.019
1303,2.59152
1304,27.4475
1305,40.6922
1306,89.1495
1307,30.0811
1308,39.8336
1309,3.69776
1310,6.09428
1311,19.5226
1312,22.4873
1313,77.6364
1314,2.05018
1315,24.4675
1316,0.625695
1317,21.9797
1318,31.7226
1319,3.87782
1320,1.22272
1321,0.964357
1322,39.8656
1323,4.19401
1324,2.97817
1325,41.3451
1326,60.888
1327,34.031
1328,4.68258
1329,45.0171
1330,67.4003
1331,32.19
1332,2.65988
1333,16.5406
1334,21.6097
1335,13.4278
1336,7.12318
1337,11.4161
1338,18.5128
1339,24.3967
1340,41.8045
1341,0
1342,12.7147
1343,5.22679
1344,6.10401
1345,41.6721
1346,1.49202
1347,0.343905
1348,0.234408
1349,9.31629
1350,22.0312
1351,19.2949
1352,58.8576
1353,23.2118
1354,3.30478
1355,66.8427
1356,2.62181
1357,2.86153
1358,11.3248
1359,92.4624
1360,3.20324
1361,12.3628
1362,6.04198
1363,24.92
1364,3.04627
1365,19.9547
1366,20.6074
1367,6.16584
1368,8.49036
1369,3.32656
1370,19.4541
1371,12.1923
1372,31.9969
1373,14.4963
1374,30.3354
1375,54.849
1376,14.1334
1377,15.9204
1378,57.3383
1379,14.7853
1380,30.4629
1381,25.868
1382,45.5151
1383,2.42021
1384,13.6562
1385,37.5467
1386,1.29794
1387,3.34206
1388,3.55439
1389,21.4162
1390,22.2077
1391,158.616
1392,11.6241
1393,12.8998
1394,59.3187
1395,122.962
1396,50.3811
1397,66.6318
1398,7.81643
1399,0.821344
1400,16.5116
1401,7.50099
1402,53.569
1403,32.6667
1404,20.2759
1405,26.3508
1406,23.263
1407,9.69655
1408,8.00692
1409,26.773
1410,4.20541
1411,46.988
1412,23.7239
1413,9.33377
1414,62.8845
1415,9.3766
1416,0.281809
1417,11.3142
1418,73.4536
1419,3.61796
1420,44.6544
1421,12.4618
1422,16.0819
1423,82.3276
1424,1.25921
1425,17.3653
1426,63.0806
1427,26.2682
1428,17.5766
1429,6.29373
1430,30.6255
1431,11.4691
1432,30.1248
1433,10.8442
1434,9.88466
1435,44.9964
1436,8.64799
1437,1.13288
1438,17.3684
1439,7.96912
1440,7.87407
1441,6.75404
1442,38.5217
1443,12.0569
1444,16.2409
1445,0.18116
1446,5.81624
1447,1.5622
1448,5.08775
1449,6.26001
1450,23.6046
1451,54.1359
1452,11.9409
1453,109.019
1454,10.4613
1455,68.3039
1456,45.9141
1457,26.976
1458,3.58774
1459,43.8646
1460,3.42201
1461,11.2541
1462,55.9079
1463,52.1216
1464,49.492
1465,32.0378
1466,8.60957
1467,12.3863
1468,0.590437
1469,29.2497
1470,23.7558
1471,13.4103
1472,66.4264
1473,57.6559
1474,50.16
1475,11.7761
1476,33.1433
1477,23.3615
1478,13.9011
1479,31.6027
1480,17.8946
1481,10.8339
1482,64.9883
1483,13.2334
1484,26.1166
1485,3.85695
1486,22.9176
1487,13.3534
1488,11.1773
1489,16.3532
1490,11.0068
1491,1.07791
1492,28.5188
1493,38.9333
1494,9.96323
1495,26.3456
1496,11.8251
1497,28.0697
1498,33.4538
1499,37.8423
1500,13.863
1501,7.04577
1502,12.317
1503,18.1073
1504,1.11862
1505,9.96439
1506,4.99892
1507,10.1594
1508,15.7279
1509,35.9037
1510,14.9642
1511,9.51258
1512,5.92864
1513,3.34106
1514,23.5587
1515,61.8628
1516,51.7609
1517,4.50897
1518,46.7071
1519,33.2631
1520,2.7389
1521,9.68337
1522,13.4046
1523,55.1796
1524,0.109308
1525,22.1955
1526,41.5905
1527,0.181357
1528,7.08203
1529,6.28713
1530,27.7199
1531,19.5339
1532,0.415206
1533,17.0919
1534,60.2565
1535,0.404044
1536,14.6222
1537,13.2665
1538,72.4231
1539,32.2733
1540,58.5584
1541,10.6065
1542,3.52153
1543,19.1663
1544,41.2581
1545,6.45056
1546,11.3967
1547,54.5238
1548,7.89455
1549,16.0807
1550,35.781
1551,23.0773
1552,60.8942
1553,6.92209
1554,43.8776
1555,11.8891
1556,0.770826
1557,31.7474
1558,0.892625
1559,30.4572
1560,54.3515
1561,8.55364
1562,5.41027
1563,6.11252
1564,2.03959
1565,16.9374
1566,60.5996
1567,20.3409
1568,55.3488
1569,36.0147
1570,1.28886
1571,21.6146
1572,38.6291
1573,4.13721
1574,18.82
1575,33.2127
1576,40.3553
1577,33.5368
1578,17.8711
1579,23.9248
1580,40.4097
1581,64.4397
1582,6.39683
1583,30.7113
1584,3.17913
1585,18.6699
1586,21.3592
1587,14.2476
1588,2.47514
1589,12.0429
1590,12.3418
1591,4.36775
1592,5.37521
1593,9.01805
1594,40.9268
1595,6.28752
1596,12.2924
1597,43.7283
1598,23.654
1599,29.6254
1600,40.6445
1601,1.05543
1602,16.5294
1603,18.1194
1604,54.8156
1605,19.2577
1606,11.3658
1607,4.046
1608,24.6882
1609,16.1247
1610,15.0614
1611,3.80167
1612,5.47936
1613,51.0142
1614,22.1872
1615,25.4635
1616,3.21796
1617,29.0357
1618,11.0174
1619,58.5671
1620,17.268
1621,13.0986
1622,21.9149
1623,19.8343
1624,67.5072
1625,19.3725
1626,19.198
1627,8.37573
1628,24.405
1629,5.13785
1630,9.78737
1631,5.69296
1632,43.2075
1633,9.05171
1634,13.9367
1635,21.964
1636,29.6459
1637,31.0204
1638,37.9074
1639,31.0736
1640,2.51315
1641,1.43337
1642,7.32464
1643,4.45158
1644,36.0015
1645,1.60681
1646,64.4532
1647,15.7934
1648,30.8247
1649,8.96372
1650,80.962
1651,16.1802
1652,9.64385
1653,12.6594
1654,28.1086
1655,4.4715
1656,13.3813
1657,67.502
1658,85.9804
1659,7.87011
1660,10.8699
1661,8.30162
1662,59.2959
1663,37.4707
1664,51.5632
1665,16.6922
1666,26.6506
1667,3.90585
1668,5.89401
1669,28.2245
1670,36.89
1671,0.23104
1672,24.9283
1673,2.43173
1674,34.627
1675,61.3076
1676,41.6943
1677,1.271
1678,16.8042
1679,10.6028
1680,45.9058
1681,57.2512
1682,40.4679
1683,35.6599
1684,0.38327
1685,58.5499
1686,40.4894
1687,8.49781
1688,110.132
1689,4.40026
1690,29.6327
1691,52.6479
1692,0.363115
1693,63.4976
1694,2.12617
1695,8.388
1696,8.57901
1697,26.0954
1698,75.5771
1699,13.7236
1700,56.9918
1701,42.7873
1702,2.4271
1703,8.01979
1704,8.85145
1705,13.1754
1706,20.9126
1707,33.6837
1708,43.7662
1709,0.968022
1710,19.9867
1711,11.8715
1712,10.6557
1713,10.3866
1714,0.24044
1715,11.0271
1716,8.0436
1717,22.8402
1718,59.4796
1719,3.25932
1720,24.8395
1721,1.51525
1722,52.2912
1723,20.7211
1724,7.10916
1725,42.6726
1726,20.2781
1727,25.1741
1728,62.9712
1729,9.08764
1730,1.56631
1731,25.0974
1732,9.43154
1733,19.1527
1734,34.3595
1735,59.1369
1736,4.21987
1737,41.8137
1738,14.0865
1739,23.4038
1740,1.12692
1741,0.50469
1742,17.0481
1743,7.14882
1744,0.892483
1745,8.90494
1746,13.0141
1747,20.2406
1748,14.5266
1749,6.67982
1750,40.245
1751,2.81825
1752,26.7688
1753,58.208
1754,27.0109
1755,8.28498
1756,33.3196
1757,78.5234
1758,67.2563
1759,60.1533
1760,29.4995
1761,32.9448
1762,23.4865
1763,17.8135
1764,31.9477
1765,62.3562
1766,43.5172
1767,12.3365
1768,15.5313
1769,82.1595
1770,4.85387
1771,76.281
1772,1.2391
1773,32.708
1774,2.79851
1775,19.9881
1776,11.7732
1777,90.1937
1778,13.2859
1779,5.49382
1780,6.39925
1781,47.462
1782,10.4271
1783,6.18117
1784,42.9849
1785,3.48673
1786,78.1524
1787,8.95476
1788,21.5966
1789,13.1868
1790,32.6891
1791,23.4708
1792,4.31603
1793,8.28991
1794,16.1446
1795,28.427
1796,13.4853
1797,25.2462
1798,2.64844
1799,21.2881
1800,111.264
1801,4.81538
1802,37.3064
1803,79.2201
1804,55.8249
1805,59.3325
1806,13.1548
1807,18.04
1808,2.02883
1809,3.07247
1810,37.3055
1811,17.3266
1812,10.0434
1813,45.1367
1814,21.5641
1815,19.3212
1816,55.6107
1817,58.0258
1818,25.9769
1819,2.02272
1820,12.6169
1821,11.3493
1822,12.7001
1823,123.944
1824,74.5045
1825,18.9752
1826,103.453
1827,8.10123
1828,68.9313
1829,16.2977
1830,16.2448
1831,15.5587
1832,19.2432
1833,82.8699
1834,5.23873
1835,27.8831
1836,37.9194
1837,46.1171
1838,10.7782
1839,3.80504
1840,3.03831
1841,9.62733
1842,23.8957
1843,56.5585
1844,26.1708
1845,6.46389
1846,12.4609
1847,28.8286
1848,22.5684
1849,72.3364
1850,13.0434
1851,69.7591
1852,16.6817
1853,0.811318
1854,37.1036
1855,4.09887
1856,20.5235
1857,21.7996
1858,53.0786
1859,36.8086
1860,0.750151
1861,4.11882
1862,17.5988
1863,26.773
1864,48.3359
1865,31.6555
1866,5.59163
1867,10.4384
1868,1.70742
1869,29.6829
1870,65.698
1871,28.5198
1872,0.459429
1873,22.7445
1874,2.4011
1875,45.8716
1876,41.3036
1877,39.8425
1878,7.53747
1879,6.47781
1880,31.8993
1881,19.7802
1882,43.7138
1883,12.6605
1884,17.0402
1885,14.9918
1886,10.9989
1887,7.25187
1888,6.54237
1889,4.27495
1890,53.8426
1891,12.4789
1892,29.4835
1893,11.4636
1894,17.8519
1895,11.6329
1896,2.34355
1897,30.7568
1898,28.131
1899,3.42422
1900,33.112
1901,13.3539
1902,15.2962
1903,38.1393
1904,0.731381
1905,3.21724
1906,1.05174
1907,14.4443
1908,7.72271
1909,34.603
1910,10.4267
1911,98.9575
1912,6.30646
1913,38.705
1914,7.28279
1915,16.7406
1916,6.09119
1917,3.65184
1918,44.9361
1919,19.8774
1920,2.88401
1921,25.2662
1922,26.4692
1923,32.1134
1924,43.541
1925,27.1143
1926,6.64726
1927,4.61764
1928,8.0053
1929,46.6209
1930,96.3354
1931,48.4819
1932,24.9049
1933,3.96271
1934,20.998
1935,27.7021
1936,17.1345
1937,0.96554
1938,3.97919
1939,21.712
1940,30.1248
1941,23.5381
1942,21.431
1943,4.2287
1944,4.75726
1945,33.6705
1946,2.5187
1947,5.79616
1948,6.9427
1949,54.4649
1950,28.1923
1951,72.7651
1952,0.0106848
1953,21.0005
1954,46.7578
1955,30.0806
1956,12.5683
1957,21.7192
1958,12.1343
1959,19.4525
1960,4.95775
1961,8.85805
1962,29.0422
1963,9.00113
1964,26.7146
1965,3.02085
1966,8.14689
1967,9.89255
1968,16.1932
1969,13.2245
1970,6.43518
1971,50.4684
1972,33.4527
1973,22.1056
1974,43.2894
1975,16.7875
1976,10.9854
1977,10.7692
1978,21.8354
1979,2.86828
1980,10.4539
1981,16.1553
1982,1.98191
1983,30.0917
1984,43.603
1985,38.8314
1986,16.6644
1987,3.62231
1988,17.2077
1989,49.8821
1990,34.703
1991,7.50449
1992,20.4081
1993,44.6647
1994,24.2184
1995,31.1976
1996,44.8373
1997,68.8729
1998,16.5061
1999,1.5369
2000,21.7437
2001,72.9131
2002,60.0307
2003,17.6348
2004,29.6036
2005,7.4459
2006,40.4583
2007,8.45534
2008,25.2632
2009,58.4695
2010,2.31284
2011,0.534764
2012,4.42034
2013,7.02077
2014,125.63
2015,16.926
2016,4.76534
2017,12.7258
2018,36.5263
2019,9.8146
2020,1.2563
2021,0
2022,20.521
2023,84.0043
2024,16.5807
2025,82.7976
2026,50.7393
2027,41.7959
2028,96.4876
2029,7.04098
2030,31.46
2031,46.4164
2032,9.82401
2033,83.0257
2034,77.16
2035,2.73614
2036,16.5185
2037,6.89727
2038,10.7989
2039,24.7487
2040,52.0319
2041,3.02499
2042,0.760894
2043,24.9654
2044,3.92572
2045,19.0128
2046,9.71612
2047,83.0348
2048,4.02205
2049,28.5409
2050,12.6708
2051,8.07992
2052,27.4465
2053,33.732
2054,2.46754
2055,58.6093
2056,48.5489
2057,2.70619
2058,3.57625
2059,30.3046
2060,2.61778
2061,49.676
2062,14.0614
2063,0.464626
2064,17.8757
2065,12.7236
2066,114.423
2067,1.86607
2068,49.1639
2069,6.2172
2070,4.69506
2071,0.344217
2072,1.96742
2073,29.8326
2074,14.1411
2075,47.124
2076,5.95238
2077,21.7525
2078,75.7508
2079,1.93643
2080,10.0371
2081,35.4977
2082,15.3365
2083,9.01347
2084,18.8028
2085,1.84794
2086,38.4734
2087,23.2577
2088,15.091
2089,87.3699
2090,59.4821
2091,0
2092,38.846
2093,0.119221
2094,10.6622
2095,37.3851
2096,6.91162
2097,113.952
2098,28.7702
2099,23.5536
2100,45.8118
2101,4.62688
2102,12.3324
2103,1.84143
2104,0.609635
2105,29.8209
2106,72.3021
2107,32.2787
2108,7.0011
2109,30.0219
2110,25.5778
2111,3.75411
2112,43.035
2113,44.6632
2114,12.8927
2115,38.1451
2116,18.2557
2117,24.4723
2118,20.1298
2119,5.39066
2120,24.6527
2121,28.3212
2122,2.86561
2123,13.7156
2124,7.55936
2125,60.1396
2126,17.5167
2127,24.2134
2128,9.09056
2129,31.5617
2130,53.6684
2131,33.1739
2132,10.4125
2133,16.3362
2134,27.6582
2135,21.6459
2136,54.894
2137,2.51816
2138,0.232354
2139,6.86391
2140,6.52306
2141,9.14674
2142,47.6342
2143,14.719
2144,71.133
2145,5.45267
2146,49.5228
2147,26.4221
2148,30.28
2149,53.564
2150,74.5997
2151,0.279442
2152,13.5311
2153,8.17138
2154,78.1652
2155,29.2152
2156,9.4174
2157,0.993621
2158,21.0814
2159,3.51558
2160,51.1477
2161,75.6506
2162,42.6103
2163,15.852
2164,61.4994
2165,26.5532
2166,12.5456
2167,49.9353
2168,51.7324
2169,0.555916
2170,0.346586
2171,56.0728
2172,13.8985
2173,3.07699
2174,24.8483
2175,15.7486
2176,66.313
2177,43.0984
2178,3.8649
2179,0.291649
2180,32.209
2181,28.5142
2182,30.4898
2183,27.7098
2184,66.0923
2185,45.2863
2186,15.9135
2187,16.773
2188,2.54422
2189,22.5071
2190,14.5248
2191,9.21333
2192,18.8125
2193,26.5508
2194,32.5721
2195,4.72679
2196,1.81468
2197,17.8767
2198,10.1324
2199,59.4984
2200,12.7335
2201,12.151
2202,21.4007
2203,35.1225
2204,54.3212
2205,7.56109
2206,1.59329
2207,30.0823
2208,2.64026
2209,9.20615
2210,47.8099
2211,85.9955
2212,54.0551
2213,36.1315
2214,55.4058
2215,8.42531
2216,26.9549
2217,4.74148
2218,4.30738
2219,5.18962
2220,13.2543
2221,31.2051
2222,9.48576
2223,4.11467
2224,83.7705
2225,34.7716
2226,3.33469
2227,17.2081
2228,52.0945
2229,19.6515
2230,12.9766
2231,9.84419
2232,15.6908
2233,73.2698
2234,16.9701
2235,6.31213
2236,54.7301
2237,6.7897
2238,36.5755
2239,15.8802
2240,42.1773
2241,1.27171
2242,27.5096
2243,5.03909
2244,62.805
2245,2.22071
2246,9.00504
2247,78.5219
2248,44.0947
2249,13.4662
2250,39.2217
2251,4.58614
2252,103.017
2253,0.806368
2254,24.5985
2255,8.07431
2256,31.1707
2257,42.2832
2258,82.3218
2259,23.0097
2260,24.5095
2261,18.218
2262,5.17203
2263,21.4686
2264,31.8207
2265,5.04289
2266,28.7382
2267,27.2702
2268,25.0825
2269,20.6679
2270,29.7968
2271,6.99947
2272,19.625
2273,19.9115
2274,42.0945
2275,3.0103
2276,79.6989
2277,32.1297
2278,28.8406
2279,36.7964
2280,22.0305
2281,1.26452
2282,48.9512
2283,21.8549
2284,14.0179
2285,52.2599
2286,113.112
2287,86.8912
2288,28.1082
2289,54.4619
2290,26.2265
2291,34.9211
2292,3.76064
2293,19.2034
2294,15.1933
2295,48.2299
2296,4.95229
2297,32.9106
2298,12.7458
2299,36.4486
2300,17.3598
2301,33.1772
2302,16.6338
2303,7.9567
2304,10.5027
2305,0.722136
2306,31.5493
2307,89.4141
2308,31.3733
2309,22.1454
2310,27.4253
2311,20.7691
2312,27.3552
2313,52.0166
2314,18.875
2315,33.6471
2316,3.96665
2317,13.6661
2318,2.89855
2319,48.4113
2320,9.72631
2321,6.59588
2322,14.3294
2323,12.6101
2324,45.3224
2325,59.7525
2326,13.3065
2327,23.9973
2328,79.2883
2329,101.874
2330,76.8443
2331,24.4059
2332,10.2937
2333,69.911
2334,30.9788
2335,18.7117
2336,5.46999
2337,6.41925
2338,0.267217
2339,35.3953
2340,7.41284
2341,52.0511
2342,31.2978
2343,12.1046
2344,0
2345,30.1646
2346,11.0807
2347,11.5849
2348,7.57358
2349,7.54035
2350,27.9264
2351,10.6862
2352,52.7235
2353,11.6801
2354,5.6541
2355,65.2513
2356,9.66025
2357,15.1762
2358,17.2065
2359,78.1056
2360,4.93005
2361,50.889
2362,20.5763
2363,4.49345
2364,4.45748
2365,17.2201
2366,26.1346
2367,32.2736
2368,20.2563
2369,21.0476
2370,17.3009
2371,1.66094
2372,42.8189
2373,34.7339
2374,11.7352
2375,12.844
2376,9.63923
2377,36.4988
2378,9.10828
2379,0.619362
2380,16.2728
2381,35.5385
2382,27.4062
2383,21.0366
2384,24.6554
2385,34.0951
2386,13.1912
2387,0.197575
2388,14.1535
2389,12.4348
2390,57.7884
2391,28.2331
2392,5.27207
2393,50.2447
2394,37.261
2395,9.6874
2396,29.9054
2397,25.4889
2398,26.1552
2399,47.2897
2400,75.6525
2401,32.6719
2402,5.99773
2403,23.7558
2404,18.0259
2405,21.9462
2406,1.48395
2407,13.9426
2408,16.7815
2409,2.35263
2410,4.27231
2411,29.1238
2412,7.45961
2413,12.1313
2414,100.222
2415,46.9521
2416,57.7529
2417,68.458
2418,11.7376
2419,19.5695
2420,9.49939
2421,40.4437
2422,0.629361
2423,4.06334
2424,3.7818
2425,51.3013
2426,29.803
2427,3.48525
2428,0.272769
2429,34.801
2430,27.9475
2431,48.2209
2432,18.7032
2433,18.4137
2434,34.3565
2435,16.8136
2436,15.6995
2437,18.0054
2438,74.6943
2439,86.9367
2440,15.711
2441,0.722909
2442,16.2643
2443,79.8594
2444,25.9422
2445,38.9373
2446,17.8488
2447,31.7169
2448,4.82194
2449,31.61
2450,8.37689
2451,5.63051
2452,8.6137
2453,42.4638
2454,14.4804
2455,7.99569
2456,20.2453
2457,29.368
2458,1.85109
2459,8.05536
2460,25.5048
2461,35.7639
2462,13.255
2463,6.85025
2464,58.2966
2465,1.01268
2466,23.9688
2467,120.452
2468,84.0449
2469,41.0621
2470,71.21
2471,21.942
2472,1.45158
2473,28.1759
2474,6.89449
2475,42.2696
2476,43.778
2477,28.9583
2478,19.7064
2479,4.06079
2480,47.4472
2481,4.60146
2482,55.7817
2483,22.3958
2484,6.59562
2485,130.601
2486,4.73538
2487,1.25859
2488,9.27156
2489,3.17331
2490,51.2453
2491,56.3352
2492,22.5688
2493,1.53388
2494,24.2325
2495,14.7789
2496,36.8143
2497,55.05
2498,28.2822
2499,31.2018
2500,0.706763
2501,75.1447
2502,35.975
2503,4.5395
2504,41.6737
2505,5.14449
2506,62.5746
2507,21.6596
2508,12.6623
2509,131.516
2510,32.5459
2511,12.8188
2512,40.3228
2513,30.2807
2514,2.16089
2515,33.3659
2516,20.8819
2517,10.3838
2518,0.157976
2519,15.8494
2520,8.18624
2521,17.3993
2522,13.915
2523,28.19
2524,1.48725
2525,32.8779
2526,40.5242
2527,10.6063
2528,42.564
2529,50.0186
2530,10.2095
2531,18.7795
2532,9.57559
2533,22.7893
2534,0.508281
2535,0.65871
2536,13.2242
2537,44.9113
2538,25.496
2539,16.5772
2540,5.99297
2541,0.0236711
2542,61.3764
2543,60.8044
2544,32.8116
2545,32.2588
2546,6.21698
2547,10.7557
2548,36.7387
2549,21.6786
2550,9.56127
2551,42.6023
2552,24.5629
2553,1.17032
2554,18.133
2555,51.32
2556,24.164
2557,2.42626
2558,29.2794
2559,7.40845
2560,57.9745
2561,3.31231
2562,38.491
2563,13.7417
2564,13.9676
2565,3.59373
2566,18.561
2567,59.2518
2568,68.7839
2569,16.1174
2570,5.09597
2571,5.54182
2572,41.0313
2573,25.603
2574,15.4493
2575,29.3722
2576,33.7656
2577,28.6654
2578,23.966
2579,14.2033
2580,74.405
2581,51.706
2582,13.8341
2583,11.4858
2584,9.08244
2585,13.3494
2586,79.022
2587,10.5545
2588,3.98258
2589,50.3922
2590,13.5604
2591,12.3157
2592,10.5909
2593,62.7733
2594,25.9689
2595,19.2191
2596,4.66194
2597,5.74162
2598,3.84456
2599,4.98531
2600,2.52294
2601,28.5479
2602,14.3547
2603,39.012
2604,17.6966
2605,14.2438
2606,6.09578
2607,0.708154
2608,30.7489
2609,1.79406
2610,7.02534
2611,12.0416
2612,20.8269
2613,17.4416
2614,3.23234
2615,2.27674
2616,2.65102
2617,23.2308
2618,10.4938
2619,19.4293
2620,3.44611
2621,3.35946
2622,10.3581
2623,29.598
2624,16.2076
2625,73.1368
2626,5.7589
2627,19.1137
2628,66.3595
2629,18.8633
2630,87.612
2631,19.9712
2632,1.42817
2633,32.0058
2634,38.4091
2635,9.56257
2636,42.2554
2637,5.20808
2638,17.9811
2639,19.4631
2640,43.1394
2641,0.0255253
2642,23.8036
2643,0.929264
2644,48.6781
2645,70.3058
2646,1.96231
2647,33.5041
2648,1.87313
2649,23.3023
2650,0.211498
2651,46.2043
2652,1.36258
2653,5.42693
2654,3.78529
2655,9.84092
2656,31.8675
2657,18.6539
2658,0.18644
2659,26.1402
2660,49.1506
2661,1.45545
2662,30.3841
2663,23.4027
2664,10.1259
2665,10.8224
2666,16.4917
2667,15.7344
2668,32.8951
2669,40.3914
2670,7.12837
2671,36.7542
2672,29.8441
2673,51.8145
2674,5.54013
2675,27.7092
2676,12.3557
2677,8.51148
2678,8.38605
2679,39.2191
2680,55.4928
2681,9.06653
2682,40.6523
2683,16.6059
2684,19.917
2685,30.6493
2686,5.58539
2687,5.27061
2688,46.2586
2689,65.6054
2690,24.374
2691,48.764
2692,3.38949
2693,77.5817
2694,49.5373
2695,104.851
2696,36.7792
2697,4.46371
2698,9.78318
2699,62.06
2700,0.109255
2701,8.28999
2702,43.7269
2703,14.1853
2704,31.7901
2705,129.739
2706,58.5474
2707,50.516
2708,1.68383
2709,17.9622
2710,15.486
2711,64.7146
2712,42.381
2713,0.771916
2714,51.174
2715,13.9506
2716,98.4796
2717,11.3829
2718,0.159462
2719,0.549934
2720,3.57704
2721,0.969578
2722,81.6974
2723,5.16171
2724,0.311487
2725,32.2437
2726,3.54195
2727,5.77494
2728,25.8402
2729,13.7449
2730,16.3105
2731,40.5008
2732,15.2282
2733,31.7882
2734,16.2425
2735,62.6263
2736,50.9884
2737,33.9241
2738,22.5797
2739,0
2740,13.1161
2741,43.243
2742,34.7143
2743,50.6252
2744,19.3623
2745,26.0929
2746,53.3622
2747,19.0119
2748,0.736756
2749,50.9031
2750,12.4358
2751,31.9364
2752,36.0479
2753,23.9323
2754,20.3774
2755,80.8246
2756,48.4671
2757,30.2205
2758,1.39714
2759,23.518
2760,7.25778
2761,5.71306
2762,26.5542
2763,65.3792
2764,1.99039
2765,31.9143
2766,59.5857
2767,61.2425
2768,2.23137
2769,43.9231
2770,0.000344811
2771,17.0456
2772,7.49655
2773,23.0374
2774,28.949
2775,1.79315
2776,57.2681
2777,28.4308
2778,27.2164
2779,9.0805
2780,28.4133
2781,4.79426
2782,57.5925
2783,20.3837
2784,19.052
2785,16.9834
2786,21.6369
2787,29.0419
2788,14.9875
2789,12.2056
2790,54.0755
2791,92.0387
2792,3.09961
2793,10.3097
2794,14.7937
2795,149.739
2796,11.0939
2797,32.7261
2798,15.6837
2799,9.63214
2800,11.2371
2801,22.9848
2802,11.5722
2803,10.279
2804,5.89942
2805,24.487
2806,60.7631
2807,17.4387
2808,17.8141
2809,6.0384
2810,32.547
2811,134.137
2812,70.984
2813,0.654019
2814,3.72088
2815,8.48146
2816,21.0422
2817,17.1008
2818,18.2545
2819,17.7065
2820,34.3051
2821,11.6832
2822,21.1293
2823,26.4829
2824,17.4865
2825,6.31789
2826,8.21801
2827,25.4163
2828,15.5806
2829,7.55387
2830,8.59478
2831,37.0231
2832,3.23072
2833,7.78397
2834,14.4611
2835,25.7463
2836,5.7468
2837,33.1346
2838,143.059
2839,6.36718
2840,43.7827
2841,61.7833
2842,55.1863
2843,84.2488
2844,20.0403
2845,46.6793
2846,32.0351
2847,5.59896
2848,19.265
2849,17.9401
2850,48.4931
2851,23.4669
2852,17.9197
2853,48.7352
2854,83.2711
2855,29.6605
2856,79.8686
2857,8.07996
2858,2.19522
2859,39.4441
2860,36.4816
2861,6.80738
2862,34.4345
2863,8.54295
2864,25.3172
2865,10.4841
2866,5.85194
2867,16.5957
2868,4.78305
2869,16.5344
2870,22.6373
2871,70.4149
2872,24.0977
2873,2.41696
2874,11.3834
2875,32.8796
2876,43.3581
2877,5.06316
2878,28.0128
2879,28.0301
2880,10.317
2881,17.0424
2882,31.08
2883,22.749
2884,20.5078
2885,5.47714
2886,9.86872
2887,74.7705
2888,26.4984
2889,4.19891
2890,19.0215
2891,25.338
2892,18.4376
2893,9.77541
2894,34.5543
2895,22.2439
2896,64.0525
2897,29.4737
2898,4.35886
2899,35.1196
2900,97.3273
2901,60.2355
2902,65.0742
2903,3.99344
2904,23.8457
2905,17.9841
2906,0.912599
2907,12.7793
2908,0.383083
2909,67.9541
2910,45.0018
2911,64.237
2912,0.125641
2913,42.9012
2914,40.3193
2915,3.39417
2916,60.3733
2917,13.9284
2918,15.877
2919,8.51398
2920,20.8292
2921,52.3938
2922,27.7211
2923,86.2398
2924,11.3497
2925,28.163
2926,61.9816
2927,20.31
2928,36.4348
2929,0.260269
2930,21.2939
2931,14.1938
2932,7.84624
2933,23.6089
2934,35.9915
2935,21.7531
2936,13.9892
2937,34.0466
2938,59.2821
2939,16.6863
2940,45.049
2941,47.0183
2942,23.7487
2943,8.18118
2944,67.2343
2945,29.4642
2946,6.40394
2947,56.4473
2948,60.2224
2949,25.5631
2950,1.66022
2951,1.51879
2952,4.17704
2953,10.3364
2954,17.5815
2955,13.2705
2956,132.945
2957,180.726
2958,0.2052
2959,25.4669
2960,5.17564
2961,19.6792
2962,14.5551
2963,41.8904
2964,21.1424
2965,40.517
2966,13.8218
2967,23.8399
2968,3.19989
2969,28.1157
2970,4.06062
2971,0.825633
2972,71.3559
2973,32.9172
2974,10.3601
2975,6.81798
2976,16.6515
2977,62.9651
2978,17.8267
2979,26.4122
2980,29.9155
2981,3.54981
2982,11.2055
2983,27.7323
2984,2.80316
2985,30.83
2986,10.3494
2987,65.3261
2988,16.9055
2989,16.9142
2990,19.1693
2991,27.1892
2992,0.366119
2993,24.7468
2994,50.2739
2995,1.58887
2996,82.4868
2997,0.874114
2998,7.94522
2999,49.5899
3000,36.6768
3001,49.8189
3002,0.755878
3003,50.1128
3004,14.3012
3005,11.7929
3006,13.7883
3007,22.384
3008,27.532
3009,46.2192
3010,50.1622
3011,59.1222
3012,29.4666
3013,19.3736
3014,4.00309
3015,14.7423
3016,17.9311
3017,203.607
3018,1.36236
3019,6.41285
3020,4.82944
3021,2.55638
3022,19.0387
3023,7.13059
3024,25.3958
3025,34.9193
3026,12.6059
3027,10.7999
3028,43.7257
3029,20.701
3030,52.949
3031,11.7551
3032,5.58092
3033,45.3916
3034,49.1803
3035,35.8237
3036,0.519179
3037,28.4559
3038,13.8558
3039,5.24182
3040,12.9364
3041,11.4546
3042,14.9567
3043,92.9323
3044,43.0184
3045,48.1701
3046,12.7774
3047,5.0536
3048,54.4462
3049,15.1958
3050,29.234
3051,36.6191
3052,1.7516
3053,9.7491
3054,35.843
3055,4.42547
3056,61.4168
3057,6.73396
3058,6.53737
3059,17.7592
3060,7.17954
3061,61.7387
3062,8.61508
3063,21.0897
3064,6.59181
3065,23.357
3066,42.0902
3067,17.6369
3068,4.44863
3069,32.1361
3070,59.7595
3071,75.1924
3072,5.69103
3073,0
3074,57.235
3075,2.97787
3076,48.1492
3077,35.5575
3078,36.4767
3079,16.9802
3080,68.7644
3081,0.100563
3082,13.965
3083,1.6433
3084,32.4379
3085,50.6359
3086,18.848
3087,77.8761
3088,4.17988
3089,6.87527
3090,11.2318
3091,80.3735
3092,39.1827
3093,17.0047
3094,18.6709
3095,29.2319
3096,1.94241
3097,8.91474
3098,38.4228
3099,11.1774
3100,35.8137
3101,2.16486
3102,37.9064
3103,2.82893
3104,7.12051
3105,10.1511
3106,25.1955
3107,17.0945
3108,17.6442
3109,17.2204
3110,52.1711
3111,34.9986
3112,15.3779
3113,4.74522
3114,16.6057
3115,15.7277
3116,33.4701
3117,6.54408
3118,33.3728
3119,41.0295
3120,15.4544
3121,12.3037
3122,25.0013
3123,34.6215
3124,20.5334
3125,8.06623
3126,143.408
3127,1.34134
3128,39.2619
3129,11.0094
3130,18.4544
3131,2.32778
3132,3.29513
3133,3.37142
3134,141.488
3135,29.4192
3136,14.3665
3137,70.4816
3138,3.56863
3139,47.4774
3140,24.9755
3141,7.82896
3142,26.731
3143,66.6974
3144,16.5142
3145,9.29008
3146,12.3513
3147,14.0374
3148,12.7468
3149,7.53075
3150,0.248905
3151,36.8918
3152,34.6238
3153,9.00995
3154,39.1364
3155,19.9737
3156,6.13676
3157,2.70275
3158,8.80628
3159,10.4187
3160,11.2631
3161,25.6436
3162,6.77654
3163,7.11846
3164,16.804
3165,42.7013
3166,34.9894
3167,9.0187
3168,22.294
3169,26.0909
3170,12.0991
3171,5.43017
3172,2.01425
3173,32.4921
3174,6.21967
3175,15.6656
3176,1.58148
3177,36.6217
3178,34.7115
3179,15.6555
3180,2.44946
3181,0
3182,53.839
3183,10.6663
3184,59.0556
3185,45.3848
3186,86.4411
3187,5.75082
3188,52.9078
3189,33.1055
3190,2.79081
3191,0.41321
3192,18.7475
3193,12.7022
3194,10.4486
3195,22.0555
3196,8.99684
3197,14.1459
3198,3.20308
3199,65.9474
3200,0.486229
3201,0.654547
3202,49.0083
3203,4.22234
3204,33.1967
3205,40.9322
3206,5.80545
3207,10.3783
3208,4.82312
3209,14.8154
3210,13.2606
3211,70.6716
3212,2.01689
3213,50.2727
3214,27.7269
3215,33.0567
3216,1.54188
3217,5.93032
3218,11.0051
3219,43.4852
3220,38.0482
3221,54.0187
3222,21.4973
3223,60.8135
3224,46.1074
3225,12.055
3226,0
3227,42.0435
3228,5.78091
3229,1.4592
3230,22.4509
3231,13.2717
3232,5.65636
3233,10.9557
3234,20.4373
3235,8.97994
3236,63.125
3237,1.38064
3238,23.8558
3239,10.3211
3240,64.5132
3241,25.9205
3242,1.79579
3243,9.91234
3244,9.29228
3245,10.5514
3246,18.6123
3247,21.1523
3248,11.664
3249,26.3671
3250,18.5533
3251,39.4991
3252,16.191
3253,19.1734
3254,17.9636
3255,16.3323
3256,21.6881
3257,19.5171
3258,58.4202
3259,18.6618
3260,6.38167
3261,28.6292
3262,4.745
3263,3.85113
3264,21.1123
3265,1.14508
3266,43.1668
3267,4.22349
3268,41.7935
3269,18.9167
3270,14.6033
3271,1.62457
3272,49.6397
3273,45.0368
3274,3.73626
3275,23.5601
3276,40.4617
3277,30.1793
3278,3.35562
3279,15.6586
3280,54.0135
3281,3.60236
3282,32.5728
3283,28.3406
3284,83.7789
3285,15.8716
3286,4.44147
3287,54.4324
3288,4.86815
3289,75.5948
3290,43.8923
3291,7.12303
3292,22.1906
3293,2.21974
3294,20.7541
3295,21.9876
3296,6.68837
3297,49.7653
3298,39.7533
3299,5.62051
3300,67.2444
3301,9.08802
3302,6.27474
3303,21.5807
3304,29.9987
3305,8.79063
3306,12.5739
3307,18.9147
3308,33.5309
3309,3.66273
3310,25.6967
3311,1.72849
3312,19.3431
3313,40.9568
3314,14.2004
3315,68.511
3316,52.9524
3317,9.14269
3318,6.27248
3319,7.93031
3320,57.7105
3321,11.9291
3322,10.7259
3323,5.10539
3324,3.60446
3325,25.6359
3326,31.7332
3327,30.0005
3328,1.62252
3329,21.6922
3330,25.9841
3331,4.46323
3332,21.0115
3333,10.6697
3334,19.5805
3335,12.8053
3336,6.98037
3337,27.2414
3338,1.24972
3339,77.6626
3340,30.918
3341,22.4248
3342,9.92279
3343,0.870008
3344,4.20267
3345,6.92503
3346,6.89658
3347,15.7146
3348,34.6572
3349,6.29657
3350,15.9536
3351,0.802967
3352,36.3183
3353,25.964
3354,6.49218
3355,7.11064
3356,104.235
3357,9.15675
3358,8.64468
3359,1.48148
3360,29.4426
3361,12.7773
3362,6.99134
3363,48.0118
3364,29.044
3365,21.0852
3366,12.4604
3367,45.0075
3368,1.97281
3369,20.1646
3370,52.4929
3371,27.6792
3372,5.05389
3373,1.8332
3374,6.29012
3375,35.3227
3376,14.43
3377,0.884617
3378,15.713
3379,27.9135
3380,8.6848
3381,20.3179
3382,72.9423
3383,17.1198
3384,26.2492
3385,14.2646
3386,37.9108
3387,3.64192
3388,5.24759
3389,57.289
3390,10.4292
3391,14.1332
3392,48.1472
3393,0
3394,13.4086
3395,10.1774
3396,45.4058
3397,24.8267
3398,34.1892
3399,23.0297
3400,38.9434
3401,25.2691
3402,8.17894
3403,4.38595
3404,22.0675
3405,23.0648
3406,25.1771
3407,5.94065
3408,40.7398
3409,31.1038
3410,26.2867
3411,8.86827
3412,12.587
3413,45.3948
3414,13.9946
3415,0.717892
3416,22.8596
3417,110.568
3418,0.503483
3419,5.83385
3420,29.4293
3421,46.8911
3422,34.6144
3423,18.2567
3424,41.0811
3425,36.4482
3426,0.838625
3427,11.9892
3428,0.595649
3429,24.3923
3430,15.4575
3431,19.3297
3432,26.3194
3433,33.2093
3434,9.41012
3435,3.53903
3436,2.4879
3437,20.7062
3438,38.9362
3439,55.7585
3440,3.80003
3441,24.9446
3442,33.3634
3443,35.0602
3444,1.37604
3445,4.39718
3446,17.5099
3447,70.3111
3448,50.725
3449,1.09724
3450,23.3089
3451,1.29011
3452,59.5081
3453,2.87567
3454,14.9715
3455,75.3807
3456,15.511
3457,3.57506
3458,66.2682
3459,4.00526
3460,44.376
3461,13.9682
3462,9.37066
3463,39.1785
3464,6.26254
3465,26.2066
3466,11.5358
3467,9.30855
3468,51.9085
3469,41.7325
3470,50.5121
3471,103.748
3472,61.2254
3473,53.3099
3474,32.6895
3475,24.7388
3476,4.00012
3477,0.0907144
3478,46.2183
3479,44.9021
3480,14.293
3481,8.26048
3482,12.6671
3483,5.72287
3484,25.4701
3485,19.9235
3486,18.5806
3487,29.91
3488,7.83699
3489,7.45294
3490,56.1047
3491,68.5285
3492,41.4959
3493,37.5417
3494,1.40763
3495,72.1138
3496,1.29895
3497,86.6247
3498,1.01769
3499,17.4813
3500,106.027
3501,10.6747
3502,8.70834
3503,9.91353
3504,68.565
3505,21.8338
3506,53.2985
3507,20.8397
3508,36.7764
3509,30.2318
3510,3.00511
3511,73.007
3512,61.8162
3513,24.6186
3514,44.1501
3515,2.17464
3516,8.29514
3517,30.1736
3518,46.4446
3519,45.3724
3520,61.1383
3521,9.62075
3522,31.9357
3523,3.37646
3524,34.7801
3525,4.61029
3526,23.877
3527,15.2017
3528,29.9505
3529,38.2357
3530,14.2648
3531,27.5496
3532,6.56201
3533,23.3921
3534,19.1902
3535,12.524
3536,10.8248
3537,52.7785
3538,2.0266
3539,26.1697
3540,79.9282
3541,20.024
3542,66.1178
3543,13.1417
3544,7.53206
3545,8.9062
3546,35.1762
3547,38.3022
3548,1.11779
3549,25.3411
3550,5.08356
3551,4.22545
3552,28.7659
3553,7.80667
3554,73.0669
3555,24.1693
3556,88.5573
3557,2.61351
3558,23.524
3559,16.3099
3560,31.9887
3561,18.4671
3562,72.0745
3563,13.3738
3564,43.6698
3565,12.5857
3566,29.5108
3567,30.9319
3568,0.0768911
3569,34.3293
3570,12.0584
3571,12.6064
3572,35.4846
3573,36.0024
3574,25.4034
3575,17.3579
3576,10.4204
3577,2.39168
3578,20.544
3579,26.7487
3580,7.58758
3581,1.75589
3582,11.1337
3583,53.9626
3584,24.5058
3585,8.31318
3586,42.4194
3587,15.8661
3588,28.9288
3589,24.1004
3590,19.9897
3591,0.532251
3592,4.9653
3593,17.5758
3594,69.1921
3595,12.0052
3596,20.0368
3597,7.71318
3598,43.3559
3599,71.905
3600,1.65482
3601,0.662933
3602,43.5798
3603,3.10594
3604,19.8947
3605,38.962
3606,29.7463
3607,1.45996
3608,20.3116
3609,7.56832
3610,4.46401
3611,51.8095
3612,62.5553
3613,22.846
3614,9.45636
3615,93.2015
3616,10.7061
3617,30.485
3618,6.73305
3619,5.8135
3620,26.4384
3621,32.5844
3622,14.7997
3623,3.47274
3624,35.6394
3625,3.8975
3626,8.41488
3627,3.63053
3628,40.0372
3629,9.66687
3630,41.936
3631,64.8049
3632,68.5412
3633,10.9069
3634,58.0967
3635,6.5594
3636,23.8248
3637,0
3638,31.8084
3639,0.484974
3640,14.5656
3641,27.0743
3642,9.92949
3643,14.4366
3644,49.5131
3645,11.9519
3646,3.77731
3647,6.05333
3648,22.0518
3649,19.5662
3650,11.5902
3651,3.13981
3652,40.8439
3653,13.356
3654,4.62211
3655,5.61236
3656,4.33663
3657,8.71535
3658,51.9142
3659,30.3845
3660,41.823
3661,2.64145
3662,20.5995
3663,64.6201
3664,30.7774
3665,22.2268
3666,7.77718
3667,7.59483
3668,26.9941
3669,7.99731
3670,11.2659
3671,25.353
3672,9.98964
3673,7.17356
3674,33.3076
3675,29.2994
3676,51.4077
3677,69.461
3678,36.3315
3679,35.4644
3680,5.26184
3681,64.9529
3682,29.7938
3683,6.64346
3684,60.4126
3685,61.7525
3686,13.9952
3687,24.2633
3688,37.0767
3689,40.758
3690,16.4421
3691,29.4872
3692,4.73959
3693,54.2823
3694,4.07112
3695,8.35362
3696,39.0406
3697,22.5762
3698,52.845
3699,41.5625
3700,32.5959
3701,5.89105
3702,2.0965
3703,35.9492
3704,23.6908
3705,28.1094
3706,8.7052
3707,63.0077
3708,39.6255
3709,8.77202
3710,56.0813
3711,9.2151
3712,96.106
3713,5.835
3714,24.7448
3715,0
3716,5.76715
3717,27.9381
3718,11.0301
3719,11.4777
3720,20.7159
3721,5.6748
3722,13.3286
3723,15.0937
3724,20.1606
3725,47.1018
3726,2.18588
3727,57.7259
3728,11.9122
3729,45.9774
3730,1.52477
3731,12.6818
3732,28.0341
3733,38.3775
3734,3.75506
3735,37.1988
3736,26.1028
3737,15.0716
3738,37.5469
3739,26.4807
3740,66.8754
3741,5.56895
3742,0.814587
3743,3.57815
3744,6.8305
3745,77.2189
3746,16.3838
3747,56.4857
3748,28.6829
3749,49.2431
3750,43.7432
3751,22.482
3752,1.94773
3753,65.7975
3754,11.4322
3755,24.5032
3756,26.0956
3757,4.20006
3758,45.5858
3759,4.11755
3760,7.49373
3761,3.23625
3762,16.8692
3763,3.86223
3764,24.7844
3765,10.0316
3766,6.82234
3767,8.36512
3768,65.3675
3769,64.4
3770,18.8792
3771,41.0453
3772,37.8208
3773,12.3541
3774,3.45701
3775,12.3614
3776,18.7444
3777,26.7804
3778,30.7306
3779,23.7202
3780,62.4353
3781,27.5478
3782,40.6769
3783,27.1125
3784,39.5967
3785,2.32918
3786,33.7901
3787,14.3473
3788,11.8595
3789,3.04439
3790,10.8068
3791,37.5067
3792,9.31671
3793,73.9612
3794,171.708
3795,19.4569
3796,28.9683
3797,11.3012
3798,6.35237
3799,50.2383
3800,2.20902
3801,17.4108
3802,2.00223
3803,3.91458
3804,7.04727
3805,21.5336
3806,14.4986
3807,19.8257
3808,27.301
3809,27.4518
3810,29.3162
3811,5.67687
3812,16.769
3813,6.26085
3814,21.2029
3815,36.1544
3816,34.47
3817,13.6452
3818,8.95567
3819,36.6417
3820,16.8077
3821,93.0854
3822,38.3121
3823,8.16073
3824,22.9202
3825,36.0101
3826,39.3223
3827,9.74962
3828,66.5135
3829,5.42561
3830,46.012
3831,0.230985
3832,6.79538
3833,56.9719
3834,18.3013
3835,32.3252
3836,5.98485
3837,15.8767
3838,6.76152
3839,20.0538
3840,6.88195
3841,31.3029
3842,50.9822
3843,0
3844,3.78254
3845,0
3846,81.0304
3847,31.6702
3848,59.793
3849,1.04806
3850,2.69185
3851,17.7908
3852,31.8731
3853,41.4288
3854,7.18017
3855,1.62449
3856,1.47879
3857,7.87956
3858,19.3694
3859,3.44262
3860,4.03583
3861,82.8994
3862,5.58502
3863,15.7344
3864,45.2093
3865,28.9593
3866,55.6823
3867,1.07877
3868,14.4194
3869,6.09357
3870,1.6695
3871,14.4059
3872,5.75938
3873,53.8944
3874,23.5332
3875,18.6297
3876,4.56771
3877,2.7826
3878,65.6613
3879,6.7456
3880,0
3881,23.3517
3882,12.5165
3883,3.74249
3884,15.8802
3885,0
3886,0.213235
3887,2.97154
3888,17.1893
3889,6.2281
3890,20.7795
3891,37.219
3892,6.93855
3893,3.06451
3894,46.9824
3895,4.78847
3896,16.4659
3897,4.49671
3898,3.21001
3899,14.9992
3900,1.02246
3901,5.15053
3902,8.17892
3903,0.329825
3904,32.5641
3905,27.6971
3906,1.60436
3907,30.5291
3908,14.8495
3909,25.6751
3910,116.97
3911,10.8368
3912,4.88146
3913,34.426
3914,49.362
3915,16.198
3916,40.9327
3917,30.283
3918,24.0841
3919,2.98195
3920,48.3304
3921,27.3521
3922,6.64443
3923,6.79346
3924,25.8253
3925,4.74786
3926,116.369
3927,10.5431
3928,49.7703
3929,9.67178
3930,42.2305
3931,23.5372
3932,16.3347
3933,23.6572
3934,15.8529
3935,15.686
3936,5.47561
3937,55.9906
3938,26.66
3939,53.3884
3940,9.33099
3941,23.6564
3942,1.48881
3943,2.44726
3944,9.21162
3945,6.60849
3946,0.271906
3947,36.6658
3948,81.2043
3949,56.9707
3950,30.7235
3951,16.0124
3952,2.461
3953,6.87102
3954,3.68957
3955,19.9209
3956,10.6845
3957,71.9456
3958,14.7187
3959,6.21673
3960,38.4969
3961,7.48876
3962,32.0958
3963,56.9965
3964,74.6612
3965,30.8382
3966,7.59261
3967,4.98009
3968,18.1288
3969,7.97884
3970,59.6867
3971,22.2207
3972,29.4759
3973,21.9763
3974,9.46806
3975,5.19796
3976,20.9082
3977,7.00894
3978,55.787
3979,17.4781
3980,21.1475
3981,9.31938
3982,11.6791
3983,14.9118
3984,37.007
3985,1.93571
3986,6.81557
3987,4.46492
3988,5.35879
3989,12.4155
3990,6.33753
3991,13.4906
3992,38.7924
3993,5.55006
3994,54.1161
3995,46.7346
3996,9.1218
3997,71.1719
3998,23.2783
3999,45.734
4000,4.60642
4001,46.4479
4002,1.22242
4003,81.3896
4004,38.798
4005,2.25878
4006,30.8699
4007,1.06806
4008,1.80239
4009,75.9462
4010,43.0465
4011,34.0031
4012,11.3344
4013,21.053
4014,45.0728
4015,7.40959
4016,233.129
4017,4.31711
4018,12.8605
4019,0.953158
4020,20.0716
4021,26.3932
4022,4.38068
4023,10.6275
4024,2.66988
4025,10.51
4026,26.2105
4027,3.99336
4028,5.24461
4029,6.14999
4030,0.748027
4031,2.11192
4032,36.4374
4033,0.428626
4034,54.6732
4035,9.393
4036,25.4962
4037,29.1243
4038,12.4257
4039,7.57156
4040,11.9161
4041,26.3273
4042,0.734004
4043,4.55642
4044,34.0321
4045,46.6643
4046,58.7607
4047,9.48211
4048,6.27046
4049,74.7785
4050,62.2807
4051,97.7771
4052,6.50521
4053,1.16
4054,50.5952
4055,8.5837
4056,4.11375
4057,5.6643
4058,4.19132
4059,39.3998
4060,38.9263
4061,19.0342
4062,26.2931
4063,9.74372
4064,31.3507
4065,1.3895
4066,51.5642
4067,62.6575
4068,13.5542
4069,63.5906
4070,51.3403
4071,22.8557
4072,13.4015
4073,74.1236
4074,9.28827
4075,5.57708
4076,48.9309
4077,42.4051
4078,46.3358
4079,20.3372
4080,17.6423
4081,23.7715
4082,20.4087
4083,28.5952
4084,3.7937
4085,1.05789
4086,31.4767
4087,8.11817
4088,4.39864
4089,7.5825
4090,33.8972
4091,31.9989
4092,42.2234
4093,19.3945
4094,39.888
4095,27.5199
4096,53.8866
4097,9.01797
4098,12.3486
4099,27.7623
4100,8.30571
4101,30.7275
4102,3.08157
4103,23.3098
4104,8.811
4105,10.577
4106,10.0021
4107,51.9298
4108,8.07775
4109,13.4009
4110,1.62188
4111,2.86292
4112,23.139
4113,35.8694
4114,9.55136
4115,5.9837
4116,33.8311
4117,23.6671
4118,28.3985
4119,70.6387
4120,17.1182
4121,33.0063
4122,37.7009
4123,5.02288
4124,83.324
4125,10.9336
4126,20.2513
4127,7.95768
4128,1.63538
4129,9.66032
4130,15.168
4131,31.704
4132,19.3057
4133,12.6097
4134,4.62422
4135,26.36
4136,51.5913
4137,15.404
4138,17.0333
4139,29.2351
4140,14.888
4141,3.37163
4142,49.7575
4143,106.33
4144,108.576
4145,15.9325
4146,107.294
4147,67.2414
4148,133.675
4149,71.2679
4150,36.4258
4151,24.6639
4152,4.31162
4153,70.9299
4154,21.1368
4155,6.47047
4156,17.377
4157,5.78541
4158,4.94184
4159,91.1512
4160,23.1775
4161,25.6815
4162,8.24658
4163,2.52236
4164,9.84739
4165,52.5557
4166,28.0361
4167,0.988767
4168,4.73085
4169,16.5056
4170,40.9427
4171,1.56744
4172,1.486
4173,13.869
4174,51.969
4175,0.499725
4176,44.5935
4177,22.3165
4178,15.6021
4179,12.1668
4180,27.2446
4181,30.0579
4182,5.03458
4183,16.5961
4184,48.3362
4185,49.4149
4186,79.3837
4187,106.205
4188,18.4404
4189,6.88824
4190,0.440024
4191,7.69739
4192,26.6024
4193,21.5386
4194,4.26968
4195,18.9695
4196,149.41
4197,17.126
4198,23.4812
4199,23.1377
4200,9.39185
4201,50.4979
4202,4.51034
4203,16.4711
4204,19.1583
4205,61.7646
4206,18.4018
4207,13.9052
4208,31.0619
4209,2.40524
4210,0.247127
4211,111.964
4212,0.0742503
4213,69.4682
4214,0.120086
4215,58.8524
4216,13.2583
4217,23.6197
4218,64.2585
4219,32.3538
4220,53.9461
4221,10.3976
4222,54.8773
4223,0.0646567
4224,27.2819
4225,13.3634
4226,6.7434
4227,0.328798
4228,69.3105
4229,5.56969
4230,85.5319
4231,59.7189
4232,23.1278
4233,2.48646
4234,26.6578
4235,33.37
4236,64.465
4237,8.18167
4238,21.2921
4239,7.79779
4240,35.163
4241,11.6619
4242,5.11784
4243,23.5801
4244,14.0649
4245,32.0209
4246,11.8713
4247,17.5881
4248,33.352
4249,36.3993
4250,9.57127
4251,23.9792
4252,37.3421
4253,16.2003
4254,37.2069
4255,25.1336
4256,17.458
4257,25.0137
4258,8.74002
4259,2.87065
4260,9.45743
4261,22.7555
4262,4.71705
4263,6.83207
4264,6.06626
4265,6.08128
4266,6.65026
4267,0.992787
4268,8.24562
4269,24.2459
4270,55.8653
4271,49.66
4272,23.1695
4273,19.3548
4274,4.32931
4275,47.831
4276,29.9559
4277,27.6056
4278,35.4588
4279,16.446
4280,23.3995
4281,31.4347
4282,27.7659
4283,22.8367
4284,32.2217
4285,2.46631
4286,43.599
4287,20.3567
4288,1.23732
4289,19.9522
4290,13.2449
4291,7.35991
4292,0.470552
4293,24.5048
4294,2.17622
4295,72.8667
4296,20.0338
4297,35.003
4298,10.7121
4299,42.6684
4300,30.2262
4301,53.1971
4302,15.1547
4303,16.1782
4304,18.3598
4305,53.0976
4306,21.0756
4307,5.50625
4308,32.0299
4309,31.6027
4310,0.388593
4311,20.1101
4312,31.0351
4313,25.5601
4314,35.7313
4315,6.28661
4316,22.9876
4317,17.947
4318,24.0617
4319,57.7395
4320,25.4965
4321,22.1496
4322,10.1296
4323,26.9589
4324,61.2663
4325,20.1675
4326,28.8184
4327,0.419995
4328,3.24176
4329,17.4447
4330,8.92764
4331,25.6209
4332,19.7428
4333,53.0938
4334,16.9384
4335,11.0334
4336,24.1943
4337,14.4513
4338,23.0726
4339,11.187
4340,70.5598
4341,41.2416
4342,12.2699
4343,22.7669
4344,21.6931
4345,5.88796
4346,15.7441
4347,19.669
4348,34.4986
4349,34.0824
4350,18.7
4351,30.0978
4352,1.81099
4353,21.6958
4354,1.33096
4355,49.0308
4356,4.17553
4357,64.9281
4358,8.75485
4359,9.21326
4360,6.05193
4361,6.92786
4362,17.4245
4363,61.5011
4364,12.6988
4365,51.3324
4366,11.5706
4367,10.0408
4368,8.88846
4369,27.8482
4370,66.5598
4371,3.78506
4372,22.5217
4373,48.2865
4374,57.7972
4375,53.6588
4376,38.3954
4377,25.2859
4378,47.5318
4379,8.43554
4380,37.1843
4381,9.70637
4382,13.7978
4383,82.7932
4384,37.5158
4385,31.7453
4386,18.1421
4387,40.1516
4388,18.5018
4389,12.7616
4390,8.44981
4391,0.287425
4392,7.4886
4393,3.17151
4394,2.2188
4395,2.39971
4396,9.83008
4397,26.4657
4398,47.3468
4399,60.383
4400,6.9063
4401,114.725
4402,19.8353
4403,24.2428
4404,17.601
4405,19.7213
4406,7.45949
4407,47.2946
4408,1.07159
4409,11.0595
4410,23.0004
4411,34.5072
4412,3.7603
4413,23.6523
4414,26.5293
4415,27.7085
4416,27.453
4417,4.5198
4418,6.84242
4419,19.3094
4420,22.3073
4421,3.33192
4422,29.7357
4423,13.5312
4424,13.7621
4425,22.9196
4426,0.977549
4427,7.42265
4428,16.9862
4429,19.6861
4430,90.8226
4431,19.3069
4432,30.508
4433,15.2861
4434,20.3836
4435,23.8864
4436,5.49813
4437,3.24584
4438,21.5343
4439,22.5121
4440,18.5175
4441,20.7423
4442,35.4299
4443,32.1976
4444,86.9745
4445,14.7432
4446,36.4346
4447,13.3647
4448,4.42384
4449,13.8142
4450,0.433436
4451,19.0336
4452,27.5411
4453,18.5709
4454,6.13153
4455,23.7054
4456,86.9087
4457,13.3608
4458,35.78
4459,28.4316
4460,17.2625
4461,47.319
4462,41.3898
4463,8.88224
4464,4.75679
4465,54.2921
4466,1.38406
4467,6.15766
4468,5.55174
4469,0
4470,0.972497
4471,10.0952
4472,66.802
4473,88.197
4474,0
4475,21.4834
4476,16.4576
4477,4.44782
4478,16.6447
4479,18.9487
4480,4.02638
4481,16.5067
4482,2.21579
4483,38.3865
4484,23.8132
4485,3.76606
4486,2.1015
4487,12.5804
4488,4.98999
4489,10.2467
4490,12.1676
4491,18.9312
4492,5.56532
4493,57.0989
4494,19.8513
4495,13.9045
4496,40.195
4497,23.4882
4498,38.2118
4499,61.9407
4500,3.31911
4501,6.69085
4502,7.35638
4503,35.0939
4504,1.8343
4505,2.03686
4506,2.02192
4507,2.14175
4508,4.91855
4509,22.1429
4510,25.3886
4511,12.8223
4512,38.948
4513,48.7439
4514,4.55135
4515,124.244
4516,36.0263
4517,4.2047
4518,76.5103
4519,72.1323
4520,28.8341
4521,49.7278
4522,9.79515
4523,3.79744
4524,21.4175
4525,18.5147
4526,1.09418
4527,1.95683
4528,119.137
4529,4.86125
4530,67.7089
4531,49.4449
4532,51.9838
4533,7.84664
4534,7.9342
4535,72.0183
4536,8.02354
4537,21.8258
4538,55.3052
4539,33.9846
4540,8.59354
4541,48.8024
4542,20.7808
4543,2.89879
4544,19.0375
4545,26.891
4546,1.94992
4547,68.69
4548,48.0158
4549,50.0148
4550,18.1353
4551,9.38507
4552,33.7502
4553,6.76437
4554,26.3822
4555,24.6219
4556,75.7679
4557,0.593127
4558,96.4658
4559,6.76489
4560,17.8248
4561,1.93075
4562,44.6063
4563,93.2524
4564,62.7471
4565,29.7806
4566,6.43931
4567,10.2725
4568,15.8656
4569,61.3186
4570,25.5251
4571,22.711
4572,25.2049
4573,48.2766
4574,0
4575,3.36986
4576,8.23687
4577,48.9001
4578,0.15887
4579,19.3862
4580,11.9505
4581,9.67896
4582,94.9849
4583,153.545
4584,41.1137
4585,0.527372
4586,21.0354
4587,7.17264
4588,61.5897
4589,14.9189
4590,0.716716
4591,44.6987
4592,50.04
4593,14.8265
4594,4.45688
4595,20.9237
4596,8.26951
4597,55.7196
4598,37.7071
4599,23.263
4600,22.5414
4601,19.9659
4602,16.5446
4603,33.4637
4604,13.3417
4605,6.17917
4606,2.91286
4607,14.9978
4608,54.5017
4609,8.55846
4610,50.3885
4611,14.8504
4612,30.6704
4613,2.91231
4614,33.4558
4615,7.1037
4616,20.0518
4617,24.7389
4618,28.8356
4619,33.992
4620,45.3815
4621,60.3973
4622,22.3449
4623,17.2476
4624,23.7567
4625,6.00376
4626,9.43621
4627,8.01407
4628,15.097
4629,1.73179
4630,32.1397
4631,4.57654
4632,7.58853
4633,55.6504
4634,19.5074
4635,35.458
4636,15.1583
4637,13.5548
4638,36.0435
4639,5.05176
4640,36.3064
4641,27.5924
4642,13.5951
4643,15.8098
4644,3.03299
4645,0.636943
4646,21.1548
4647,83.3325
4648,15.2525
4649,32.9321
4650,24.5898
4651,37.1299
4652,60.5758
4653,4.25616
4654,20.3624
4655,75.1238
4656,27.7524
4657,7.29641
4658,10.6598
4659,31.0065
4660,30.055
4661,23.1652
4662,56.2441
4663,59.2804
4664,12.2798
4665,23.2198
4666,40.7785
4667,33.2081
4668,30.7462
4669,4.75302
4670,6.75436
4671,27.8606
4672,70.2429
4673,8.00503
4674,29.8838
4675,49.2998
4676,5.7321
4677,0.761067
4678,15.0196
4679,22.8658
4680,56.5067
4681,0.893235
4682,24.9501
4683,21.3816
4684,7.88224
4685,64.1654
4686,47.217
4687,0.86713
4688,11.0142
4689,39.1027
4690,8.25853
4691,2.12305
4692,36.4905
4693,31.9132
4694,22.2178
4695,39.4921
4696,6.43086
4697,82.691
4698,17.3889
4699,29.5824
4700,7.21544
4701,54.6419
4702,39.9405
4703,10.1127
4704,5.70396
4705,21.2547
4706,31.454
4707,47.6134
4708,119.305
4709,30.8693
4710,45.0712
4711,17.568
4712,59.8392
4713,56.8067
4714,1.80877
4715,52.5414
4716,19.5799
4717,14.6309
4718,27.2632
4719,14.2387
4720,17.4178
4721,9.58016
4722,10.562
4723,7.36519
4724,12.9223
4725,45.0199
4726,0
4727,17.0521
4728,4.02803
4729,25.1697
4730,10.9015
4731,89.539
4732,7.52191
4733,86.6719
4734,42.9428
4735,0.451253
4736,41.5819
4737,17.2274
4738,8.28356
4739,12.6241
4740,45.0316
4741,41.0591
4742,23.2634
4743,4.28903
4744,3.5543
4745,46.6543
4746,15.8708
4747,0.381587
4748,39.7565
4749,12.8926
4750,19.3873
4751,6.94468
4752,0.0344919
4753,17.2432
4754,20.6274
4755,12.8429
4756,9.61981
4757,89.4724
4758,78.7349
4759,19.3474
4760,35.773
4761,2.61992
4762,1.11068
4763,8.98553
4764,3.75311
4765,53.1105
4766,27.4298
4767,56.1618
4768,65.8574
4769,35.3645
4770,6.41226
4771,9.18257
4772,14.6909
4773,62.309
4774,19.7202
4775,50.6899
4776,4.0915
4777,18.0748
4778,5.2525
4779,7.24009
4780,18.5045
4781,30.4262
4782,83.0061
4783,23.9836
4784,19.0362
4785,4.73033
4786,49.1691
4787,2.54312
4788,37.9438
4789,4.985
4790,11.3908
4791,5.31792
4792,45.8511
4793,51.257
4794,16.9539
4795,20.931
4796,20.3765
4797,23.4406
4798,5.14328
4799,32.0679
4800,26.4335
4801,3.41236
4802,1.40268
4803,7.22498
4804,26.02
4805,1.4611
4806,1.72586
4807,18.6525
4808,23.7118
4809,4.97467
4810,47.2682
4811,13.4639
4812,29.9231
4813,0.633821
4814,3.86016
4815,65.2601
4816,2.19006
4817,4.14302
4818,43.6133
4819,58.9626
4820,12.8159
4821,15.3585
4822,50.3625
4823,0.0684587
4824,22.3584
4825,21.9095
4826,64.4321
4827,8.09527
4828,53.6097
4829,15.2008
4830,3.31738
4831,42.4807
4832,2.75388
4833,0.562142
4834,49.4693
4835,5.07586
4836,42.0708
4837,35.7437
4838,6.56413
4839,7.48135
4840,7.28048
4841,42.478
4842,14.0541
4843,16.0505
4844,12.0396
4845,32.6061
4846,25.5172
4847,15.3179
4848,27.9643
4849,4.36251
4850,24.1854
4851,31.1225
4852,55.6514
4853,4.62561
4854,14.704
4855,14.7955
4856,7.15598
4857,16.2699
4858,1.85337
4859,7.75502
4860,52.753
4861,22.8256
4862,18.0445
4863,11.398
4864,0.481689
4865,4.75599
4866,2.85008
4867,19.3485
4868,5.55609
4869,19.9295
4870,6.96739
4871,56.1101
4872,16.201
4873,20.8176
4874,5.42881
4875,2.51992
4876,77.4434
4877,12.016
4878,12.5469
4879,18.5139
4880,3.37385
4881,10.6523
4882,25.7365
4883,32.9019
4884,33.9003
4885,8.59236
4886,4.61017
4887,20.1393
4888,1.85863
4889,2.23487
4890,16.9032
4891,45.5512
4892,49.1664
4893,10.8284
4894,12.4956
4895,32.6361
4896,3.11912
4897,8.93046
4898,38.6491
4899,5.09366
4900,4.20253
4901,22.2774
4902,46.2343
4903,5.70541
4904,20.9252
4905,42.0494
4906,38.6423
4907,30.5932
4908,24.7228
4909,12.6948
4910,9.14872
4911,21.5288
4912,1.00709
4913,9.4798
4914,27.6129
4915,0.315831
4916,0.39497
4917,4.91643
4918,34.7665
4919,49.7358
4920,16.9267
4921,67.8521
4922,39.1858
4923,3.22489
4924,17.1288
4925,31.3147
4926,2.88107
4927,33.5324
4928,39.3846
4929,26.0751
4930,11.0647
4931,76.8739
4932,102.249
4933,41.1936
4934,77.6999
4935,39.417
4936,1.17533
4937,3.65894
4938,31.4607
4939,68.6771
4940,14.9815
4941,2.18663
4942,7.81862
4943,12.1017
4944,85.6779
4945,3.05259
4946,2.78816
4947,20.2923
4948,12.3389
4949,40.0842
4950,4.3852
4951,35.9778
4952,3.67899
4953,60.5601
4954,23.7413
4955,7.71815
4956,67.0233
4957,47.193
4958,38.0743
4959,15.8041
4960,37.1782
4961,28.8862
4962,18.3755
4963,24.964
4964,2.1815
4965,28.3293
4966,24.256
4967,0.906087
4968,109.967
4969,36.181
4970,51.3275
4971,16.8539
4972,28.6195
4973,0.431091
4974,8.38948
4975,0
4976,22.4843
4977,26.6647
4978,29.7313
4979,2.19233
4980,55.8176
4981,45.4824
4982,115.763
4983,26.917
4984,43.5392
4985,23.7695
4986,11.0753
4987,26.006
4988,27.9989
4989,30.1868
4990,16.0523
4991,32.7952
4992,33.7141
4993,59.4765
4994,10.6522
4995,26.0477
4996,6.47748
4997,8.30291
4998,7.4789
4999,19.8109
5000,11.5433
5001,48.3394
5002,4.85953
5003,9.82129
5004,32.0624
5005,3.4986
5006,79.3548
5007,59.6329
5008,50.1892
5009,28.6223
5010,10.0713
5011,42.2881
5012,56.1282
5013,20.8473
5014,15.4258
5015,0.893139
5016,21.379
5017,6.04068
5018,41.2552
5019,17.7212
5020,17.4059
5021,4.26722
5022,56.2434
5023,8.83405
5024,18.4626
5025,13.3307
5026,7.31379
5027,11.5878
5028,27.9081
5029,17.3315
5030,20.325
5031,5.54406
5032,4.94741
5033,37.582
5034,52.0039
5035,0.879912
5036,108.736
5037,13.7371
5038,26.1882
5039,35.3356
5040,0.981575
5041,21.6369
5042,33.7213
5043,4.70035
5044,59.9389
5045,17.8954
5046,9.27298
5047,0.692793
5048,45.7414
5049,10.3063
5050,92.9546
5051,46.4236
5052,21.5779
5053,20.0796
5054,12.112
5055,24.8069
5056,15.512
5057,47.8801
5058,37.7641
5059,11.5633
5060,3.14124
5061,7.41699
5062,13.6346
5063,62.8874
5064,12.4025
5065,3.68145
5066,23.514
5067,13.0297
5068,28.1665
5069,6.56303
5070,14.8715
5071,3.57658
5072,8.04207
5073,13.6161
5074,8.22794
5075,66.3129
5076,55.1287
5077,43.9323
5078,15.9395
5079,9.54235
5080,38.1637
5081,30.4519
5082,17.7405
5083,0.202308
5084,6.54241
5085,40.2417
5086,2.72744
5087,3.00531
5088,6.75312
5089,27.5294
5090,68.2717
5091,26.6251
5092,32.716
5093,10.6102
5094,26.5671
5095,9.98894
5096,13.8952
5097,39.2285
5098,4.54666
5099,3.4683
5100,41.2457
5101,40.3998
5102,11.731
5103,5.34437
5104,25.2447
5105,1.49763
5106,13.8695
5107,18.7315
5108,20.0188
5109,60.914
5110,15.0189
5111,23.1133
5112,59.8312
5113,16.0997
5114,6.89883
5115,15.3296
5116,5.11338
5117,6.64493
5118,7.36553
5119,12.0245
5120,10.1074
5121,43.5005
5122,25.6386
5123,25.7354
5124,43.5852
5125,5.18515
5126,13.2546
5127,73.4862
5128,41.6353
5129,11.9151
5130,62.1203
5131,7.00377
5132,10.2444
5133,13.0444
5134,58.3812
5135,7.90838
5136,82.6206
5137,35.2654
5138,14.9844
5139,5.09038
5140,15.6475
5141,10.3039
5142,71.3619
5143,5.22442
5144,0.791499
5145,11.9041
5146,8.86878
5147,2.35707
5148,5.00482
5149,14.4373
5150,24.7423
5151,50.3598
5152,25.957
5153,20.0541
5154,1.15387
5155,15.8268
5156,6.79734
5157,27.9409
5158,15.7242
5159,86.4621
5160,23.7444
5161,61.5404
5162,17.3995
5163,38.8996
5164,10.4878
5165,20.5172
5166,7.48359
5167,7.68457
5168,58.5182
5169,7.68168
5170,24.1229
5171,13.2539
5172,4.01475
5173,0.854023
5174,44.8682
5175,7.01195
5176,0
5177,19.7004
5178,14.7002
5179,5.6181
5180,18.0937
5181,25.0731
5182,21.0712
5183,80.2931
5184,14.3524
5185,26.3529
5186,11.063
5187,75.1222
5188,37.1819
5189,16.6644
5190,103.244
5191,28.8968
5192,51.3975
5193,26.0332
5194,19.8107
5195,47.2959
5196,8.44712
5197,5.34358
5198,27.1187
5199,17.296
5200,1.09751
5201,0.659658
5202,44.8623
5203,42.7334
5204,11.7998
5205,45.5817
5206,55.3328
5207,61.7767
5208,20.2795
5209,75.6424
5210,67.0785
5211,5.33739
5212,15.1101
5213,9.66002
5214,36.7896
5215,10.1117
5216,102.661
5217,48.1624
5218,13.6403
5219,0.372461
5220,12.3356
5221,21.771
5222,13.6238
5223,28.1901
5224,10.7492
5225,21.2239
5226,14.6694
5227,4.7976
5228,9.12649
5229,0
5230,5.96909
5231,58.7389
5232,3.20838
5233,10.7891
5234,1.05678
5235,3.62333
5236,18.7402
5237,12.2113
5238,36.8803
5239,4.29342
5240,9.60701
5241,5.35616
5242,103.641
5243,37.6352
5244,50.056
5245,27.5381
5246,41.2909
5247,0.81402
5248,63.1768
5249,0.620534
5250,42.9704
5251,7.5043
5252,17.6995
5253,15.0669
5254,1.73341
5255,9.17933
5256,20.2814
5257,20.2084
5258,8.29955
5259,20.7168
5260,24.2492
5261,34.0035
5262,11.0394
5263,19.3074
5264,91.9542
5265,11.2803
5266,15.7224
5267,5.55299
5268,22.5632
5269,2.68274
5270,18.9581
5271,22.4546
5272,0.67707
5273,13.8631
5274,9.29197
5275,7.6342
5276,45.857
5277,31.2205
5278,34.5202
5279,44.3483
5280,43.4188
5281,13.7122
5282,4.05527
5283,5.12189
5284,6.02805
5285,40.7106
5286,0.318107
5287,58.686
5288,36.5532
5289,25.8607
5290,31.7489
5291,61.3394
5292,68.257
5293,0.569722
5294,42.9071
5295,9.37147
5296,1.29257
5297,2.62804
5298,59.4642
5299,29.3082
5300,2.06843
5301,54.2924
5302,19.9857
5303,11.3849
5304,10.8009
5305,8.8768
5306,6.06209
5307,60.7226
5308,4.67401
5309,34.3794
5310,22.0545
5311,28.8696
5312,12.7277
5313,7.89886
5314,71.0709
5315,9.24992
5316,61.9853
5317,19.0908
5318,1.11834
5319,67.7096
5320,29.9913
5321,23.4558
5322,12.3362
5323,82.8734
5324,8.78338
5325,7.02166
5326,58.7706
5327,28.8393
5328,10.297
5329,1.70197
5330,27.1698
5331,11.9409
5332,17.2306
5333,23.9896
5334,9.67781
5335,58.7769
5336,45.1846
5337,25.7643
5338,5.28989
5339,1.24246
5340,14.1057
5341,0.736524
5342,9.5726
5343,27.5476
5344,17.1804
5345,4.93228
5346,41.6923
5347,112.721
5348,7.63713
5349,38.8664
5350,26.5873
5351,1.67859
5352,19.9689
5353,8.19856
5354,5.20142
5355,15.7127
5356,20.2495
5357,4.06801
5358,57.1571
5359,53.3052
5360,70.2819
5361,16.6384
5362,4.57107
5363,3.79154
5364,4.56704
5365,8.05793
5366,22.387
5367,17.5881
5368,27.4728
5369,20.8686
5370,21.7066
5371,36.5169
5372,8.54636
5373,13.169
5374,13.1088
5375,20.302
5376,53.4901
5377,56.3386
5378,5.02849
5379,16.7322
5380,26.3655
5381,45.6338
5382,113.352
5383,11.147
5384,30.9518
5385,4.502
5386,72.1443
5387,15.6679
5388,24.7389
5389,20.4283
5390,48.2677
5391,70.3699
5392,22.8387
5393,29.9388
5394,46.4704
5395,0.841381
5396,4.56858
5397,50.2873
5398,17.536
5399,56.2677
5400,8.03677
5401,23.5546
5402,4.71981
5403,90.5344
5404,41.0258
5405,9.98953
5406,23.8134
5407,0.996433
5408,53.3408
5409,14.1145
5410,1.70358
5411,6.93997
5412,14.7499
5413,87.0089
5414,8.15741
5415,24.6674
5416,26.5023
5417,3.23634
5418,9.36586
5419,28.7856
5420,22.1076
5421,57.5215
5422,24.4552
5423,39.9464
5424,31.4428
5425,109.992
5426,9.10218
5427,14.883
5428,1.66045
5429,24.6679
5430,49.8053
5431,8.921
5432,60.9652
5433,8.53909
5434,12.1454
5435,62.1316
5436,10.77
5437,28.2118
5438,0.0191856
5439,42.5375
5440,19.3379
5441,63.4103
5442,16.6726
5443,7.13064
5444,149.317
5445,63.66
5446,11.1903
5447,49.8575
5448,10.533
5449,30.1467
5450,50.923
5451,6.16351
5452,12.1103
5453,31.8723
5454,22.1034
5455,0.777532
5456,73.82
5457,36.2549
5458,9.89727
5459,16.3449
5460,75.9006
5461,2.33178
5462,31.305
5463,32.0804
5464,11.1461
5465,5.5708
5466,43.9477
5467,17.9996
5468,35.9623
5469,38.9029
5470,84.7206
5471,15.5444
5472,23.9866
5473,25.1797
5474,59.5229
5475,18.9538
5476,40.4647
5477,26.6187
5478,13.8306
5479,33.2751
5480,93.468
5481,28.5506
5482,39.8808
5483,2.26833
5484,18.8922
5485,80.0247
5486,11.2724
5487,17.3773
5488,55.5195
5489,22.4294
5490,16.2583
5491,11.4886
5492,0.216006
5493,80.9252
5494,14.4056
5495,16.7508
5496,24.6456
5497,34.0453
5498,31.2294
5499,43.3704
5500,9.75625
5501,53.3585
5502,82.147
5503,31.4045
5504,24.4475
5505,36.4104
5506,13.1037
5507,32.4916
5508,9.19528
5509,13.5069
5510,51.5803
5511,9.74968
5512,41.3496
5513,8.45052
5514,7.31927
5515,12.6317
5516,2.03024
5517,51.1555
5518,29.3302
5519,1.31823
5520,14.4013
5521,16.1415
5522,6.89613
5523,20.9579
5524,106.053
5525,2.25318
5526,3.77943
5527,28.8522
5528,47.4426
5529,102.942
5530,16.0205
5531,46.9608
5532,15.7634
5533,17.694
5534,2.70795
5535,21.4929
5536,2.60433
5537,83.4641
5538,48.7944
5539,13.8064
5540,72.5154
5541,4.38733
5542,21.1946
5543,82.4975
5544,7.79462
5545,33.6668
5546,38.0255
5547,18.01
5548,68.9477
5549,7.12253
5550,55.7888
5551,29.1995
5552,15.3324
5553,64.7047
5554,14.2477
5555,39.4037
5556,17.65
5557,38.6399
5558,29.7147
5559,11.0044
5560,59.8756
5561,1.16444
5562,3.05322
5563,32.7445
5564,12.3595
5565,23.3026
5566,1.92229
5567,12.6946
5568,62.8643
5569,20.1277
5570,7.41737
5571,7.79303
5572,4.72454
5573,5.68132
5574,12.4396
5575,39.5998
5576,19.6775
5577,3.9335
5578,49.1242
5579,17.4626
5580,32.4421
5581,65.469
5582,18.3098
5583,48.4787
5584,9.55235
5585,34.7714
5586,24.4325
5587,18.7508
5588,3.06805
5589,65.6046
5590,6.67201
5591,47.0426
5592,11.4863
5593,84.1378
5594,10.9787
5595,78.8067
5596,8.10253
5597,0
5598,25.6957
5599,43.7092
5600,23.8574
5601,16.9462
5602,11.2183
5603,50.3725
5604,15.5199
5605,24.3563
5606,15.6596
5607,30.7611
5608,2.93463
5609,62.8973
5610,3.4523
5611,0.884698
5612,1.78464
5613,43.2249
5614,37.3287
5615,164.613
5616,61.1339
5617,55.6211
5618,106.169
5619,23.2515
5620,42.001
5621,37.1127
5622,36.0721
5623,6.47663
5624,7.20439
5625,70.0998
5626,68.1904
5627,21.5513
5628,7.06736
5629,46.9999
5630,24.5461
5631,12.7337
5632,28.4247
5633,41.8957
5634,16.3838
5635,73.9478
5636,68.1878
5637,10.473
5638,66.2212
5639,32.2277
5640,27.1209
5641,22.563
5642,2.81388
5643,25.3592
5644,4.97945
5645,33.9667
5646,36.787
5647,3.80627
5648,83.0022
5649,23.0312
5650,27.2077
5651,5.26102
5652,9.01144
5653,41.4308
5654,11.1137
5655,14.5803
5656,0.254422
5657,37.6936
5658,91.7717
5659,34.8531
5660,8.53951
5661,14.9963
5662,33.0865
5663,4.62744
5664,10.4014
5665,73.1678
5666,41.8084
5667,14.1037
5668,40.8693
5669,97.8324
5670,1.62713
5671,33.5462
5672,35.2715
5673,27.2128
5674,0.88002
5675,44.3155
5676,33.1888
5677,31.367
5678,7.62421
5679,3.66055
5680,44.1376
5681,11.5253
5682,5.81088
5683,15.2416
5684,32.6521
5685,19.0679
5686,21.3183
5687,38.3433
5688,18.155
5689,86.2054
5690,10.5872
5691,0.810568
5692,21.1291
5693,14.1409
5694,27.9759
5695,31.3845
5696,59.2443
5697,3.7602
5698,16.8783
5699,105.698
5700,15.2223
5701,23.8003
5702,17.6583
5703,13.7843
5704,37.7101
5705,22.1167
5706,36.5539
5707,110.528
5708,47.3889
5709,8.63795
5710,36.469
5711,11.5534
5712,34.8238
5713,3.95076
5714,68.1809
5715,33.1692
5716,22.1669
5717,21.9255
5718,19.2763
5719,39.3406
5720,32.3652
5721,21.2885
5722,25.4639
5723,22.6107
5724,38.3286
5725,67.1198
5726,21.1661
5727,4.34523
5728,15.5727
5729,35.6069
5730,10.996
5731,43.2154
5732,3.92619
5733,70.0016
5734,17.7643
5735,7.58566
5736,47.3745
5737,12.9501
5738,9.00239
5739,5.84165
5740,1.43976
5741,14.6413
5742,9.22274
5743,22.3075
5744,18.399
5745,23.466
5746,3.7582
5747,45.5876
5748,49.5733
5749,22.4016
5750,1.60504
5751,40.7794
5752,44.2699
5753,27.9849
5754,44.9705
5755,18.1232
5756,0.724337
5757,83.6844
5758,80.918
5759,44.3325
5760,84.1171
5761,17.2954
5762,22.3043
5763,10.1508
5764,74.9293
5765,12.0421
5766,18.319
5767,11.9144
5768,1.41606
5769,16.0351
5770,14.4151
5771,42.9151
5772,20.9806
5773,11.5928
5774,120.988
5775,87.4005
5776,24.1252
5777,5.1427
5778,9.50607
5779,3.63596
5780,50.2349
5781,2.95772
5782,83.0081
5783,2.38611
5784,43.9183
5785,28.0458
5786,15.2462
5787,24.0532
5788,14.2403
5789,12.4742
5790,12.4163
5791,23.2949
5792,0.955421
5793,7.09098
5794,34.6511
5795,19.7552
5796,11.4466
5797,21.9462
5798,9.98592
5799,0.35041
5800,25.7633
5801,100.306
5802,64.0453
5803,97.9531
5804,30.6985
5805,13.3842
5806,3.10953
5807,1.79607
5808,15.3083
5809,11.6424
5810,23.9377
5811,14.6207
5812,45.0561
5813,2.51033
5814,3.59492
5815,31.0193
5816,29.9866
5817,48.2072
5818,7.62236
5819,4.28472
5820,18.9368
5821,50.9125
5822,0
5823,39.7277
5824,29.8326
5825,8.24191
5826,10.7322
5827,33.0804
5828,56.2724
5829,11.153
5830,26.588
5831,17.6468
5832,4.20195
5833,92.8905
5834,9.90619
5835,61.2216
5836,0.536186
5837,18.5418
5838,5.29029
5839,0
5840,16.7816
5841,24.1541
5842,47.9217
5843,5.24436
5844,6.51824
5845,13.9261
5846,33.0664
5847,7.15408
5848,17.2225
5849,6.37775
5850,79.6303
5851,6.21677
5852,62.7281
5853,14.668
5854,20.1591
5855,6.27981
5856,17.2461
5857,11.7428
5858,3.48536
5859,20.5781
5860,27.8517
5861,54.9127
5862,19.1661
5863,64.0941
5864,5.02487
5865,3.64158
5866,21.3884
5867,53.4714
5868,52.8253
5869,43.8253
5870,8.45157
5871,0.393331
5872,10.9815
5873,27.1279
5874,37.9841
5875,52.7386
5876,41.3144
5877,5.43739
5878,37.2711
5879,28.4772
5880,35.0246
5881,12.9891
5882,0.875282
5883,12.5178
5884,17.5163
5885,13.5905
5886,68.6469
5887,21.0903
5888,13.9001
5889,36.5656
5890,3.57618
5891,1.37896
5892,11.0203
5893,2.60649
5894,38.2812
5895,7.72521
5896,16.9573
5897,40.5813
5898,27.7917
5899,0
5900,46.6265
5901,5.49306
5902,28.1371
5903,7.89114
5904,18.7148
5905,10.6863
5906,23.9043
5907,3.95045
5908,5.83583
5909,5.9531
5910,16.0648
5911,5.44699
5912,43.8758
5913,42.5995
5914,2.02121
5915,10.2289
5916,0
5917,4.48746
5918,20.7127
5919,0.654486
5920,56.3345
5921,20.6074
5922,2.12061
5923,9.49488
5924,72.8157
5925,31.1833
5926,85.6397
5927,36.1245
5928,36.4276
5929,75.114
5930,9.26096
5931,19.1153
5932,16.313
5933,11.6204
5934,81.0117
5935,93.5423
5936,11.1152
5937,6.08019
5938,11.6116
5939,51.5354
5940,31.1295
5941,12.9424
5942,10.2894
5943,1.85774
5944,28.3303
5945,89.0833
5946,20.2958
5947,7.24797
5948,27.3269
5949,23.6784
5950,44.379
5951,21.5017
5952,68.5323
5953,15.7088
5954,8.79412
5955,71.1689
5956,5.75154
5957,33.5323
5958,15.4288
5959,7.83781
5960,5.15163
5961,13.0438
5962,5.71019
5963,29.3841
5964,6.62175
5965,70.021
5966,17.1886
5967,40.3276
5968,0.931406
5969,13.7826
5970,7.20885
5971,6.15045
5972,1.73634
5973,64.2413
5974,28.4218
5975,1.17441
5976,29.0135
5977,4.87852
5978,59.5498
5979,9.06352
5980,5.52574
5981,26.8005
5982,26.5889
5983,2.20873
5984,16.9582
5985,13.4676
5986,15.2033
5987,17.7301
5988,47.4916
5989,26.1946
5990,104.194
5991,33.2431
5992,20.3199
5993,27.6722
5994,46.5597
5995,23.9556
5996,19.7739
5997,55.8442
5998,29.7133
5999,7.29095
6000,62.8638
6001,17.3738
6002,15.0608
6003,38.7847
6004,38.6766
6005,7.78531
6006,5.64734
6007,8.5041
6008,42.5604
6009,34.8304
6010,17.3263
6011,13.5253
6012,1.26097
6013,12.6987
6014,22.2397
6015,3.86801
6016,22.501
6017,38.1053
6018,7.58928
6019,15.4215
6020,14.573
6021,32.8607
6022,12.1798
6023,25.7544
6024,13.4307
6025,79.351
6026,36.9667
6027,42.7732
6028,5.00982
6029,8.17014
6030,42.8544
6031,33.1032
6032,39.6437
6033,47.0963
6034,70.009
6035,32.2536
6036,50.843
6037,75.2157
6038,43.892
6039,81.5275
6040,35.0799
6041,5.91006
6042,17.2222
6043,8.36853
6044,8.29476
6045,54.8586
6046,54.9238
6047,71.4006
6048,12.0526
6049,52.441
6050,1.90406
6051,38.5859
6052,26.4763
6053,6.37816
6054,16.6759
6055,31.1829
6056,32.7689
6057,1.15603
6058,26.5895
6059,39.5631
6060,46.8091
6061,45.8938
6062,26.0599
6063,3.41622
6064,4.73523
6065,0.656262
6066,14.0531
6067,10.2095
6068,34.257
6069,13.8836
6070,7.99114
6071,43.827
6072,8.29761
6073,15.2608
6074,11.3099
6075,12.0843
6076,32.8499
6077,23.5646
6078,12.4463
6079,9.90724
6080,10.1251
6081,15.751
6082,8.87337
6083,26.8196
6084,25.0146
6085,10.2298
6086,122.222
6087,12.5013
6088,9.91896
6089,11.371
6090,49.4809
6091,44.9243
6092,19.8903
6093,9.2519
6094,10.3133
6095,4.58341
6096,49.2171
6097,23.8501
6098,32.7293
6099,6.67015
6100,1.76432
6101,28.9368
6102,22.6074
6103,2.73525
6104,28.2232
6105,23.9321
6106,50.6625
6107,2.66054
6108,57.3942
6109,10.1061
6110,36.5264
6111,4.13174
6112,2.89199
6113,14.0029
6114,1.75318
6115,31.0402
6116,113.121
6117,69.1372
6118,16.4163
6119,14.3675
6120,20.446
6121,36.889
6122,28.8645
6123,19.3039
6124,24.6359
6125,1.14019
6126,61.2539
6127,1.04276
6128,2.38127
6129,23.8354
6130,36.4475
6131,110.047
6132,21.1168
6133,31.8274
6134,22.1204
6135,7.72941
6136,1.18347
6137,31.0597
6138,6.9311
6139,13.6917
6140,30.2177
6141,39.7053
6142,36.1694
6143,6.07828
6144,55.2663
6145,42.0245
6146,2.26599
6147,3.88512
6148,0.816312
6149,47.2772
6150,17.6977
6151,5.33382
6152,20.7069
6153,114.751
6154,24.9041
6155,51.3077
6156,68.0078
6157,33.558
6158,7.77836
6159,2.0003
6160,6.97346
6161,34.3841
6162,19.9683
6163,19.2725
6164,4.4726
6165,35.755
6166,1.96614
6167,37.8465
6168,3.47712
6169,43.8327
6170,9.63403
6171,1.71709
6172,56.3948
6173,24.7814
6174,0
6175,48.3864
6176,27.8574
6177,9.91955
6178,9.36351
6179,25.0594
6180,4.42585
6181,7.93504
6182,36.9267
6183,8.28128
6184,11.7083
6185,13.9899
6186,35.728
6187,7.8499
6188,17.6443
6189,59.1994
6190,5.09313
6191,30.3906
6192,94.9191
6193,60.8279
6194,35.0974
6195,11.6953
6196,14.1922
6197,15.8662
6198,9.65527
6199,15.9419
6200,15.2763
6201,17.5395
6202,41.874
6203,0.747938
6204,47.839
6205,26.1715
6206,39.6223
6207,4.46033
6208,3.96152
6209,16.648
6210,20.741
6211,42.4085
6212,64.9344
6213,5.83688
6214,101.333
6215,10.3682
6216,50.963
6217,110.135
6218,0.689271
6219,1.08848
6220,24.2498
6221,136.625
6222,69.9741
6223,8.9626
6224,9.46984
6225,1.52679
6226,22.8438
6227,16.5939
6228,7.22444
6229,14.7832
6230,30.133
6231,16.6684
6232,6.69719
6233,21.1489
6234,12.298
6235,14.8826
6236,5.46374
6237,7.28475
6238,17.165
6239,10.4834
6240,9.79868
6241,72.38
6242,4.65597
6243,8.56093
6244,7.49375
6245,51.4482
6246,63.0736
6247,3.58485
6248,7.63209
6249,56.822
6250,20.9121
6251,14.8467
6252,41.376
6253,31.6821
6254,1.17238
6255,56.0748
6256,115.072
6257,28.1612
6258,16.9695
6259,32.4503
6260,7.74126
6261,59.0021
6262,11.7242
6263,30.6982
6264,33.2783
6265,48.1351
6266,15.8978
6267,0.761653
6268,19.6371
6269,0.184433
6270,0.11904
6271,2.92263
6272,109.686
6273,50.7971
6274,88.2421
6275,55.1365
6276,39.1983
6277,63.1273
6278,59.7445
6279,61.7218
6280,19.1632
6281,6.28084
6282,26.7927
6283,1.12328
6284,33.3917
6285,22.5679
6286,0.642119
6287,57.1631
6288,8.63812
6289,79.559
6290,47.9107
6291,4.05166
6292,21.8129
6293,19.6531
6294,14.3016
6295,4.21464
6296,14.6639
6297,3.31817
6298,38.6925
6299,22.4388
6300,29.3074
6301,4.5502
6302,1.43706
6303,7.96041
6304,75.145
6305,3.95389
6306,14.743
6307,17.9678
6308,11.3419
6309,2.5022
6310,20.5531
6311,16.7204
6312,20.7478
6313,8.76178
6314,5.98381
6315,12.1278
6316,9.06108
6317,52.2817
6318,8.87452
6319,56.9018
6320,29.2607
6321,8.24854
6322,42.1106
6323,32.5729
6324,27.7909
6325,37.8082
6326,48.0487
6327,2.3941
6328,16.4
6329,76.3294
6330,10.9573
6331,16.1018
6332,47.8328
6333,1.39733
6334,5.94412
6335,43.7506
6336,17.0792
6337,81.4349
6338,19.3409
6339,1.71944
6340,26.5071
6341,5.80185
6342,32.7172
6343,29.0141
6344,33.8281
6345,1.35977
6346,6.77801
6347,3.51221
6348,24.454
6349,23.5722
6350,96.081
6351,24.3729
6352,12.8009
6353,64.653
6354,5.92096
6355,0.69641
6356,69.7559
6357,66.3278
6358,26.5059
6359,1.35318
6360,31.3849
6361,34.4687
6362,19.8213
6363,31.7312
6364,57.3157
6365,16.7901
6366,15.4672
6367,20.7475
6368,11.2186
6369,45.7558
6370,23.7573
6371,44.3783
6372,27.4385
6373,26.2089
6374,0
6375,12.6091
6376,5.09632
6377,8.71151
6378,70.1375
6379,27.8287
6380,3.25453
6381,13.9974
6382,45.7378
6383,6.10178
6384,17.618
6385,3.83101
6386,106.254
6387,31.7074
6388,70.4003
6389,45.329
6390,2.61107
6391,14.3003
6392,11.1633
6393,46.4349
6394,3.48662
6395,76.1996
6396,20.5816
6397,91.0935
6398,0
6399,34.1531
6400,20.6306
6401,2.73111
6402,19.666
6403,2.04805
6404,38.3924
6405,25.6568
6406,32.3458
6407,59.0035
6408,44.2689
6409,0
6410,10.064
6411,7.26557
6412,23.6125
6413,24.5059
6414,4.31884
6415,4.31868
6416,6.29376
6417,48.4579
6418,0
6419,19.6638
6420,77.3629
6421,57.4004
6422,19.5654
6423,22.3668
6424,22.5292
6425,10.1394
6426,10.4641
6427,34.4892
6428,60.0961
6429,2.90383
6430,2.71807
6431,24.9857
6432,0.120093
6433,0.710088
6434,25.5042
6435,40.9104
6436,9.70639
6437,18.5846
6438,53.6711
6439,13.6537
6440,9.69026
6441,4.74932
6442,29.854
6443,8.00422
6444,1.98953
6445,2.45556
6446,41.6263
6447,52.7428
6448,26.4419
6449,33.601
6450,26.7214
6451,9.17317
6452,59.2882
6453,38.013
6454,26.4858
6455,5.31587
6456,8.21638
6457,18.7882
6458,8.3509
6459,9.84377
6460,70.846
6461,12.4686
6462,51.6632
6463,10.967
6464,5.15804
6465,8.34256
6466,22.4598
6467,19.5561
6468,10.1117
6469,50.0887
6470,101.771
6471,19.0102
6472,8.52798
6473,20.9307
6474,10.6356
6475,35.9384
6476,39.5657
6477,102.214
6478,41.1181
6479,22.8963
6480,9.43442
6481,11.8539
6482,0.0462276
6483,5.78645
6484,0.0839005
6485,26.6577
6486,13.7341
6487,43.1376
6488,47.5111
6489,55.2401
6490,17.1157
6491,12.5801
6492,29.0881
6493,20.8714
6494,45.4453
6495,13.049
6496,18.5584
6497,0.453299
6498,5.1162
6499,10.0615
6500,42.2137
6501,1.30648
6502,11.2013
6503,24.3528
6504,33.3822
6505,38.5604
6506,35.435
6507,34.0015
6508,3.16036
6509,2.9257
6510,12.633
6511,19.469
6512,38.4563
6513,6.07942
6514,16.3892
6515,16.8442
6516,30.1961
6517,47.7458
6518,17.7445
6519,6.66586
6520,36.9987
6521,30.1136
6522,61.58
6523,37.1546
6524,36.1256
6525,11.8709
6526,11.2969
6527,110.095
6528,0.70285
6529,7.70791
6530,13.6835
6531,2.21231
6532,45.0281
6533,43.0438
6534,3.44751
6535,15.9882
6536,41.4352
6537,38.1599
6538,5.13105
6539,6.16503
6540,10.246
6541,45.9969
6542,42.5482
6543,23.8039
6544,10.2219
6545,25.3469
6546,4.42513
6547,46.6381
6548,6.93725
6549,13.667
6550,82.1115
6551,41.645
6552,57.7108
6553,60.4596
6554,13.3244
6555,17.5237
6556,44.3054
6557,26.6535
6558,8.32607
6559,17.5057
6560,18.407
6561,7.39484
6562,1.35103
6563,24.1306
6564,18.0189
6565,46.5568
6566,45.8421
6567,13.2482
6568,53.502
6569,71.7591
6570,1.59903
6571,8.11802
6572,66.6593
6573,23.8946
6574,13.7223
6575,5.99563
6576,6.18672
6577,90.301
6578,58.5833
6579,33.4999
6580,15.6304
6581,7.68536
6582,0
6583,9.563
6584,23.0739
6585,21.9104
6586,26.1572
6587,23.8164
6588,15.2897
6589,1.80079
6590,31.8445
6591,0.580055
6592,2.29428
6593,25.0694
6594,1.48902
6595,2.67516
6596,28.1354
6597,30.1522
6598,17.4912
6599,39.6581
6600,29.6744
6601,66.6963
6602,23.1101
6603,0.545576
6604,13.5968
6605,27.5501
6606,13.8551
6607,1.90879
6608,7.49466
6609,21.4602
6610,62.9944
6611,16.73
6612,37.3293
6613,38.9986
6614,8.18816
6615,17.8934
6616,5.65814
6617,34.2399
6618,44.1278
6619,48.7298
6620,17.4434
6621,37.1382
6622,30.1879
6623,19.4564
6624,2.45969
6625,10.8124
6626,33.0689
6627,17.0033
6628,1.58063
6629,12.6809
6630,33.9507
6631,47.305
6632,30.0476
6633,34.9508
6634,24.5521
6635,14.1793
6636,37.6359
6637,103.045
6638,6.68224
6639,25.0894
6640,20.6558
6641,17.3093
6642,29.506
6643,13.9816
6644,9.10856
6645,16.3871
6646,43.5604
6647,10.5525
6648,76.0727
6649,15.5551
6650,3.66372
6651,15.1795
6652,6.9701
6653,32.3249
6654,0
6655,67.4976
6656,26.8674
6657,79.9316
6658,38.5205
6659,34.0281
6660,94.0506
6661,19.115
6662,1.55889
6663,5.71449
6664,3.88329
6665,80.0903
6666,1.10682
6667,2.20546
6668,8.73323
6669,0.626031
6670,56.8975
6671,6.75206
6672,2.87595
6673,50.7963
6674,7.68609
6675,10.0715
6676,22.5391
6677,2.14173
6678,0.930699
6679,33.8961
6680,32.2082
6681,21.4541
6682,10.1837
6683,12.9293
6684,9.17555
6685,25.9468
6686,4.69002
6687,11.3231
6688,21.3204
6689,1.0523
6690,68.2381
6691,7.9734
6692,9.90198
6693,27.2852
6694,51.1839
6695,3.57071
6696,22.1196
6697,89.7301
6698,3.47336
6699,2.02713
6700,40.0629
6701,0.213757
6702,15.5431
6703,36.347
6704,10.7965
6705,6.37396
6706,5.12697
6707,4.71419
6708,0.805327
6709,65.8906
6710,19.2181
6711,23.481
6712,54.5834
6713,7.05726
6714,14.5678
6715,38.0727
6716,64.3639
6717,18.6216
6718,2.76233
6719,15.843
6720,2.78199
6721,2.3335
6722,40.8672
6723,18.3607
6724,13.4912
6725,1.94138
6726,13.1344
6727,51.2384
6728,54.1433
6729,63.7182
6730,5.98942
6731,41.0388
6732,29.5641
6733,17.7297
6734,1.21062
6735,0.093991
6736,2.93057
6737,21.1774
6738,76.7512
6739,47.1512
6740,32.7705
6741,17.04
6742,5.54628
6743,0.966306
6744,7.90665
6745,4.23165
6746,2.34095
6747,11.1384
6748,44.3012
6749,4.84972
6750,35.3035
6751,5.37105
6752,24.2975
6753,15.8911
6754,0.0368696
6755,22.2195
6756,14.9142
6757,66.9425
6758,14.4829
6759,66.5552
6760,46.9562
6761,5.6891
6762,17.8534
6763,23.3728
6764,1.85843
6765,12.1797
6766,15.968
6767,51.3141
6768,47.6734
6769,15.2438
6770,56.9333
6771,29.0369
6772,36.1287
6773,42.1394
6774,27.6495
6775,25.774
6776,57.934
6777,2.04109
6778,24.2532
6779,30.5609
6780,2.00199
6781,8.77109
6782,32.2657
6783,4.98545
6784,32.684
6785,9.07193
6786,136.968
6787,48.7387
6788,18.4257
6789,34.3679
6790,24.7341
6791,34.0009
6792,28.0714
6793,31.5839
6794,30.539
6795,33.8034
6796,29.548
6797,17.3651
6798,26.5512
6799,12.7001
6800,27.2981
6801,0.957012
6802,11.2829
6803,25.2694
6804,5.73863
6805,41.2712
6806,10.3172
6807,30.2672
6808,15.2035
6809,4.47466
6810,7.34255
6811,42.4864
6812,8.38168
6813,8.15778
6814,15.1369
6815,30.4645
6816,42.464
6817,56.9803
6818,6.71019
6819,19.3235
6820,15.795
6821,2.20154
6822,15.4249
6823,35.5801
6824,9.0449
6825,31.5121
6826,48.8317
6827,10.8817
6828,28.0768
6829,10.0478
6830,9.86727
6831,101.043
6832,16.4004
6833,1.87316
6834,39.1292
6835,33.9021
6836,7.85478
6837,18.3644
6838,32.1803
6839,6.60864
6840,7.71466
6841,15.762
6842,6.9279
6843,5.99131
6844,28.2607
6845,29.3505
6846,56.7476
6847,26.7209
6848,43.2971
6849,27.5948
6850,12.6823
6851,3.34083
6852,2.4227
6853,26.3775
6854,76.6637
6855,10.9808
6856,13.9171
6857,18.9538
6858,18.3127
6859,19.8842
6860,11.0489
6861,16.0193
6862,3.2047
6863,19.7553
6864,7.84148
6865,14.3788
6866,5.53586
6867,13.1777
6868,11.2817
6869,34.63
6870,4.08602
6871,1.03968
6872,22.1196
6873,4.67624
6874,39.0744
6875,40.8201
6876,20.9292
6877,25.823
6878,6.33654
6879,38.8981
6880,60.5323
6881,2.71773
6882,8.87082
6883,9.18251
6884,27.6236
6885,9.60731
6886,22.3686
6887,18.4131
6888,21.3154
6889,13.7139
6890,64.677
6891,10.7119
6892,39.9845
6893,1.38246
6894,0
6895,1.53965
6896,18.7964
6897,4.66002
6898,57.4033
6899,107.777
6900,2.0727
6901,20.8044
6902,11.1643
6903,17.9363
6904,40.8827
6905,10.8675
6906,85.4001
6907,11.669
6908,35.749
6909,31.608
6910,16.0972
6911,0.093771
6912,23.7862
6913,16.7228
6914,45.9322
6915,6.34782
6916,6.27475
6917,47.7976
6918,26.7244
6919,2.14821
6920,55.1879
6921,14.9497
6922,15.0296
6923,6.56748
6924,0.238967
6925,89.0376
6926,77.1338
6927,16.9433
6928,58.6048
6929,11.1207
6930,40.5813
6931,5.50992
6932,31.4735
6933,52.4644
6934,17.9588
6935,25.6861
6936,33.2844
6937,8.68562
6938,15.7334
6939,69.6784
6940,52.7712
6941,25.6302
6942,14.1304
6943,34.2797
6944,8.32393
6945,56.9775
6946,3.6794
6947,8.03737
6948,11.8447
6949,34.9821
6950,27.1218
6951,0.336594
6952,53.5568
6953,22.1426
6954,13.7221
6955,15.1731
6956,6.28997
6957,72.4268
6958,5.95002
6959,36.4875
6960,40.822
6961,33.9625
6962,7.31632
6963,10.8252
6964,10.8443
6965,5.2473
6966,18.9816
6967,0.609717
6968,50.7661
6969,41.4894
6970,8.52314
6971,10.4174
6972,20.7535
6973,7.35881
6974,3.71075
6975,24.1968
6976,27.5681
6977,19.6785
6978,7.45889
6979,3.04376
6980,31.1854
6981,15.3497
6982,119.478
6983,155.124
6984,6.21312
6985,3.23389
6986,1.87276
6987,26.816
6988,14.8439
6989,40.5176
6990,1.73388
6991,28.8359
6992,0.586031
6993,4.05648
6994,2.13426
6995,52.7092
6996,31.4875
6997,23.3232
6998,27.7637
6999,0.344406
7000,13.1009
7001,4.17265
7002,14.1154
7003,15.5447
7004,39.3907
7005,38.8719
7006,15.6185
7007,36.5405
7008,43.0094
7009,1.84635
7010,8.45323
7011,36.8217
7012,0.764969
7013,56.318
7014,48.9694
7015,2.28548
7016,92.432
7017,42.0481
7018,64.831
7019,18.5597
7020,19.3079
7021,57.499
7022,3.95595
7023,18.6081
7024,46.7067
7025,13.7567
7026,8.76643
7027,17.9566
7028,33.1351
7029,20.707
7030,29.8494
7031,15.8932
7032,7.02077
7033,1.71119
7034,10.6077
7035,13.5669
7036,52.3163
7037,21.0867
7038,2.71171
7039,22.1735
7040,20.26
7041,45.5183
7042,13.005
7043,6.75722
7044,0.0495138
7045,49.2763
7046,33.5059
7047,42.1016
7048,16.539
7049,19.7054
7050,12.4255
7051,22.7108
7052,5.58046
7053,13.3771
7054,10.3758
7055,8.05499
7056,45.6224
7057,21.2577
7058,41.6128
7059,0.272318
7060,2.56575
7061,8.82683
7062,4.5017
7063,56.9348
7064,44.8149
7065,27.4956
7066,9.40023
7067,21.9312
7068,48.0598
7069,66.6971
7070,10.4316
7071,45.235
7072,19.1827
7073,5.15125
7074,12.9398
7075,18.0809
7076,3.94173
7077,5.8509
7078,0.616906
7079,21.2203
7080,41.3415
7081,45.4049
7082,27.4487
7083,22.1477
7084,35.5882
7085,17.5505
7086,10.7479
7087,19.0147
7088,64.956
7089,14.8208
7090,25.0885
7091,6.65599
7092,35.4476
7093,15.7274
7094,22.3357
7095,42.8136
7096,18.0941
7097,43.2937
7098,6.55802
7099,0.219663
7100,57.5803
7101,67.6275
7102,26.0184
7103,16.9207
7104,17.0774
7105,16.0226
7106,22.2267
7107,53.8545
7108,5.30809
7109,5.76574
7110,54.5376
7111,0.664293
7112,12.3533
7113,31.0862
7114,1.42864
7115,5.93989
7116,20.5527
7117,11.1597
7118,48.8595
7119,20.3306
7120,7.79423
7121,84.6477
7122,14.887
7123,22.2118
7124,2.51602
7125,17.9869
7126,87.855
7127,35.8112
7128,30.8813
7129,7.83267
7130,14.5367
7131,16.556
7132,57.5096
7133,6.42264
7134,14.1154
7135,4.95447
7136,5.75603
7137,18.3163
7138,19.584
7139,1.92799
7140,22.5925
7141,11.71
7142,31.2071
7143,2.54435
7144,32.8708
7145,1.61035
7146,14.6994
7147,31.1907
7148,5.092
7149,2.58927
7150,1.23802
7151,56.2567
7152,1.61711
7153,3.36269
7154,34.2355
7155,9.98576
7156,14.3812
7157,2.64134
7158,40.6959
7159,1.96403
7160,1.35041
7161,21.4407
7162,49.428
7163,149.883
7164,61.3252
7165,7.33691
7166,8.92523
7167,35.8076
7168,7.82774
7169,20.595
7170,9.52872
7171,11.6213
7172,7.10532
7173,18.7641
7174,15.5169
7175,2.55022
7176,62.8504
7177,61.6395
7178,9.46105
7179,26.4743
7180,1.63366
7181,37.3708
7182,22.7549
7183,7.62204
7184,19.1861
7185,48.2283
7186,32.1329
7187,12.4422
7188,26.1361
7189,22.1146
7190,50.2235
7191,0.510048
7192,11.0515
7193,1.25031
7194,36.6612
7195,33.5563
7196,14.0009
7197,19.9997
7198,26.1605
7199,20.6073
7200,49.6419
7201,73.2963
7202,8.69939
7203,25.9423
7204,21.5507
7205,8.26226
7206,17.4438
7207,24.46
7208,23.1619
7209,18.802
7210,8.05833
7211,2.04966
7212,73.9298
7213,30.288
7214,43.1176
7215,28.3891
7216,13.0057
7217,43.6942
7218,30.7699
7219,27.0357
7220,23.3504
7221,63.642
7222,32.1261
7223,54.8822
7224,14.117
7225,34.3843
7226,29.5877
7227,4.78119
7228,8.59326
7229,0.268341
7230,5.11637
7231,36.1854
7232,6.77808
7233,38.2677
7234,22.7277
7235,39.0748
7236,35.9651
7237,27.8597
7238,3.75327
7239,30.2746
7240,37.8038
7241,5.50696
7242,42.9717
7243,15.4354
7244,18.106
7245,33.0336
7246,18.3804
7247,53.0715
7248,19.3971
7249,24.9549
7250,29.4377
7251,22.7631
7252,41.3316
7253,45.1782
7254,26.3639
7255,2.47555
7256,25.6621
7257,49.3933
7258,103.09
7259,43.0048
7260,16.3429
7261,10.4135
7262,31.3183
7263,26.7455
7264,33.6103
7265,130.922
7266,0.732296
7267,28.2064
7268,8.4039
7269,32.2811
7270,4.91772
7271,24.4429
7272,1.5234
7273,0.480927
7274,33.4933
7275,29.3884
7276,20.5369
7277,17.1929
7278,13.4937
7279,18.9399
7280,15.6954
7281,2.80712
7282,22.4575
7283,14.4049
7284,2.70829
7285,81.8617
7286,22.8359
7287,13.2637
7288,4.56218
7289,10.337
7290,40.9355
7291,10.101
7292,40.2067
7293,24.3228
7294,15.8372
7295,0.585952
7296,4.83023
7297,6.10415
7298,5.39772
7299,3.70874
7300,28.2867
7301,73.4716
7302,18.3378
7303,29.1007
7304,63.8095
7305,33.3227
7306,32.709
7307,15.9264
7308,25.9418
7309,65.2311
7310,19.8658
7311,8.23617
7312,8.09301
7313,6.99275
7314,12.3016
7315,4.98228
7316,14.8033
7317,49.3559
7318,8.00417
7319,39.7142
7320,9.89906
7321,9.31979
7322,31.4948
7323,9.49051
7324,65.7787
7325,1.15169
7326,49.4237
7327,19.6354
7328,103.454
7329,6.95597
7330,6.56457
7331,8.67504
7332,19.5217
7333,41.5196
7334,10.1691
7335,48.495
7336,71.5135
7337,41.0038
7338,23.6636
7339,39.1331
7340,38.9347
7341,32.4063
7342,61.3951
7343,1.56958
7344,33.203
7345,8.18651
7346,12.6064
7347,25.8042
7348,13.6001
7349,105.805
7350,11.1693
7351,11.0315
7352,0.706377
7353,29.0791
7354,19.6573
7355,98.7796
7356,4.22035
7357,25.3147
7358,29.6151
7359,5.71978
7360,31.9584
7361,51.3731
7362,6.00175
7363,26.6136
7364,51.2443
7365,12.5143
7366,28.6991
7367,55.2413
7368,0.143359
7369,29.3731
7370,0.748491
7371,27.9171
7372,48.235
7373,3.7903
7374,3.53649
7375,35.8208
7376,30.1593
7377,18.3378
7378,26.0443
7379,0.149194
7380,6.4304
7381,0.0870219
7382,6.5085
7383,0.707656
7384,32.0397
7385,62.4067
7386,90.2346
7387,20.773
7388,3.19496
7389,16.9333
7390,35.6188
7391,0.439263
7392,5.91725
7393,15.1083
7394,13.523
7395,52.0291
7396,8.0936
7397,22.5773
7398,26.0671
7399,12.5418
7400,52.9418
7401,5.67938
7402,51.149
7403,9.29942
7404,8.16204
7405,12.122
7406,32.8795
7407,14.3311
7408,9.59104
7409,4.35068
7410,73.4295
7411,12.6972
7412,12.9444
7413,3.35052
7414,103.748
7415,98.6773
7416,0
7417,0.272965
7418,19.7115
7419,3.15396
7420,2.36847
7421,10.1528
7422,3.12915
7423,27.6142
7424,1.81081
7425,7.74148
7426,9.46896
7427,0.370067
7428,44.9014
7429,39.0845
7430,1.84517
7431,2.04804
7432,6.36592
7433,28.0467
7434,14.4897
7435,11.7628
7436,19.9899
7437,16.2685
7438,32.6929
7439,11.9239
7440,20.9924
7441,65.2467
7442,7.91469
7443,55.9467
7444,89.8633
7445,36.616
7446,21.5307
7447,22.0716
7448,6.25988
7449,1.33017
7450,13.3435
7451,6.06779
7452,47.868
7453,6.8939
7454,19.1665
7455,38.349
7456,6.57798
7457,25.2626
7458,16.6035
7459,38.3876
7460,7.90798
7461,14.1439
7462,11.5408
7463,3.8174
7464,2.71289
7465,4.44454
7466,3.71405
7467,13.1615
7468,3.30601
7469,34.3297
7470,34.568
7471,25.9737
7472,14.3308
7473,62.6191
7474,11.9873
7475,58.6822
7476,3.13843
7477,13.8264
7478,28.0416
7479,40.3857
7480,32.4177
7481,6.05811
7482,12.342
7483,29.7233
7484,28.9515
7485,36.2521
7486,27.5199
7487,2.90454
7488,13.7581
7489,34.3459
7490,1.76223
7491,3.05944
7492,50.5542
7493,2.02804
7494,15.7876
7495,93.2095
7496,6.53307
7497,23.215
7498,7.11266
7499,4.08447
7500,40.2687
7501,3.05452
7502,43.4636
7503,20.8242
7504,22.1977
7505,3.87386
7506,19.4265
7507,15.3117
7508,10.4809
7509,72.9127
7510,36.2687
7511,9.30426
7512,41.8412
7513,4.46882
7514,16.4858
7515,6.7589
7516,7.24167
7517,9.1119
7518,25.4096
7519,60.8465
7520,0
7521,12.7991
7522,12.902
7523,51.9545
7524,104.256
7525,16.8214
7526,15.8418
7527,10.8605
7528,42.424
7529,31.1235
7530,3.97259
7531,42.2528
7532,26.353
7533,35.5828
7534,46.3813
7535,4.58476
7536,29.9608
7537,23.457
7538,30.9129
7539,12.1952
7540,66.3556
7541,59.0414
7542,39.6062
7543,33.8788
7544,5.90375
7545,11.6341
7546,43.5116
7547,12.2284
7548,2.64415
7549,39.9534
7550,47.0249
7551,11.2704
7552,25.1592
7553,17.7363
7554,64.6182
7555,40.1168
7556,31.9065
7557,25.5503
7558,0.682663
7559,2.82525
7560,1.42624
7561,33.3989
7562,6.69821
7563,17.1684
7564,13.4607
7565,47.5993
7566,2.62907
7567,4.44658
7568,11.0215
7569,17.6692
7570,8.43456
7571,10.4628
7572,54.6534
7573,36.049
7574,8.62972
7575,24.9972
7576,33.8134
7577,36.2606
7578,30.0592
7579,3.12816
7580,0.193852
7581,1.12214
7582,20.4118
7583,63.5259
7584,0.362327
7585,36.351
7586,28.8698
7587,14.2936
7588,23.1124
7589,15.0836
7590,35.5447
7591,4.22306
7592,1.82191
7593,29.8634
7594,67.9106
7595,33.5295
7596,48.5681
7597,27.2375
7598,35.7689
7599,14.6369
7600,3.77195
7601,42.7453
7602,36.2286
7603,100.66
7604,16.1553
7605,19.4794
7606,47.2351
7607,14.3208
7608,3.16257
7609,11.7793
7610,2.12382
7611,65.0085
7612,19.3146
7613,9.31766
7614,29.4426
7615,13.6952
7616,2.2615
7617,0.681409
7618,13.6205
7619,55.4496
7620,5.06072
7621,54.8359
7622,5.55252
7623,27.6783
7624,53.8913
7625,2.52423
7626,18.1077
7627,1.28534
7628,9.89439
7629,2.07984
7630,9.70879
7631,52.3146
7632,11.53
7633,76.4648
7634,6.76561
7635,10.1462
7636,97.7741
7637,22.8269
7638,22.7205
7639,56.6234
7640,1.50837
7641,6.06121
7642,41.0471
7643,51.7918
7644,7.53426
7645,23.3874
7646,16.4702
7647,12.7425
7648,17.0733
7649,7.63738
7650,16.814
7651,5.7701
7652,20.8503
7653,0.574168
7654,26.049
7655,23.6885
7656,106.873
7657,16.0153
7658,19.7884
7659,0.73064
7660,4.8512
7661,13.6828
7662,7.64405
7663,50.6943
7664,22.4656
7665,37.7957
7666,64.3121
7667,31.5063
7668,59.0594
7669,35.5038
7670,2.43994
7671,0.891403
7672,28.8043
7673,18.7365
7674,14.1278
7675,41.0098
7676,69.748
7677,36.0286
7678,69.1373
7679,7.41496
7680,11.317
7681,3.93578
7682,62.6462
7683,0.538057
7684,41.9927
7685,47.6096
7686,75.3518
7687,21.2109
7688,7.37888
7689,6.81276
7690,0
7691,56.6658
7692,2.65525
7693,4.38759
7694,0.490476
7695,22.1733
7696,14.2312
7697,24.8717
7698,25.3776
7699,1.30807
7700,20.2063
7701,26.6543
7702,21.4287
7703,25.0463
7704,26.1013
7705,18.0784
7706,62.985
7707,32.5446
7708,9.79538
7709,12.8093
7710,76.2509
7711,14.1129
7712,0.542984
7713,6.44365
7714,17.4882
7715,11.2996
7716,23.3941
7717,38.0211
7718,13.9444
7719,76.3292
7720,41.8522
7721,1.95238
7722,50.3794
7723,63.6644
7724,95.0567
7725,10.922
7726,74.237
7727,4.6549
7728,30.1404
7729,14.1726
7730,27.2531
7731,11.081
7732,63.2189
7733,20.4097
7734,58.2311
7735,9.41591
7736,22.3666
7737,6.69917
7738,22.5407
7739,15.9002
7740,11.4975
7741,49.4874
7742,72.124
7743,7.61429
7744,23.2872
7745,1.98883
7746,31.6473
7747,46.1419
7748,7.79478
7749,19.5115
7750,28.2248
7751,18.4565
7752,8.05471
7753,24.3649
7754,12.8446
7755,4.58856
7756,4.82569
7757,3.6051
7758,10.7786
7759,23.697
7760,39.5807
7761,22.2523
7762,6.56619
7763,30.4405
7764,7.29372
7765,38.4094
7766,26.5294
7767,32.8366
7768,18.5645
7769,17.0569
7770,48.7504
7771,15.8935
7772,30.7658
7773,53.9068
7774,56.5741
7775,42.0773
7776,52.5877
7777,53.6758
7778,10.4446
7779,6.26356
7780,28.3715
7781,18.4206
7782,4.68137
7783,49.0471
7784,17.1022
7785,16.4102
7786,47.8303
7787,1.60172
7788,2.5664
7789,53.564
7790,1.10392
7791,42.262
7792,8.81112
7793,24.174
7794,4.87489
7795,0.650734
7796,13.1198
7797,1.31269
7798,32.0519
7799,67.6494
7800,14.3084
7801,58.8342
7802,21.094
7803,1.54196
7804,8.0751
7805,40.5248
7806,18.514
7807,11.626
7808,32.2295
7809,50.7016
7810,4.87126
7811,15.3434
7812,53.6437
7813,43.1461
7814,20.2223
7815,45.3469
7816,17.3858
7817,45.6134
7818,94.9419
7819,12.7176
7820,35.4045
7821,0
7822,8.21102
7823,32.9171
7824,21.3013
7825,104.226
7826,49.4822
7827,29.1796
7828,30.4291
7829,22.0412
7830,14.1206
7831,3.95128
7832,4.04182
7833,14.961
7834,8.53191
7835,61.1813
7836,0.20919
7837,9.72608
7838,56.3231
7839,2.72164
7840,27.5299
7841,11.4607
7842,7.52483
7843,47.53
7844,17.5073
7845,8.91116
7846,23.7517
7847,10.15
7848,15.9044
7849,46.9676
7850,4.27589
7851,2.62817
7852,4.03493
7853,5.7802
7854,3.1638
7855,5.48439
7856,80.6395
7857,31.39
7858,50.0588
7859,4.46236
7860,90.4879
7861,78.0095
7862,3.45706
7863,10.3049
7864,3.57504
7865,76.156
7866,44.5001
7867,20.3157
7868,37.4087
7869,11.9001
7870,29.9888
7871,6.85194
7872,3.14652
7873,71.3019
7874,27.8704
7875,17.1743
7876,48.9214
7877,38.235
7878,32.6699
7879,8.55623
7880,8.12925
7881,16.1671
7882,76.4381
7883,31.2618
7884,3.25422
7885,11.1854
7886,3.63557
7887,32.0575
7888,10.4285
7889,3.02696
7890,46.6034
7891,89.5387
7892,70.4115
7893,27.7139
7894,0.0730341
7895,10.9192
7896,13.1624
7897,13.0072
7898,37.0865
7899,21.7095
7900,1.11889
7901,24.6844
7902,15.8779
7903,38.7352
7904,14.313
7905,14.0529
7906,17.5338
7907,4.05443
7908,20.6542
7909,1.06749
7910,21.5529
7911,5.62031
7912,1.63946
7913,37.2115
7914,11.4394
7915,24.8865
7916,16.3531
7917,21.5613
7918,4.77803
7919,19.7707
7920,31.9955
7921,24.26
7922,38.9842
7923,7.658
7924,29.0986
7925,1.77411
7926,28.5376
7927,2.56831
7928,10.9007
7929,4.31053
7930,8.26585
7931,17.9099
7932,40.0771
7933,5.45778
7934,45.5527
7935,33.1639
7936,1.23687
7937,1.20528
7938,15.4937
7939,43.6797
7940,1.3976
7941,33.5272
7942,17.8308
7943,1.96348
7944,37.2748
7945,1.02309
7946,28.3899
7947,6.81498
7948,14.4205
7949,13.9925
7950,19.3369
7951,29.1251
7952,17.4484
7953,4.63207
7954,40.8115
7955,84.5719
7956,19.5931
7957,50.6114
7958,55.2762
7959,25.6768
7960,12.5953
7961,13.4988
7962,17.5927
7963,17.9166
7964,23.2574
7965,24.2003
7966,11.5676
7967,36.7283
7968,2.88384
7969,42.5252
7970,22.2146
7971,0.980056
7972,28.6608
7973,18.6693
7974,10.2231
7975,2.18466
7976,5.38423
7977,15.3916
7978,11.6375
7979,28.0715
7980,21.1166
7981,42.192
7982,8.35858
7983,56.7964
7984,6.27176
7985,67.807
7986,65.314
7987,4.05345
7988,17.376
7989,58.146
7990,11.4256
7991,35.5504
7992,50.8215
7993,26.7415
7994,37.1802
7995,54.9062
7996,14.2007
7997,9.87681
7998,14.4691
7999,8.625
8000,60.0532
8001,18.7579
8002,10.9443
8003,43.3502
8004,1.7213
8005,4.6856
8006,139.564
8007,72.805
8008,57.1522
8009,28.4048
8010,7.35536
8011,37.2429
8012,10.0713
8013,5.56154
8014,21.2381
8015,0.0415676
8016,6.58915
8017,86.8988
8018,44.9075
8019,16.0849
8020,16.8295
8021,58.5322
8022,15.5887
8023,9.1457
8024,7.82376
8025,2.8841
8026,18.7414
8027,17.9208
8028,19.5321
8029,29.5982
8030,13.2989
8031,31.2742
8032,9.10249
8033,20.9802
8034,13.1681
8035,7.08635
8036,15.302
8037,57.8204
8038,22.5937
8039,85.1554
8040,36.4483
8041,5.42062
8042,31.4635
8043,1.75922
8044,23.2003
8045,29.3673
8046,7.49913
8047,0.574399
8048,9.21075
8049,38.4031
8050,2.07151
8051,25.568
8052,5.34989
8053,32.9887
8054,77.7323
8055,6.54694
8056,17.9167
8057,29.068
8058,10.551
8059,5.39078
8060,23.2132
8061,114.635
8062,16.0914
8063,37.0066
8064,30.146
8065,26.1287
8066,57.2335
8067,7.63527
8068,1.84872
8069,12.5659
8070,6.1784
8071,18.5732
8072,84.594
8073,9.53644
8074,49.3712
8075,12.4697
8076,39.3511
8077,39.9224
8078,30.3664
8079,8.65683
8080,55.7126
8081,10.9749
8082,120.094
8083,20.8347
8084,32.1732
8085,5.26113
8086,2.58155
8087,80.1519
8088,62.4436
8089,3.31157
8090,17.8825
8091,0.941197
8092,77.7174
8093,12.8221
8094,10.6781
8095,20.0478
8096,23.7967
8097,18.2893
8098,33.4122
8099,37.5318
8100,56.2726
8101,4.19578
8102,12.5697
8103,29.1807
8104,9.84172
8105,122.989
8106,2.5863
8107,17.0845
8108,32.7815
8109,1.06764
8110,15.8695
8111,46.3351
8112,6.9612
8113,34.7451
8114,82.5817
8115,78.0293
8116,25.4509
8117,60.5596
8118,90.4843
8119,34.2273
8120,5.84281
8121,18.6972
8122,20.3138
8123,24.5011
8124,21.6751
8125,52.046
8126,4.29276
8127,12.7512
8128,6.36755
8129,63.5359
8130,18.3233
8131,55.4928
8132,1.15702
8133,25.5664
8134,0.848728
8135,1.59692
8136,64.5476
8137,102.872
8138,32.4467
8139,35.5483
8140,67.721
8141,11.7477
8142,15.9253
8143,20.7028
8144,23.4062
8145,6.06719
8146,73.0028
8147,14.4215
8148,0.599099
8149,0.745257
8150,29.0974
8151,36.3546
8152,13.6107
8153,32.9455
8154,3.36614
8155,18.7004
8156,0.605498
8157,48.1779
8158,34.2306
8159,29.6621
8160,25.1132
8161,0.181678
8162,35.0996
8163,13.0958
8164,51.6353
8165,28.6331
8166,27.0061
8167,41.3835
8168,24.4774
8169,21.7792
8170,17.3575
8171,68.4858
8172,46.2398
8173,2.69247
8174,29.258
8175,0.0918808
8176,48.6516
8177,91.5402
8178,0.566842
8179,42.4288
8180,31.4255
8181,31.4325
8182,25.4809
8183,15.9755
8184,27.9501
8185,2.98296
8186,18.2864
8187,36.0159
8188,22.8338
8189,6.13677
8190,16.2403
8191,27.1462
8192,50.7801
8193,64.449
8194,6.87243
8195,0.305352
8196,59.5752
8197,46.1453
8198,30.4733
8199,6.07146
8200,50.4622
8201,27.9196
8202,4.49423
8203,46.4463
8204,30.8516
8205,4.80721
8206,3.12182
8207,11.0263
8208,10.0575
8209,1.05851
8210,19.538
8211,2.73405
8212,21.5801
8213,1.5544
8214,4.90631
8215,94.8218
8216,56.1149
8217,26.7796
8218,23.2897
8219,31.6733
8220,43.7695
8221,29.1592
8222,67.0199
8223,14.8612
8224,6.14967
8225,3.71458
8226,51.6828
8227,65.4705
8228,17.052
8229,18.8048
8230,26.9869
8231,15.6474
8232,25.4199
8233,18.7053
8234,37.3888
8235,7.79728
8236,63.2043
8237,79.6189
8238,52.0402
8239,6.17739
8240,10.3805
8241,14.7408
8242,3.23898
8243,26.6783
8244,4.5614
8245,11.7793
8246,14.1794
8247,36.199
8248,37.7444
8249,26.8848
8250,65.3653
8251,8.11532
8252,60.5705
8253,0
8254,0.145844
8255,12.7153
8256,58.1366
8257,32.0195
8258,13.511
8259,28.6033
8260,3.61349
8261,7.05203
8262,25.936
8263,13.1084
8264,5.7716
8265,29.1112
8266,0
8267,20.2628
8268,8.02496
8269,46.6096
8270,19.6522
8271,38.596
8272,112.219
8273,13.6315
8274,15.6037
8275,22.5245
8276,37.1731
8277,7.20838
8278,4.86892
8279,6.99247
8280,38.778
8281,19.5111
8282,17.139
8283,7.97622
8284,111.542
8285,53.3497
8286,20.724
8287,129.29
8288,23.1914
8289,74.3173
8290,50.4704
8291,13.4897
8292,26.4061
8293,43.134
8294,42.3581
8295,52.4327
8296,11.8459
8297,12.3227
8298,34.8629
8299,5.50282
8300,38.8865
8301,51.5149
8302,58.6176
8303,14.2414
8304,43.7191
8305,37.3914
8306,3.78243
8307,12.8604
8308,29.652
8309,9.14336
8310,36.8811
8311,36.7648
8312,40.9429
8313,31.2061
8314,20.1743
8315,33.1492
8316,71.6704
8317,12.2415
8318,1.80028
8319,7.16656
8320,59.6432
8321,13.8937
8322,23.6808
8323,5.87733
8324,1.9606
8325,14.1577
8326,19.9693
8327,110.628
8328,30.1188
8329,27.4699
8330,19.0845
8331,60.9036
8332,7.06134
8333,48.9851
8334,46.8997
8335,70.5291
8336,12.5345
8337,11.1122
8338,37.249
8339,44.4041
8340,41.2078
8341,3.88752
8342,58.3145
8343,56.7466
8344,11.6611
8345,13.1289
8346,10.0883
8347,4.56118
8348,127.034
8349,0.192666
8350,0.450319
8351,47.0876
8352,45.0641
8353,4.49337
8354,0.715453
8355,26.1225
8356,15.1679
8357,62.9199
8358,12.0518
8359,7.6268
8360,4.48243
8361,26.0544
8362,49.338
8363,70.4622
8364,15.5685
8365,6.05487
8366,26.1248
8367,21.3133
8368,37.8998
8369,20.8322
8370,102.053
8371,3.06273
8372,45.9775
8373,21.3929
8374,58.2871
8375,61.8591
8376,6.88393
8377,75.5191
8378,27.7079
8379,9.14662
8380,3.13201
8381,43.1919
8382,20.7442
8383,35.7466
8384,3.39511
8385,8.16402
8386,8.20508
8387,7.59906
8388,26.267
8389,6.77698
8390,6.33104
8391,21.4642
8392,59.272
8393,15.6431
8394,21.9634
8395,31.7458
8396,0.834918
8397,2.96852
8398,35.3275
8399,36.3377
8400,33.5388
8401,8.20153
8402,35.8725
8403,11.4181
8404,57.6463
8405,108.399
8406,19.4721
8407,15.6815
8408,25.8222
8409,5.50216
8410,11.5524
8411,60.9018
8412,19.3076
8413,37.9808
8414,36.6165
8415,13.2905
8416,31.2521
8417,3.93757
8418,39.3359
8419,2.62213
8420,47.5207
8421,18.302
8422,12.7366
8423,44.6785
8424,15.4857
8425,3.98809
8426,28.168
8427,10.6429
8428,31.4482
8429,3.71242
8430,6.03951
8431,26.1967
8432,93.375
8433,27.4552
8434,24.3136
8435,3.69476
8436,28.1529
8437,15.9625
8438,28.5321
8439,5.22833
8440,13.6609
8441,37.7857
8442,14.7301
8443,33.9045
8444,113.641
8445,23.414
8446,13.3703
8447,36.7038
8448,58.9964
8449,33.422
8450,21.4809
8451,80.537
8452,8.69018
8453,12.3163
8454,36.9416
8455,1.07088
8456,12.0647
8457,17.9902
8458,49.0463
8459,48.4892
8460,13.7699
8461,30.0513
8462,18.3318
8463,27.6151
8464,80.1018
8465,52.0811
8466,4.98185
8467,9.13201
8468,17.2451
8469,3.30842
8470,5.29662
8471,2.38309
8472,29.5365
8473,4.86155
8474,23.1385
8475,22.4888
8476,2.98663
8477,57.3582
8478,27.187
8479,47.1081
8480,44.5567
8481,5.95072
8482,23.5575
8483,10.0954
8484,19.5452
8485,0.319975
8486,36.8161
8487,22.7648
8488,33.8771
8489,41.0866
8490,43.7094
8491,7.79249
8492,35.2203
8493,29.2791
8494,17.3207
8495,9.30512
8496,2.96199
8497,22.347
8498,12.4876
8499,32.3239
8500,58.9441
8501,9.90806
8502,22.2132
8503,9.83202
8504,7.73982
8505,40.9254
8506,3.96934
8507,44.7954
8508,8.15229
8509,51.9022
8510,10.1938
8511,29.3196
8512,0.0604534
8513,9.28444
8514,3.16733
8515,59.451
8516,26.3635
8517,5.54855
8518,9.80581
8519,0.636458
8520,5.0804
8521,11.3336
8522,10.1585
8523,9.66511
8524,47.0023
8525,25.3627
8526,6.97246
8527,28.7334
8528,63.5123
8529,13.7406
8530,15.5845
8531,2.51755
8532,3.35434
8533,36.515
8534,71.8046
8535,24.555
8536,12.139
8537,38.4136
8538,13.5526
8539,10.9771
8540,55.3469
8541,43.8258
8542,2.67982
8543,3.39924
8544,20.5276
8545,3.81696
8546,22.8852
8547,9.43167
8548,53.4912
8549,64.4779
8550,0.763184
8551,29.8394
8552,38.4653
8553,34.3351
8554,51.0056
8555,2.5116
8556,0.35213
8557,16.5874
8558,7.70288
8559,2.25119
8560,15.9859
8561,16.4424
8562,5.96243
8563,18.043
8564,88.2162
8565,14.9769
8566,14.5298
8567,49.6468
8568,24.8127
8569,34.5609
8570,52.03
8571,21.2799
8572,8.71388
8573,11.6415
8574,57.571
8575,107.798
8576,17.5693
8577,6.10498
8578,8.51828
8579,14.6259
8580,3.92615
8581,1.40556
8582,5.49353
8583,32.3346
8584,66.5785
8585,7.65674
8586,59.5655
8587,10.422
8588,5.80399
8589,1.4597
8590,1.55602
8591,7.71134
8592,20.7655
8593,13.4065
8594,16.313
8595,67.8036
8596,62.9247
8597,33.2003
8598,3.0291
8599,45.8807
8600,38.0429
8601,13.0814
8602,5.53803
8603,34.3193
8604,1.6405
8605,46.8528
8606,80.4564
8607,5.23113
8608,66.4364
8609,53.1106
8610,11.683
8611,22.5274
8612,36.2171
8613,4.35497
8614,25.4259
8615,13.0839
8616,21.9676
8617,55.3308
8618,12.7092
8619,10.8041
8620,17.4775
8621,82.4797
8622,15.2485
8623,3.04328
8624,26.8635
8625,23.1755
8626,28.3348
8627,14.5779
8628,39.0087
8629,19.9574
8630,25.9566
8631,11.7938
8632,33.8368
8633,31.642
8634,29.5625
8635,11.2645
8636,29.4516
8637,11.84
8638,24.7253
8639,70.2226
8640,0.267005
8641,43.5312
8642,13.9686
8643,8.91624
8644,14.2633
8645,4.05208
8646,12.7039
8647,42.6159
8648,5.60868
8649,41.8475
8650,16.342
8651,20.8568
8652,1.69086
8653,19.915
8654,7.06499
8655,31.1158
8656,46.3975
8657,4.51102
8658,30.0656
8659,6.36687
8660,12.9091
8661,8.32333
8662,7.18313
8663,1.02339
8664,21.3558
8665,52.1094
8666,63.0787
8667,18.4588
8668,73.6141
8669,4.82314
8670,22.8655
8671,1.53283
8672,47.291
8673,57.3268
8674,9.67442
8675,18.037
8676,51.5411
8677,4.82845
8678,14.6088
8679,23.8214
8680,20.8589
8681,11.2449
8682,31.3042
8683,5.87173
8684,34.0984
8685,21.8887
8686,100.497
8687,27.0842
8688,0.645076
8689,6.60483
8690,18.824
8691,19.0918
8692,42.7563
8693,40.565
8694,11.2657
8695,0.205102
8696,44.6638
8697,38.415
8698,4.53968
8699,16.4075
8700,26.835
8701,19.786
8702,18.9335
8703,2.54168
8704,50.0024
8705,29.5905
8706,44.0812
8707,14.3977
8708,55.3724
8709,48.6931
8710,0.541425
8711,36.3474
8712,0.969126
8713,16.5992
8714,6.99297
8715,20.8433
8716,9.21782
8717,12.246
8718,14.7001
8719,34.1738
8720,26.993
8721,40.5471
8722,7.26711
8723,59.9565
8724,2.38431
8725,15.3902
8726,35.7614
8727,36.338
8728,49.0821
8729,0.230048
8730,9.91147
8731,11.2779
8732,31.6686
8733,62.7998
8734,2.02129
8735,23.9071
8736,76.2483
8737,4.68119
8738,36.109
8739,5.45472
8740,55.1697
8741,79.6213
8742,1.56305
8743,13.4809
8744,95.4881
8745,20.388
8746,7.2991
8747,19.2624
8748,4.18042
8749,16.789
8750,26.1345
8751,9.00458
8752,2.45299
8753,3.04687
8754,16.9444
8755,9.39359
8756,33.6515
8757,12.8616
8758,37.4073
8759,22.6148
8760,38.2045
8761,15.3712
8762,45.052
8763,58.8702
8764,19.2228
8765,34.428
8766,48.2742
8767,44.4618
8768,17.9444
8769,1.56274
8770,1.90872
8771,12.5113
8772,2.30496
8773,4.23736
8774,5.03084
8775,46.6188
8776,13.4689
8777,0.897685
8778,14.5494
8779,80.9999
8780,19.622
8781,7.48756
8782,5.91219
8783,14.52
8784,19.8863
8785,19.4565
8786,2.11809
8787,17.7521
8788,27.3391
8789,73.0528
8790,37.8723
8791,8.93125
8792,96.5258
8793,80.5182
8794,79.9365
8795,58.5882
8796,16.5147
8797,21.558
8798,10.1434
8799,33.0759
8800,51.29
8801,52.2528
8802,8.55687
8803,15.552
8804,0.3116
8805,9.38527
8806,32.3836
8807,50.9616
8808,9.64245
8809,39.1209
8810,12.3517
8811,21.3928
8812,28.2285
8813,0.726693
8814,14.7411
8815,33.3296
8816,20.7098
8817,41.7175
8818,10.8496
8819,10.2541
8820,0.530365
8821,5.81238
8822,7.85035
8823,0.632129
8824,23.0397
8825,9.50725
8826,10.7671
8827,13.4043
8828,60.3083
8829,3.00742
8830,17.6684
8831,8.40542
8832,4.11225
8833,14.0587
8834,1.36585
8835,53.4469
8836,27.1312
8837,3.99875
8838,69.5737
8839,22.1088
8840,33.7309
8841,54.1074
8842,25.2648
8843,8.86888
8844,19.6723
8845,1.3015
8846,5.83409
8847,22.8604
8848,31.7285
8849,2.70206
8850,10.1841
8851,5.34443
8852,36.6125
8853,13.7943
8854,17.4345
8855,39.9043
8856,3.46086
8857,31.3743
8858,44.3627
8859,21.9825
8860,24.9667
8861,1.81886
8862,64.1878
8863,12.9113
8864,11.1679
8865,1.67655
8866,19.6131
8867,64.7806
8868,8.92773
8869,45.3896
8870,74.8808
8871,49.7806
8872,33.5844
8873,3.40573
8874,5.15711
8875,27.8067
8876,7.41728
8877,11.4758
8878,45.1661
8879,11.9601
8880,54.6423
8881,1.57263
8882,78.96
8883,4.32447
8884,59.8876
8885,8.09813
8886,7.59386
8887,4.78525
8888,56.0613
8889,8.91146
8890,37.5009
8891,8.37386
8892,34.6626
8893,5.21995
8894,20.1525
8895,8.89345
8896,96.6299
8897,2.07774
8898,8.23434
8899,8.33339
8900,15.9425
8901,2.33134
8902,16.2692
8903,6.96228
8904,16.0659
8905,25.5109
8906,15.9522
8907,20.6781
8908,0.418849
8909,13.837
8910,3.58236
8911,20.1662
8912,14.0368
8913,24.7861
8914,5.46278
8915,35.4036
8916,40.8489
8917,9.62639
8918,61.1237
8919,8.47092
8920,29.3058
8921,49.1692
8922,11.87
8923,48.4955
8924,3.00705
8925,13.7523
8926,33.2156
8927,14.5457
8928,13.4651
8929,50.92
8930,61.859
8931,18.2176
8932,33.698
8933,8.10725
8934,38.8132
8935,29.2237
8936,4.07657
8937,19.5379
8938,53.2674
8939,2.95522
8940,28.1246
8941,1.16758
8942,12.2708
8943,33.8602
8944,3.1315
8945,7.28527
8946,8.80973
8947,22.2246
8948,29.729
8949,58.4186
8950,19.2349
8951,30.6796
8952,2.1915
8953,29.5834
8954,5.37012
8955,7.49342
8956,6.07599
8957,45.431
8958,3.90144
8959,38.3253
8960,20.8034
8961,2.08992
8962,14.302
8963,32.7333
8964,15.1994
8965,22.3031
8966,5.68938
8967,51.5898
8968,6.46544
8969,28.1418
8970,10.2159
8971,5.59717
8972,11.284
8973,36.5096
8974,103.66
8975,2.20861
8976,15.8127
8977,31.4619
8978,1.62357
8979,1.83209
8980,75.9525
8981,2.09314
8982,9.97935
8983,25.2105
8984,84.08
8985,72.1851
8986,32.3198
8987,21.4036
8988,8.99247
8989,4.58593
8990,0.676185
8991,44.8868
8992,0.486445
8993,16.7201
8994,47.7677
8995,7.42413
8996,12.5733
8997,138.855
8998,31.4807
8999,10.7197
9000,49.0483
9001,17.5367
9002,13.1152
9003,3.93494
9004,26.4397
9005,54.1601
9006,2.34215
9007,12.8568
9008,9.94301
9009,21.7518
9010,74.5666
9011,31.6366
9012,8.69913
9013,17.2574
9014,9.63418
9015,17.7489
9016,88.1845
9017,6.80793
9018,43.1411
9019,31.3187
9020,5.57201
9021,5.35015
9022,42.2614
9023,14.7368
9024,11.7332
9025,3.08991
9026,3.88416
9027,5.84385
9028,23.2639
9029,5.20408
9030,76.4571
9031,18.4035
9032,12.2375
9033,15.463
9034,55.9166
9035,18.7286
9036,31.9481
9037,0.674145
9038,13.2615
9039,95.3005
9040,38.2124
9041,10.5844
9042,14.8146
9043,33.6952
9044,17.4731
9045,18.8265
9046,21.3238
9047,41.115
9048,5.83982
9049,28.2149
9050,27.3874
9051,3.12968
9052,46.377
9053,26.9333
9054,52.7465
9055,25.2939
9056,11.6806
9057,22.202
9058,23.155
9059,74.9167
9060,0.370839
9061,44.805
9062,37.1245
9063,16.5251
9064,13.7818
9065,10.9452
9066,7.33532
9067,35.3424
9068,6.78637
9069,1.08014
9070,1.31745
9071,26.2988
9072,25.5212
9073,3.25988
9074,29.691
9075,10.0807
9076,6.40783
9077,8.63568
9078,17.1166
9079,21.9708
9080,28.2886
9081,28.7057
9082,1.95787
9083,25.4117
9084,50.4657
9085,30.8989
9086,1.78192
9087,46.876
9088,50.0478
9089,74.5065
9090,0.624022
9091,30.3327
9092,3.5322
9093,36.0766
9094,15.8017
9095,8.46336
9096,44.0418
9097,22.5157
9098,36.4564
9099,61.9831
9100,127.566
9101,3.09323
9102,5.88998
9103,70.5451
9104,49.6966
9105,37.2457
9106,56.0237
9107,5.55367
9108,4.30553
9109,4.37526
9110,11.1559
9111,13.2603
9112,2.48216
9113,22.5437
9114,94.4374
9115,5.26027
9116,0.984285
9117,10.4192
9118,1.83385
9119,11.8868
9120,0.796188
9121,20.8037
9122,27.0489
9123,54.8334
9124,58.6153
9125,26.5611
9126,24.2352
9127,9.37946
9128,4.63378
9129,35.9998
9130,29.8115
9131,23.7855
9132,27.7649
9133,19.351
9134,0.753652
9135,36.8326
9136,57.5517
9137,20.7049
9138,5.09839
9139,19.4172
9140,25.6083
9141,29.7055
9142,33.9327
9143,44.06
9144,9.45998
9145,14.8724
9146,3.35767
9147,38.7741
9148,12.4053
9149,14.0654
9150,0.659837
9151,8.43578
9152,38.7756
9153,41.622
9154,4.2171
9155,28.912
9156,114.446
9157,4.40803
9158,73.2217
9159,78.8683
9160,124.22
9161,16.1178
9162,121.042
9163,75.7146
9164,6.93442
9165,7.72881
9166,13.2995
9167,7.41721
9168,50.1565
9169,44.8962
9170,9.08866
9171,41.1561
9172,3.07057
9173,0.356034
9174,19.8108
9175,18.1509
9176,20.8467
9177,57.7988
9178,11.0821
9179,9.64294
9180,37.0034
9181,3.66939
9182,89.7012
9183,12.8395
9184,11.4149
9185,18.4994
9186,3.36841
9187,6.63289
9188,105.816
9189,6.53293
9190,19.4731
9191,56.6813
9192,2.53564
9193,45.7645
9194,25.3245
9195,65.4799
9196,5.33705
9197,53.3365
9198,28.1904
9199,22.7272
9200,62.3821
9201,11.7593
9202,10.2906
9203,1.86096
9204,29.7074
9205,8.70885
9206,9.54547
9207,5.49907
9208,68.0723
9209,1.38268
9210,43.248
9211,32.536
9212,30.6314
9213,40.5399
9214,135.618
9215,1.40823
9216,22.0634
9217,48.467
9218,80.1553
9219,34.7184
9220,8.82602
9221,24.5069
9222,0.683157
9223,2.55346
9224,19.8254
9225,17.1975
9226,57.3289
9227,65.6544
9228,38.1537
9229,23.3478
9230,1.90264
9231,11.6968
9232,37.272
9233,15.0604
9234,31.9387
9235,6.20817
9236,19.7057
9237,9.04835
9238,25.8773
9239,10.7984
9240,3.58406
9241,5.33188
9242,27.868
9243,7.63313
9244,29.7979
9245,44.9312
9246,0.821573
9247,4.12004
9248,17.3185
9249,42.9036
9250,0.226681
9251,49.2233
9252,46.8484
9253,23.957
9254,119.17
9255,25.2788
9256,38.8878
9257,12.7919
9258,13.4135
9259,0.470186
9260,48.2443
9261,38.4729
9262,66.9795
9263,23.0686
9264,10.7726
9265,33.6561
9266,17.5787
9267,0.241961
9268,0.432969
9269,2.11029
9270,11.9799
9271,16.2271
9272,18.3503
9273,13.095
9274,22.3456
9275,10.9527
9276,54.607
9277,75.0927
9278,0.443942
9279,14.8137
9280,7.60649
9281,9.62077
9282,26.7174
9283,4.78049
9284,34.2262
9285,34.4838
9286,19.6112
9287,31.1108
9288,3.60468
9289,33.9493
9290,6.27797
9291,2.66189
9292,8.09482
9293,32.937
9294,17.6036
9295,29.6439
9296,26.6633
9297,10.4998
9298,17.8405
9299,59.8348
9300,85.0134
9301,5.50278
9302,9.16804
9303,0.390087
9304,62.5083
9305,18.4529
9306,8.89502
9307,27.92
9308,18.3083
9309,8.13219
9310,17.7639
9311,92.7321
9312,9.85784
9313,54.0348
9314,21.902
9315,29.7893
9316,0.722049
9317,4.09349
9318,23.5989
9319,12.5125
9320,28.6823
9321,32.1879
9322,7.61116
9323,12.2083
9324,7.79471
9325,57.3132
9326,61.4025
9327,50.1167
9328,38.9118
9329,26.0304
9330,40.4432
9331,17.3076
9332,15.4801
9333,0.474762
9334,78.646
9335,13.409
9336,32.3058
9337,13.995
9338,6.02313
9339,1.25573
9340,39.328
9341,26.1948
9342,29.3872
9343,38.344
9344,43.3506
9345,52.288
9346,11.1431
9347,15.1814
9348,2.47462
9349,2.04577
9350,14.7967
9351,22.3185
9352,12.5934
9353,15.1555
9354,19.4841
9355,33.2728
9356,108.96
9357,6.85654
9358,13.0882
9359,1.53311
9360,6.25996
9361,27.7387
9362,9.71875
9363,17.1959
9364,19.5139
9365,19.3095
9366,41.8648
9367,2.43108
9368,21.1594
9369,44.2277
9370,67.5902
9371,52.1804
9372,11.2497
9373,9.23306
9374,27.2301
9375,32.1199
9376,31.808
9377,0
9378,1.88655
9379,8.15554
9380,15.8747
9381,28.9408
9382,12.8881
9383,18.2378
9384,6.6011
9385,74.3567
9386,11.4428
9387,28.1304
9388,5.24926
9389,33.109
9390,21.3876
9391,36.7574
9392,44.0803
9393,21.5724
9394,1.20338
9395,97.8876
9396,1.24608
9397,0.465055
9398,15.3692
9399,118.403
9400,6.67438
9401,7.69377
9402,15.4614
9403,22.8507
9404,18.594
9405,0.407583
9406,52.9041
9407,18.0022
9408,14.1357
9409,19.4478
9410,4.06783
9411,42.0542
9412,6.37626
9413,66.0875
9414,7.00788
9415,125.434
9416,4.21515
9417,30.0279
9418,24.4092
9419,24.6175
9420,3.14145
9421,96.472
9422,21.2769
9423,55.4313
9424,45.3223
9425,26.202
9426,1.72476
9427,4.78576
9428,96.5194
9429,10.5305
9430,19.0189
9431,2.01003
9432,15.6633
9433,6.81624
9434,7.91224
9435,52.2563
9436,18.0641
9437,4.21064
9438,54.6971
9439,40.3153
9440,0
9441,35.8937
9442,12.545
9443,72.8228
9444,9.93455
9445,3.87767
9446,4.65155
9447,49.9677
9448,71.269
9449,47.4969
9450,10.1325
9451,10.6623
9452,8.21855
9453,73.5903
9454,50.3195
9455,1.58387
9456,45.5522
9457,14.3951
9458,29.667
9459,23.7647
9460,6.35883
9461,19.9947
9462,24.4667
9463,5.50221
9464,81.1315
9465,16.8104
9466,38.6808
9467,14.1068
9468,2.77587
9469,0.6264
9470,104.016
9471,77.9681
9472,23.8873
9473,26.0397
9474,0
9475,25.1167
9476,40.396
9477,2.14812
9478,30.9867
9479,63.8575
9480,4.53999
9481,1.10823
9482,16.7313
9483,21.3161
9484,44.6521
9485,24.4631
9486,47.0097
9487,30.9058
9488,18.1845
9489,8.93379
9490,9.36236
9491,6.55572
9492,80.5822
9493,5.16372
9494,83.3055
9495,34.6996
9496,20.6982
9497,7.98947
9498,2.36122
9499,64.1884
9500,56.1668
9501,5.46338
9502,15.5924
9503,0.268676
9504,84.1596
9505,25.2348
9506,20.6408
9507,6.9968
9508,14.2711
9509,39.9257
9510,36.8608
9511,3.50644
9512,1.81028
9513,29.3508
9514,7.68163
9515,24.3263
9516,50.5611
9517,59.2928
9518,60.1543
9519,14.1656
9520,21.0604
9521,3.52653
9522,12.8821
9523,22.226
9524,7.87044
9525,4.56321
9526,18.3632
9527,68.7101
9528,56.4493
9529,80.2324
9530,1.3821
9531,13.4508
9532,24.3751
9533,5.78577
9534,28.39
9535,2.0255
9536,5.25202
9537,36.6685
9538,3.25003
9539,37.7155
9540,23.1858
9541,44.2297
9542,16.1483
9543,7.73067
9544,41.4146
9545,54.1861
9546,44.999
9547,4.27893
9548,18.4545
9549,18.5213
9550,69.9332
9551,9.41384
9552,37.7359
9553,39.1419
9554,47.3275
9555,46.275
9556,11.0255
9557,4.29453
9558,40.1748
9559,24.4594
9560,12.1428
9561,26.0044
9562,11.9818
9563,3.01343
9564,7.84152
9565,25.7112
9566,61.1088
9567,13.7618
9568,22.7068
9569,7.94074
9570,24.2505
9571,3.5192
9572,62.1542
9573,8.36109
9574,3.00454
9575,32.9194
9576,51.5023
9577,50.3283
9578,15.1392
9579,8.86649
9580,27.9573
9581,39.5967
9582,12.0939
9583,20.4391
9584,22.8281
9585,71.5265
9586,6.17547
9587,7.71221
9588,60.1849
9589,17.0949
9590,9.55538
9591,50.0454
9592,1.1686
9593,45.1732
9594,26.2955
9595,15.8941
9596,34.6225
9597,4.73291
9598,35.3746
9599,8.97581
9600,31.8323
9601,31.4704
9602,44.3877
9603,56.9211
9604,2.66528
9605,2.41721
9606,4.59929
9607,3.76642
9608,53.4267
9609,10.2502
9610,12.5286
9611,94.9816
9612,8.56893
9613,37.6599
9614,5.13664
9615,0.669223
9616,10.3577
9617,53.3482
9618,26.7647
9619,27.151
9620,17.5509
9621,8.94117
9622,34.1886
9623,40.7163
9624,23.9593
9625,6.03607
9626,41.5332
9627,60.3651
9628,21.9834
9629,45.9297
9630,8.63648
9631,5.19471
9632,13.7354
9633,36.9864
9634,30.8073
9635,1.81579
9636,29.3881
9637,92.321
9638,4.66423
9639,33.502
9640,102.015
9641,4.79622
9642,38.0944
9643,5.50729
9644,3.11975
9645,8.85175
9646,33.4717
9647,13.723
9648,27.0998
9649,18.9221
9650,33.2946
9651,1.50324
9652,34.0958
9653,16.052
9654,13.8878
9655,5.20939
9656,39.6647
9657,11.7534
9658,5.48295
9659,12.8457
9660,93.1092
9661,33.6091
9662,4.98833
9663,20.883
9664,57.7525
9665,6.57371
9666,44.8614
9667,61.1824
9668,92.9044
9669,4.9514
9670,2.81533
9671,33.7733
9672,12.9972
9673,18.6449
9674,17.0676
9675,37.3867
9676,22.4288
9677,27.2484
9678,23.5994
9679,7.63342
9680,23.101
9681,9.46291
9682,19.379
9683,40.0797
9684,3.83954
9685,3.02227
9686,38.2488
9687,15.2976
9688,13.9857
9689,43.6137
9690,45.76
9691,5.70884
9692,43.3221
9693,104.571
9694,31.4285
9695,1.03337
9696,13.5121
9697,10.704
9698,33.7876
9699,34.1125
9700,28.0205
9701,3.92082
9702,28.9865
9703,13.957
9704,1.3772
9705,48.09
9706,7.31098
9707,34.0876
9708,8.70925
9709,5.63249
9710,53.6794
9711,56.5532
9712,48.4419
9713,34.5889
9714,37.4066
9715,9.32629
9716,19.2572
9717,6.53914
9718,46.296
9719,81.0013
9720,14.8981
9721,2.16952
9722,30.9445
9723,1.02848
9724,14.4829
9725,43.6885
9726,23.7879
9727,9.6333
9728,31.5086
9729,51.4335
9730,3.55437
9731,15.2802
9732,40.6678
9733,14.1569
9734,17.1121
9735,27.6916
9736,3.67834
9737,9.62686
9738,37.1919
9739,4.26786
9740,31.7441
9741,15.9194
9742,6.70344
9743,2.55313
9744,8.55537
9745,18.2386
9746,12.1172
9747,47.2923
9748,41.4555
9749,34.9886
9750,37.6923
9751,52.5176
9752,78.8441
9753,44.7521
9754,26.7378
9755,18.543
9756,13.1593
9757,11.0365
9758,36.5678
9759,15.612
9760,46.5254
9761,24.6228
9762,2.76937
9763,27.6729
9764,12.0088
9765,27.9884
9766,98.1928
9767,15.9839
9768,24.7687
9769,39.4488
9770,7.2066
9771,20.4919
9772,48.3155
9773,35.2266
9774,48.2906
9775,18.0599
9776,114.066
9777,0.144425
9778,3.67929
9779,0.972366
9780,46.5655
9781,16.2431
9782,50.2867
9783,25.0478
9784,42.81
9785,6.71431
9786,1.33396
9787,14.6303
9788,50.0375
9789,39.0139
9790,4.1207
9791,5.63654
9792,29.4663
9793,12.2623
9794,17.6393
9795,10.6301
9796,0.134326
9797,91.5449
9798,12.058
9799,7.67595
9800,0
9801,31.9814
9802,2.49434
9803,49.4391
9804,8.00526
9805,5.98235
9806,111.691
9807,5.23994
9808,27.0786
9809,11.4036
9810,13.2253
9811,0.159184
9812,24.1911
9813,24.4434
9814,22.8879
9815,51.2007
9816,57.4362
9817,48.6124
9818,57.5818
9819,15.1922
9820,30.5333
9821,6.48735
9822,50.2383
9823,18.2347
9824,33.0032
9825,28.428
9826,7.59451
9827,47.6758
9828,22.4296
9829,18.4393
9830,56.1339
9831,9.22062
9832,139.144
9833,8.04377
9834,24.8269
9835,32.8728
9836,33.7095
9837,9.37064
9838,24.5042
9839,32.8963
9840,16.4172
9841,27.6831
9842,5.21443
9843,19.5531
9844,29.2309
9845,2.37272
9846,65.4901
9847,5.7789
9848,54.5732
9849,46.2694
9850,42.7391
9851,13.7075
9852,4.89603
9853,7.26317
9854,9.95241
9855,5.56083
9856,20.1154
9857,40.2177
9858,36.3526
9859,26.5294
9860,10.762
9861,55.9275
9862,75.8905
9863,3.86309
9864,63.3324
9865,15.8909
9866,12.4659
9867,51.7102
9868,1.86322
9869,26.84
9870,18.0046
9871,28.7012
9872,56.1635
9873,9.45958
9874,6.33749
9875,61.9842
9876,44.2191
9877,17.7502
9878,81.3729
9879,70.5912
9880,10.2076
9881,75.3327
9882,40.6206
9883,27.1985
9884,25.7781
9885,0.506718
9886,7.9977
9887,44.004
9888,17.2789
9889,5.05978
9890,29.3302
9891,33.3806
9892,14.4568
9893,24.845
9894,8.65978
9895,0.161695
9896,20.6839
9897,0.894887
9898,30.6411
9899,8.61744
9900,18.8864
9901,1.37912
9902,13.4949
9903,1.91716
9904,5.38843
9905,3.52197
9906,12.1479
9907,4.32556
9908,8.0302
9909,46.661
9910,0.822625
9911,40.94
9912,39.5086
9913,23.9154
9914,11.0286
9915,21.0958
9916,12.086
9917,18.1925
9918,5.07482
9919,9.42759
9920,3.84938
9921,5.17536
9922,37.4155
9923,2.06876
9924,80.0798
9925,19.1966
9926,3.06289
9927,0.324679
9928,1.73526
9929,8.60241
9930,16.9261
9931,66.3863
9932,18.9842
9933,112.537
9934,3.28311
9935,3.28407
9936,18.3324
9937,80.0522
9938,13.9293
9939,14.6971
9940,10.4482
9941,56.2404
9942,7.46677
9943,9.54434
9944,46.0581
9945,56.294
9946,27.1368
9947,58.714
9948,5.72649
9949,71.0825
9950,2.37397
9951,51.6139
9952,28.0948
9953,13.4535
9954,18.7221
9955,34.3652
9956,18.8262
9957,0.128448
9958,4.04163
9959,13.852
9960,85.5106
9961,23.3065
9962,4.60946
9963,7.82708
9964,30.5446
9965,27.7365
9966,45.4352
9967,4.82325
9968,0.617069
9969,10.1669
9970,83.8886
9971,29.1889
9972,36.9974
9973,33.4691
9974,3.48335
9975,3.09835
9976,24.5504
9977,11.1091
9978,26.6809
9979,6.11861
9980,12.2465
9981,40.3436
9982,17.0867
9983,26.2351
9984,11.5412
9985,20.0276
9986,33.224
9987,13.668
9988,18.7942
9989,16.9262
9990,38.1895
9991,79.9109
9992,16.1465
9993,36.6653
9994,8.53296
9995,5.13736
9996,14.3554
9997,12.752
9998,35.1927
9999,2.54164
10000,9.93613
