i,discounted
1,16.0723
2,1.66359
3,3.75293
4,29.8511
5,18.9453
6,23.4286
7,2.58411
8,24.5117
9,55.5114
10,7.02635
11,24.1665
12,18.4506
13,27.9156
14,24.6756
15,47.1119
16,42.8523
17,42.5984
18,17.6094
19,32.8544
20,70.7798
21,25.8378
22,32.9333
23,24.5919
24,22.1666
25,17.9961
26,3.3116
27,12.2414
28,17.6901
29,23.4564
30,8.35789
31,18.4881
32,16.0327
33,34.9808
34,2.54676
35,13.941
36,21.2604
37,5.17153
38,15.6912
39,47.1795
40,17.3912
41,1.47408
42,6.96479
43,22.2455
44,37.2585
45,28.8456
46,28.2612
47,12.9433
48,2.05844
49,25.5488
50,9.79046
51,12.9518
52,0.755516
53,27.3948
54,17.59
55,7.28519
56,22.3296
57,0.93834
58,45.87
59,11.4689
60,2.46136
61,12.1551
62,8.06426
63,28.4877
64,35.5017
65,2.78366
66,5.45186
67,3.7536
68,43.8945
69,21.3564
70,35.5201
71,14.6316
72,19.5589
73,2.53509
74,33.3951
75,18.1004
76,47.7297
77,46.5575
78,23.7646
79,45.2384
80,19.8917
81,4.97328
82,14.051
83,23.7622
84,3.47163
85,23.7271
86,11.3555
87,23.2145
88,33.0984
89,34.4735
90,41.4099
91,25.9263
92,22.4749
93,14.2733
94,29.6872
95,6.24831
96,34.3501
97,30.8667
98,12.3741
99,3.72199
100,15.3739
101,24.4757
102,26.7661
103,56.3052
104,6.67217
105,15.9981
106,79.7419
107,2.95355
108,13.4781
109,3.83805
110,17.0036
111,15.3685
112,20.4019
113,11.824
114,36.5406
115,14.0359
116,23.9638
117,8.16584
118,6.03925
119,32.0808
120,16.8098
121,30.4754
122,41.3923
123,2.92016
124,14.6575
125,26.9305
126,25.1635
127,28.6671
128,17.0406
129,16.5964
130,26.5222
131,22.0466
132,36.8978
133,34.4925
134,36.1357
135,29.8766
136,20.1176
137,8.97677
138,19.6891
139,24.5418
140,22.7663
141,7.37095
142,15.0393
143,4.89079
144,4.36321
145,29.3059
146,48.5371
147,20.5915
148,12.956
149,2.60457
150,22.5303
151,8.90074
152,25.3435
153,12.4098
154,24.8501
155,1.81283
156,12.6604
157,28.1442
158,4.39159
159,24.9286
160,16.2076
161,32.7271
162,33.1217
163,50.6504
164,6.16824
165,39.2187
166,40.8361
167,19.5919
168,46.2383
169,34.4881
170,30.568
171,3.48108
172,13.887
173,21.5702
174,48.1561
175,17.2919
176,5.86797
177,37.6986
178,6.1847
179,0.625043
180,20.2391
181,43.299
182,12.2066
183,10.7757
184,11.2311
185,10.733
186,0
187,56.4644
188,33.4613
189,11.1318
190,1.794
191,5.24667
192,45.1098
193,43.3111
194,25.4268
195,34.7309
196,6.73089
197,24.1564
198,47.4162
199,36.8073
200,18.4607
201,13.7566
202,11.5122
203,0.0849992
204,30.5792
205,43.1066
206,4.17778
207,17.888
208,28.2479
209,1.95435
210,20.632
211,30.995
212,7.14661
213,14.4942
214,17.6491
215,42.5495
216,25.8507
217,7.98142
218,6.39419
219,40.9141
220,37.1816
221,30.7148
222,6.13649
223,2.11528
224,3.89293
225,21.3531
226,18.209
227,4.96045
228,42.4494
229,26.778
230,3.14967
231,15.5388
232,15.8749
233,42.641
234,5.61937
235,48.2901
236,10.5616
237,41.1575
238,21.9679
239,24.3769
240,27.4655
241,31.952
242,19.0376
243,31.9535
244,0
245,44.561
246,20.7434
247,2.19019
248,16.3012
249,52.3182
250,50.4221
251,12.467
252,42.5403
253,11.9608
254,17.8958
255,27.3011
256,8.33436
257,18.5178
258,22.4813
259,11.2568
260,9.19308
261,11.2624
262,38.3582
263,10.0724
264,8.41501
265,13.9264
266,11.84
267,38.9739
268,29.8861
269,32.6508
270,25.9597
271,29.9782
272,39.3072
273,24.0675
274,22.0444
275,9.19428
276,19.2034
277,16.8611
278,25.1509
279,12.8976
280,22.0491
281,19.0045
282,61.3369
283,21.7824
284,0.00537647
285,3.91483
286,13.8231
287,21.8091
288,33.4815
289,14.4008
290,23.324
291,25.3754
292,33.0755
293,11.5385
294,32.5191
295,21.421
296,22.9026
297,4.82915
298,9.55088
299,15.7959
300,41.5893
301,14.4003
302,26.1568
303,32.9695
304,29.85
305,14.0801
306,16.5791
307,10.0023
308,8.76682
309,36.1944
310,17.2367
311,29.8626
312,38.0067
313,22.4551
314,38.2412
315,46.9266
316,13.2691
317,29.4757
318,41.376
319,19.0681
320,20.1383
321,23.805
322,3.1683
323,32.4493
324,0.854099
325,19.4377
326,9.7819
327,27.7765
328,32.0152
329,2.07513
330,17.0745
331,24.3351
332,26.5638
333,13.6463
334,0
335,24.0699
336,22.3258
337,35.1487
338,25.9343
339,11.4755
340,1.23679
341,18.7257
342,24.3139
343,18.5101
344,22.0621
345,7.91967
346,30.2485
347,33.7709
348,11.7762
349,2.98406
350,34.9415
351,21.325
352,26.4912
353,15.5769
354,24.0354
355,56.7274
356,8.88868
357,13.2847
358,34.1694
359,17.8766
360,11.9274
361,19.1856
362,31.8483
363,32.9224
364,11.8369
365,14.1121
366,10.911
367,14.4089
368,21.7972
369,0.580172
370,19.0626
371,9.30858
372,7.71088
373,7.67902
374,11.6868
375,8.34878
376,15.594
377,16.4839
378,1.27506
379,2.5449
380,26.4844
381,27.6268
382,58.9244
383,8.85324
384,13.0597
385,0.284969
386,27.3729
387,28.8313
388,8.56683
389,39.473
390,22.5913
391,9.21324
392,36.57
393,19.4489
394,5.12374
395,24.5035
396,8.58581
397,10.1695
398,38.7459
399,8.20099
400,37.7278
401,1.76611
402,20.2916
403,4.97912
404,12.551
405,43.7436
406,10.1053
407,27.5346
408,12.1718
409,9.58751
410,36.0689
411,3.72992
412,19.8743
413,15.311
414,21.5865
415,7.10991
416,7.9626
417,0
418,13.3062
419,22.6978
420,31.6169
421,2.1269
422,13.565
423,10.667
424,34.6712
425,3.96631
426,0
427,30.3471
428,27.879
429,25.988
430,18.3963
431,41.7269
432,10.1
433,28.1167
434,9.12533
435,55.2529
436,20.5481
437,28.0156
438,11.4099
439,40.9337
440,31.6677
441,5.64444
442,6.18604
443,33.3945
444,2.41959
445,12.488
446,3.45624
447,19.667
448,8.50673
449,13.6941
450,29.0729
451,52.8118
452,31.503
453,24.7702
454,33.8272
455,18.1688
456,44.3904
457,9.0473
458,14.1362
459,42.1553
460,27.5029
461,4.37106
462,23.4576
463,8.58611
464,11.9219
465,12.4707
466,19.778
467,26.5337
468,11.2701
469,32.6305
470,0
471,35.5188
472,4.36601
473,4.44467
474,24.5602
475,55.4755
476,4.08905
477,31.5783
478,8.2073
479,38.9521
480,20.9912
481,18.3202
482,28.3537
483,37.5803
484,30.8687
485,29.1545
486,10.1648
487,34.8678
488,10.5533
489,11.947
490,11.2208
491,31.3888
492,25.4262
493,35.3529
494,20.1902
495,16.2275
496,21.3952
497,4.17145
498,14.5912
499,24.9417
500,27.049
501,15.6282
502,18.7966
503,26.6371
504,3.6979
505,45.9468
506,5.61094
507,10.3136
508,9.31335
509,0.019871
510,10.8548
511,22.3009
512,10.1011
513,30.154
514,32.2647
515,40.322
516,49.0477
517,7.64108
518,56.6899
519,22.5659
520,25.9527
521,26.9039
522,4.28803
523,25.6571
524,0.839744
525,17.1107
526,6.64107
527,39.0923
528,38.9888
529,13.7531
530,33.0803
531,55.9803
532,23.1361
533,0.129902
534,2.03949
535,21.0142
536,1.99532
537,20.4904
538,9.83737
539,35.4614
540,19.9615
541,32.606
542,11.2226
543,4.26515
544,25.4107
545,32.5901
546,11.8833
547,36.4152
548,5.27903
549,5.50858
550,35.1543
551,4.88201
552,33.7084
553,14.5754
554,19.1934
555,28.3815
556,17.5972
557,16.064
558,42.9085
559,35.4795
560,27.8326
561,34.8435
562,0
563,16.8013
564,39.5063
565,28.3602
566,10.6283
567,14.6278
568,4.93056
569,21.8197
570,5.50496
571,35.5947
572,18.9024
573,9.00626
574,18.9576
575,8.94742
576,26.0898
577,40.0009
578,28.0144
579,31.9106
580,26.3404
581,46.9123
582,24.7839
583,29.995
584,14.606
585,26.1089
586,10.0332
587,40.1719
588,10.844
589,24.1742
590,18.9721
591,11.1451
592,31.2225
593,28.6771
594,10.505
595,0.782931
596,60.9827
597,39.7967
598,26.1949
599,32.3448
600,16.3881
601,26.6856
602,26.8694
603,9.94693
604,6.9755
605,2.2945
606,28.9424
607,44.5726
608,31.3212
609,21.8347
610,30.9853
611,17.3317
612,39.726
613,13.6734
614,9.24802
615,48.5424
616,9.15047
617,45.1891
618,0
619,4.67869
620,3.80926
621,13.895
622,20.132
623,2.14859
624,9.92461
625,17.6478
626,22.501
627,24.2821
628,3.28468
629,9.83591
630,6.05607
631,40.8077
632,10.4908
633,1.74254
634,21.0766
635,8.09115
636,24.9286
637,46.0959
638,19.6562
639,10.1047
640,31.8449
641,17.5232
642,28.8009
643,16.2843
644,2.96459
645,18.113
646,17.9589
647,3.32719
648,21.6076
649,4.20534
650,20.2913
651,20.7511
652,45.8186
653,1.26795
654,14.3209
655,33.0002
656,46.3471
657,6.0549
658,33.1543
659,16.6661
660,11.7412
661,48.5095
662,16.9737
663,13.1983
664,30.6173
665,17.6529
666,28.1395
667,16.1757
668,34.5773
669,1.27194
670,2.11503
671,21.474
672,9.22569
673,30.2628
674,3.22735
675,5.69848
676,17.2179
677,32.218
678,39.0312
679,39.5707
680,20.8901
681,9.30923
682,12.5068
683,1.37868
684,25.5319
685,2.21842
686,22.8472
687,12.1446
688,40.4041
689,28.0205
690,17.5929
691,8.08839
692,10.799
693,28.5856
694,16.0089
695,28.7996
696,14.6187
697,11.9818
698,8.96418
699,30.1669
700,20.4082
701,41.1839
702,7.16744
703,19.583
704,39.6121
705,18.5463
706,24.4937
707,3.40786
708,44.1735
709,41.0283
710,33.3416
711,38.5996
712,18.237
713,0
714,25.9526
715,3.44154
716,19.0798
717,3.82259
718,14.9577
719,31.5489
720,63.2952
721,8.85791
722,23.1448
723,4.33061
724,13.9903
725,10.7879
726,55.6652
727,7.23848
728,20.0431
729,28.2265
730,35.7665
731,33.1893
732,29.4483
733,3.7954
734,41.9903
735,44.2061
736,8.15347
737,6.90541
738,27.3166
739,39.6134
740,32.0102
741,15.2462
742,21.8023
743,0.679932
744,7.60016
745,8.96635
746,15.7055
747,16.2063
748,12.4216
749,31.661
750,18.2722
751,2.13647
752,3.10494
753,42.9956
754,6.37646
755,26.3714
756,33.3575
757,42.56
758,9.70668
759,46.3942
760,5.06879
761,34.8551
762,8.61209
763,21.0424
764,10.673
765,48.7444
766,40.3591
767,18.5869
768,31.4487
769,45.7209
770,28.0686
771,30.5287
772,11.7012
773,5.34165
774,2.20558
775,13.4118
776,35.1357
777,21.356
778,51.7961
779,28.8355
780,8.10942
781,22.3166
782,29.3432
783,0.0668192
784,20.4798
785,3.96266
786,22.0402
787,11.763
788,41.2034
789,13.7083
790,11.5871
791,10.1849
792,11.5858
793,23.2722
794,29.1933
795,38.0452
796,16.5527
797,23.8032
798,16.7624
799,17.1091
800,1.84959
801,50.886
802,32.6687
803,5.09931
804,34.5653
805,5.3003
806,0.245416
807,49.6642
808,6.02126
809,9.04088
810,29.0218
811,56.502
812,30.9049
813,1.61439
814,21.5237
815,19.0294
816,14.4619
817,4.96603
818,11.3231
819,37.5784
820,52.3243
821,4.15342
822,23.3066
823,33.1935
824,28.3806
825,19.4544
826,44.122
827,14.1998
828,52.2617
829,29.9499
830,16.9011
831,23.4239
832,9.24642
833,11.1399
834,9.35756
835,35.3277
836,36.7094
837,28.9469
838,37.1819
839,14.5063
840,19.9995
841,17.4176
842,32.3735
843,8.52371
844,14.1916
845,45.3674
846,32.0289
847,4.9169
848,12.1698
849,5.27166
850,14.1663
851,38.0698
852,4.87914
853,12.8797
854,25.3905
855,23.3946
856,18.5597
857,4.28534
858,37.4389
859,27.6952
860,43.1114
861,1.45959
862,8.60182
863,37.9861
864,3.36853
865,43.9929
866,16.9932
867,0.41512
868,9.42829
869,5.70317
870,22.3946
871,21.8489
872,20.0369
873,13.1102
874,29.1017
875,18.1844
876,46.9142
877,7.17121
878,1.44701
879,6.13487
880,4.65703
881,11.7631
882,59.3501
883,23.7644
884,24.8398
885,40.033
886,20.3529
887,44.3315
888,22.94
889,12.6372
890,36.6537
891,4.814
892,6.63422
893,39.5044
894,8.4558
895,48.1772
896,5.72571
897,26.4223
898,32.8144
899,14.3324
900,9.06347
901,19.4148
902,4.7321
903,3.72904
904,37.469
905,15.6267
906,23.9828
907,21.2804
908,27.7681
909,41.9787
910,0.626324
911,31.3059
912,10.59
913,57.1012
914,18.3138
915,13.4625
916,9.67485
917,6.42647
918,24.3852
919,6.62959
920,35.6731
921,14.6996
922,4.71203
923,3.48989
924,14.4074
925,26.0796
926,13.4884
927,5.54023
928,22.9169
929,14.3137
930,11.8805
931,27.9444
932,10.7346
933,16.3715
934,1.7515
935,4.90773
936,10.4688
937,32.2748
938,12.5209
939,7.62957
940,2.65784
941,32.4645
942,8.78262
943,23.5065
944,41.971
945,8.05932
946,10.3046
947,4.17193
948,54.2329
949,20.6976
950,25.2687
951,17.7186
952,10.3118
953,25.1586
954,25.8595
955,26.772
956,15.528
957,35.5747
958,25.9105
959,44.9212
960,2.2235
961,1.78791
962,33.9211
963,7.19858
964,10.865
965,9.86109
966,32.6755
967,55.8724
968,16.3559
969,16.0999
970,29.2296
971,30.9806
972,29.8807
973,21.7922
974,9.09841
975,7.83482
976,3.66422
977,19.213
978,25.0189
979,18.1598
980,7.80727
981,11.0036
982,4.3016
983,48.6873
984,49.7472
985,7.22844
986,23.9728
987,27.408
988,48.9583
989,31.993
990,31.1023
991,22.9639
992,15.8402
993,9.60675
994,15.0237
995,8.81746
996,18.0365
997,7.27509
998,39.4225
999,16.2297
1000,30.3646
1001,26.3809
1002,23.5418
1003,7.35484
1004,3.19955
1005,7.39125
1006,21.8059
1007,8.68675
1008,3.5159
1009,35.2497
1010,8.12051
1011,6.82078
1012,2.74488
1013,9.71155
1014,23.7621
1015,30.5045
1016,59.9438
1017,53.3892
1018,24.0726
1019,25.1227
1020,17.4934
1021,17.5744
1022,17.8964
1023,61.8999
1024,12.5411
1025,24.1946
1026,3.34934
1027,5.02846
1028,20.3981
1029,4.64638
1030,3.47446
1031,9.36452
1032,3.59974
1033,10.5416
1034,37.6708
1035,22.9494
1036,37.0353
1037,2.7758
1038,24.1658
1039,26.3722
1040,14.7173
1041,35.1802
1042,15.4713
1043,16.4038
1044,7.88758
1045,43.1203
1046,3.09532
1047,27.0029
1048,8.29455
1049,22.5274
1050,14.5802
1051,8.30912
1052,14.9133
1053,5.23324
1054,25.693
1055,28.3438
1056,4.97746
1057,2.00057
1058,26.6663
1059,11.514
1060,19.1701
1061,26.1012
1062,28.1075
1063,27.8901
1064,2.22264
1065,34.3002
1066,22.6096
1067,26.1098
1068,46.6134
1069,29.778
1070,0
1071,3.54256
1072,37.9967
1073,13.9532
1074,12.0171
1075,4.93136
1076,26.9211
1077,26.9941
1078,6.33748
1079,28.8712
1080,32.8199
1081,37.9828
1082,5.74396
1083,11.8341
1084,1.1351
1085,9.20984
1086,14.6728
1087,3.85433
1088,27.359
1089,30.2497
1090,26.4757
1091,2.59576
1092,32.6328
1093,22.2962
1094,9.78997
1095,36.1886
1096,11.632
1097,36.5256
1098,49.5308
1099,6.81217
1100,3.88413
1101,12.3026
1102,48.4159
1103,14.0911
1104,25.8408
1105,13.1713
1106,33.6467
1107,2.82429
1108,20.8406
1109,15.3579
1110,2.75188
1111,5.26876
1112,20.6942
1113,33.2434
1114,6.95843
1115,0
1116,42.9409
1117,10.5928
1118,4.62198
1119,12.2338
1120,37.9055
1121,2.69391
1122,1.45284
1123,4.01337
1124,10.0855
1125,16.0908
1126,29.1585
1127,14.5113
1128,7.7113
1129,5.52952
1130,3.86356
1131,15.7651
1132,18.422
1133,0.836766
1134,8.08097
1135,11.551
1136,21.3468
1137,15.5385
1138,21.5305
1139,0.38662
1140,3.50741
1141,1.72554
1142,5.41684
1143,4.82087
1144,37.7001
1145,5.21937
1146,1.75939
1147,5.8992
1148,19.5974
1149,17.7876
1150,48.846
1151,65.8099
1152,26.435
1153,22.9803
1154,15.971
1155,7.05054
1156,35.9184
1157,25.4816
1158,27.7179
1159,33.8902
1160,25.7072
1161,38.1128
1162,1.78985
1163,26.8642
1164,12.1574
1165,8.92993
1166,12.4616
1167,23.0116
1168,20.6451
1169,8.41446
1170,31.5626
1171,36.4289
1172,15.994
1173,12.4866
1174,5.57302
1175,10.2255
1176,33.4939
1177,5.37645
1178,26.1618
1179,7.41414
1180,31.0063
1181,13.4726
1182,5.03666
1183,10.5307
1184,13.4009
1185,18.5201
1186,4.5754
1187,17.4203
1188,47.9427
1189,19.7427
1190,29.0047
1191,20.1942
1192,3.73392
1193,4.29893
1194,17.0728
1195,0.319447
1196,21.4522
1197,45.5082
1198,15.0386
1199,31.0883
1200,24.4481
1201,5.77207
1202,12.7545
1203,3.74975
1204,14.8921
1205,14.6987
1206,7.30506
1207,47.9986
1208,0.936672
1209,6.40136
1210,15.974
1211,2.40879
1212,6.02608
1213,6.88593
1214,7.14833
1215,0.157267
1216,25.241
1217,8.28774
1218,0.832101
1219,0.188109
1220,16.2817
1221,31.0941
1222,35.3055
1223,6.45667
1224,10.4927
1225,4.62079
1226,21.7446
1227,15.1866
1228,3.81341
1229,33.0405
1230,6.56873
1231,14.6265
1232,14.0388
1233,3.03467
1234,19.7736
1235,37.4673
1236,10.032
1237,17.2454
1238,0.297937
1239,15.876
1240,3.79731
1241,9.05567
1242,4.15484
1243,51.1768
1244,11.2918
1245,32.3153
1246,2.99102
1247,28.2097
1248,23.3202
1249,34.3654
1250,18.0413
1251,11.0637
1252,5.63539
1253,10.3554
1254,36.3409
1255,4.07764
1256,13.4888
1257,21.1649
1258,13.7673
1259,54.0975
1260,11.8679
1261,27.084
1262,5.73037
1263,2.97955
1264,27.929
1265,0.580031
1266,42.1264
1267,27.4424
1268,14.6184
1269,7.29519
1270,8.1165
1271,19.4736
1272,3.43485
1273,28.6928
1274,34.3558
1275,0.274596
1276,9.08631
1277,7.80606
1278,5.96501
1279,20.4182
1280,33.8648
1281,36.6576
1282,24.3152
1283,15.6944
1284,33.8099
1285,60.9169
1286,4.94732
1287,14.6793
1288,16.5924
1289,40.8678
1290,35.6759
1291,14.5117
1292,21.4209
1293,34.9547
1294,27.6566
1295,27.0879
1296,37.4221
1297,36.2275
1298,19.6767
1299,3.93121
1300,9.93145
1301,41.9265
1302,19.9346
1303,22.6037
1304,15.6516
1305,22.5594
1306,7.50706
1307,4.97466
1308,24.3245
1309,30.838
1310,25.8481
1311,9.67285
1312,6.8424
1313,5.17672
1314,43.7408
1315,1.93759
1316,47.4331
1317,19.4745
1318,20.9162
1319,36.8
1320,38.2827
1321,39.3898
1322,22.2332
1323,21.5371
1324,40.1767
1325,2.20056
1326,6.28987
1327,5.27732
1328,38.9356
1329,19.2553
1330,3.13209
1331,8.36486
1332,41.7483
1333,15.5914
1334,31.3631
1335,18.1344
1336,21.4574
1337,27.6894
1338,22.8177
1339,0.854249
1340,15.5869
1341,47.3764
1342,11.5277
1343,30.9901
1344,18.5925
1345,4.60504
1346,39.2591
1347,45.7077
1348,38.3881
1349,27.4462
1350,31.6724
1351,10.832
1352,9.82739
1353,7.79558
1354,44.4784
1355,3.9134
1356,33.5159
1357,24.8779
1358,31.5151
1359,6.84526
1360,48.0798
1361,22.0154
1362,28.1816
1363,4.26146
1364,34.3386
1365,5.49936
1366,12.8849
1367,36.9823
1368,30.4741
1369,49.2719
1370,5.27131
1371,24.2558
1372,15.1055
1373,30.052
1374,14.7273
1375,12.5809
1376,38.8394
1377,15.8224
1378,0.131263
1379,9.48772
1380,23.507
1381,8.73493
1382,2.55058
1383,42.2411
1384,29.1756
1385,3.82497
1386,80.9383
1387,42.91
1388,52.1603
1389,8.1323
1390,13.6287
1391,1.94133
1392,16.9368
1393,40.677
1394,10.0745
1395,9.74393
1396,1.81065
1397,17.1175
1398,21.3901
1399,43.7137
1400,22.6293
1401,28.38
1402,17.1293
1403,7.84181
1404,24.4256
1405,14.6228
1406,13.8933
1407,30.9087
1408,36.2783
1409,13.9244
1410,36.905
1411,10.6645
1412,16.7328
1413,11.4192
1414,0
1415,27.8314
1416,49.051
1417,30.7671
1418,1.39769
1419,47.3507
1420,3.27501
1421,20.211
1422,21.0175
1423,3.72928
1424,24.5278
1425,8.23221
1426,9.37557
1427,12.6734
1428,4.16336
1429,36.3246
1430,13.2318
1431,24.9119
1432,15.9407
1433,37.5917
1434,25.427
1435,0.242352
1436,28.0283
1437,53.3921
1438,16.1038
1439,29.685
1440,27.5265
1441,34.1187
1442,12.2043
1443,38.032
1444,19.6811
1445,39.4437
1446,30.0603
1447,27.5695
1448,24.5963
1449,29.7514
1450,6.21941
1451,0
1452,20.4964
1453,8.1372
1454,23.8653
1455,2.71057
1456,15.54
1457,21.2824
1458,28.4364
1459,2.28047
1460,53.3014
1461,42.4028
1462,26.6445
1463,1.23617
1464,8.74102
1465,28.73
1466,23.68
1467,23.019
1468,24.0158
1469,8.66289
1470,16.6632
1471,16.4426
1472,3.19737
1473,3.2668
1474,0
1475,14.0633
1476,18.7675
1477,19.6041
1478,15.1029
1479,5.56895
1480,19.0974
1481,36.6407
1482,5.8067
1483,17.9974
1484,29.916
1485,41.2533
1486,18.1525
1487,6.60713
1488,18.7796
1489,20.3271
1490,14.5536
1491,36.0512
1492,13.8728
1493,4.6513
1494,13.6299
1495,17.3343
1496,14.9344
1497,17.3463
1498,15.6288
1499,19.7539
1500,11.9167
1501,18.4863
1502,21.8328
1503,12.7664
1504,36.1083
1505,31.2373
1506,39.2611
1507,15.6755
1508,24.2623
1509,1.20578
1510,22.1242
1511,31.4204
1512,35.3258
1513,20.322
1514,25.8573
1515,15.8264
1516,13.532
1517,24.4609
1518,43.0501
1519,2.52601
1520,26.703
1521,26.9999
1522,24.0894
1523,21.0661
1524,41.5014
1525,14.5973
1526,5.97286
1527,41.4622
1528,35.8968
1529,38.9486
1530,13.4824
1531,12.6348
1532,30.1899
1533,7.31008
1534,1.2874
1535,44.0371
1536,15.8123
1537,14.6666
1538,8.84126
1539,26.8229
1540,3.77139
1541,41.0235
1542,27.1669
1543,9.59482
1544,36.0883
1545,36.3644
1546,9.92481
1547,8.76961
1548,14.5005
1549,9.45535
1550,18.3048
1551,30.5349
1552,18.4045
1553,37.0692
1554,0.360394
1555,35.3114
1556,66.6915
1557,26.6106
1558,58.907
1559,0.819584
1560,8.14157
1561,12.0308
1562,26.5999
1563,28.8285
1564,23.6838
1565,18.6811
1566,14.839
1567,30.3082
1568,6.22856
1569,13.8253
1570,38.4345
1571,39.768
1572,3.6656
1573,37.9432
1574,21.8371
1575,0.898587
1576,4.32865
1577,18.3914
1578,16.3443
1579,6.52049
1580,1.59328
1581,32.8342
1582,42.1533
1583,30.1433
1584,31.2071
1585,17.1154
1586,25.1201
1587,9.57296
1588,31.3969
1589,22.9782
1590,41.0611
1591,19.6028
1592,37.9318
1593,32.3862
1594,7.25727
1595,44.8968
1596,23.0577
1597,13.8578
1598,14.0463
1599,3.78645
1600,7.02927
1601,34.6485
1602,21.3896
1603,17.4453
1604,9.8429
1605,23.5938
1606,14.2125
1607,19.4316
1608,14.1588
1609,18.7164
1610,11.3977
1611,33.3329
1612,34.4927
1613,36.2916
1614,20.6269
1615,9.51233
1616,36.9733
1617,13.2887
1618,22.4658
1619,18.844
1620,17.359
1621,17.0294
1622,17.0198
1623,13.098
1624,16.974
1625,34.0141
1626,38.8036
1627,26.6322
1628,17.4887
1629,26.8987
1630,20.8558
1631,27.3921
1632,8.5886
1633,18.0838
1634,10.5915
1635,12.9562
1636,8.6232
1637,30.9663
1638,14.7036
1639,3.73815
1640,37.4717
1641,32.6427
1642,32.5194
1643,51.5155
1644,8.77143
1645,28.8616
1646,12.7792
1647,24.6603
1648,6.06713
1649,33.9102
1650,8.2161
1651,6.44927
1652,24.1539
1653,17.7944
1654,5.29145
1655,44.5678
1656,17.806
1657,4.22856
1658,2.40783
1659,32.0475
1660,25.2509
1661,17.7847
1662,1.49907
1663,3.99687
1664,2.36007
1665,29.7099
1666,3.13978
1667,27.3508
1668,30.8851
1669,21.3593
1670,5.30816
1671,36.1463
1672,1.33004
1673,22.2012
1674,1.79106
1675,0.807495
1676,1.90035
1677,47.8912
1678,26.245
1679,9.34133
1680,2.45126
1681,0.314648
1682,0.501108
1683,8.74748
1684,37.9915
1685,10.2822
1686,13.5426
1687,23.793
1688,14.2057
1689,27.7205
1690,4.5424
1691,4.16159
1692,35.5646
1693,6.30746
1694,44.8277
1695,55.8774
1696,24.6365
1697,7.3211
1698,14.7929
1699,23.9971
1700,12.6446
1701,2.3868
1702,43.1238
1703,31.739
1704,53.3448
1705,31.9793
1706,17.5448
1707,0.310796
1708,30.5138
1709,45.919
1710,7.58573
1711,22.9873
1712,24.8366
1713,14.7789
1714,56.6179
1715,26.2623
1716,22.3999
1717,14.9342
1718,6.17921
1719,30.5495
1720,15.3344
1721,45.0559
1722,19.5145
1723,23.0667
1724,35.2987
1725,2.48322
1726,22.5256
1727,12.087
1728,11.9933
1729,10.1157
1730,28.8501
1731,1.2099
1732,21.0888
1733,29.6199
1734,2.8989
1735,0.865652
1736,28.7037
1737,6.17789
1738,22.4537
1739,21.4217
1740,43.3191
1741,45.0972
1742,10.9152
1743,33.5425
1744,44.464
1745,36.4454
1746,24.7541
1747,6.36272
1748,10.4958
1749,21.2421
1750,7.6251
1751,34.1874
1752,22.5746
1753,9.39443
1754,3.30851
1755,26.7969
1756,8.11683
1757,27.8961
1758,8.17224
1759,0
1760,10.3352
1761,16.235
1762,1.53516
1763,23.3176
1764,34.1983
1765,3.14907
1766,6.08922
1767,11.3061
1768,16.6536
1769,9.3723
1770,21.1324
1771,4.40018
1772,25.3493
1773,14.2622
1774,32.1937
1775,9.95326
1776,11.5582
1777,13.3527
1778,34.9608
1779,30.7556
1780,38.7513
1781,5.30437
1782,14.6232
1783,28.1182
1784,30.9332
1785,28.0266
1786,0.938222
1787,24.03
1788,26.589
1789,29.0354
1790,14.9146
1791,12.1048
1792,20.9289
1793,28.8676
1794,18.9758
1795,15.347
1796,14.6344
1797,4.29139
1798,29.229
1799,2.27852
1800,7.3807
1801,20.9329
1802,7.57766
1803,1.72327
1804,6.20606
1805,10.5808
1806,10.2861
1807,20.4462
1808,22.8943
1809,46.3621
1810,3.936
1811,18.779
1812,35.2638
1813,15.8277
1814,9.10983
1815,23.463
1816,4.27513
1817,18.9396
1818,57.27
1819,24.3664
1820,15.3538
1821,35.2591
1822,33.5387
1823,1.88765
1824,0.588578
1825,19.5142
1826,8.04391
1827,33.267
1828,34.9626
1829,17.44
1830,21.9449
1831,5.79401
1832,16.7684
1833,18.2606
1834,32.927
1835,3.4805
1836,20.6098
1837,1.62394
1838,14.1879
1839,34.2317
1840,43.7839
1841,22.9649
1842,14.5738
1843,0.978886
1844,9.21648
1845,36.2884
1846,24.5384
1847,19.2668
1848,11.8224
1849,17.8159
1850,10.3997
1851,15.962
1852,18.5477
1853,35.2269
1854,8.46376
1855,31.41
1856,18.082
1857,17.1181
1858,1.55696
1859,12.8594
1860,46.6168
1861,33.7845
1862,13.7847
1863,13.1577
1864,36.3345
1865,22.4891
1866,38.0392
1867,24.4977
1868,44.1758
1869,15.4193
1870,8.56585
1871,18.0396
1872,26.4052
1873,15.155
1874,29.8217
1875,8.00003
1876,20.1546
1877,5.29664
1878,14.8107
1879,55.9506
1880,5.10505
1881,14.0492
1882,16.7539
1883,20.8849
1884,16.1288
1885,19.2398
1886,27.632
1887,40.5241
1888,25.2739
1889,33.5062
1890,38.2585
1891,10.6588
1892,9.5937
1893,8.85876
1894,35.5613
1895,17.5928
1896,27.1054
1897,10.1027
1898,6.05222
1899,36.571
1900,6.90409
1901,12.4943
1902,20.6396
1903,1.7306
1904,33.8934
1905,27.358
1906,42.0972
1907,26.3151
1908,24.5009
1909,13.8696
1910,18.6151
1911,24.0204
1912,39.7211
1913,22.6605
1914,36.681
1915,12.9312
1916,48.6562
1917,32.5484
1918,19.6858
1919,8.018
1920,31.8042
1921,9.49229
1922,18.2762
1923,6.86076
1924,23.3522
1925,37.7941
1926,25.0055
1927,20.3837
1928,25.6345
1929,21.7854
1930,9.51533
1931,10.6084
1932,22.9857
1933,18.7796
1934,10.2527
1935,6.45308
1936,28.4925
1937,35.7546
1938,38.5639
1939,5.27883
1940,12.1402
1941,11.3061
1942,43.7101
1943,42.4396
1944,31.8532
1945,35.5107
1946,44.1172
1947,31.9354
1948,42.1073
1949,34.9548
1950,3.81473
1951,2.44553
1952,43.0452
1953,17.1421
1954,0.0156127
1955,16.2722
1956,32.8246
1957,9.92639
1958,28.9949
1959,20.5709
1960,32.4675
1961,13.4907
1962,49.9406
1963,36.9002
1964,15.179
1965,56.9307
1966,42.9581
1967,35.3047
1968,32.9029
1969,21.344
1970,27.0061
1971,8.80568
1972,20.7295
1973,14.7388
1974,5.9665
1975,17.0972
1976,27.7067
1977,36.1038
1978,25.4376
1979,31.6797
1980,16.5802
1981,13.7392
1982,38.1242
1983,18.0111
1984,26.7977
1985,0.669622
1986,10.9787
1987,31.6828
1988,20.0744
1989,34.9097
1990,1.08623
1991,34.985
1992,13.4313
1993,2.10507
1994,22.1414
1995,22.2987
1996,8.95649
1997,16.7677
1998,11.6014
1999,45.6545
2000,5.1035
2001,25.0703
2002,3.39156
2003,7.61769
2004,3.90834
2005,23.4744
2006,15.3442
2007,51.6501
2008,7.38774
2009,32.8667
2010,33.1547
2011,26.5852
2012,25.2989
2013,38.3251
2014,3.12924
2015,12.9665
2016,21.039
2017,29.3012
2018,38.001
2019,28.78
2020,47.6569
2021,29.6069
2022,12.2884
2023,2.99117
2024,26.4978
2025,3.5356
2026,6.57188
2027,6.33052
2028,2.38867
2029,15.742
2030,1.23799
2031,10.8886
2032,16.9435
2033,2.15645
2034,19.5823
2035,50.249
2036,35.4619
2037,18.2802
2038,17.5194
2039,21.0578
2040,4.74757
2041,42.2313
2042,29.54
2043,5.25556
2044,48.9522
2045,6.60743
2046,13.6261
2047,4.43496
2048,43.3975
2049,32.6903
2050,19.1326
2051,36.9251
2052,9.19086
2053,30.2232
2054,31.9697
2055,44.4205
2056,2.82906
2057,39.8493
2058,50.2308
2059,4.99483
2060,42.088
2061,5.2812
2062,38.4082
2063,27.259
2064,2.98453
2065,21.1872
2066,4.04909
2067,43.2128
2068,1.68435
2069,26.4591
2070,38.845
2071,38.9424
2072,45.389
2073,7.49045
2074,30.9035
2075,22.6141
2076,28.4274
2077,13.4221
2078,0.493374
2079,52.1658
2080,24.2813
2081,11.6853
2082,24.367
2083,16.6345
2084,14.78
2085,34.7402
2086,4.15674
2087,27.8896
2088,11.2517
2089,11.4518
2090,8.84832
2091,25.9575
2092,9.7602
2093,44.341
2094,26.7501
2095,18.888
2096,45.5672
2097,16.0042
2098,42.9727
2099,43.3772
2100,3.94575
2101,31.4096
2102,18.5533
2103,40.9042
2104,50.1201
2105,46.8784
2106,9.4023
2107,11.5012
2108,40.9158
2109,3.44116
2110,8.48899
2111,38.0833
2112,17.378
2113,29.5736
2114,35.1906
2115,15.1506
2116,16.1737
2117,29.6748
2118,8.81514
2119,25.0651
2120,5.51255
2121,1.77813
2122,45.7157
2123,29.311
2124,31.8917
2125,6.43807
2126,12.9679
2127,11.8388
2128,19.9826
2129,3.80307
2130,30.9345
2131,0.453273
2132,17.1163
2133,20.2874
2134,10.6513
2135,27.563
2136,5.0665
2137,72.4173
2138,43.9203
2139,38.4609
2140,28.0475
2141,31.2728
2142,3.19538
2143,25.2738
2144,11.6129
2145,20.6341
2146,13.6961
2147,22.6903
2148,23.3949
2149,9.81294
2150,6.58485
2151,46.8458
2152,12.7346
2153,21.2753
2154,8.53692
2155,4.39533
2156,39.6092
2157,59.7192
2158,16.1729
2159,41.2016
2160,2.09689
2161,1.94016
2162,7.82104
2163,17.6437
2164,14.5939
2165,4.07681
2166,15.3408
2167,8.38347
2168,3.76677
2169,36.1923
2170,50.0518
2171,0
2172,27.0482
2173,29.7176
2174,0.856612
2175,23.6879
2176,10.7722
2177,5.19578
2178,27.9138
2179,40.7621
2180,9.22457
2181,11.7847
2182,9.23906
2183,7.48382
2184,21.112
2185,5.44404
2186,19.8323
2187,8.61084
2188,38.7699
2189,10.9019
2190,32.1958
2191,26.3501
2192,22.2861
2193,6.46199
2194,1.12632
2195,28.9683
2196,43.1415
2197,14.8534
2198,14.1889
2199,2.88355
2200,29.4691
2201,29.1171
2202,8.15773
2203,0
2204,3.46731
2205,34.5458
2206,43.8165
2207,5.86125
2208,39.389
2209,51.4722
2210,1.39285
2211,15.8786
2212,18.4489
2213,5.5792
2214,9.81301
2215,24.6849
2216,9.27113
2217,30.618
2218,35.9999
2219,26.2019
2220,17.4973
2221,14.3457
2222,23.0772
2223,41.6647
2224,30.4997
2225,4.43815
2226,42.6494
2227,9.33514
2228,3.93399
2229,20.2606
2230,15.6759
2231,18.9803
2232,9.20388
2233,6.46544
2234,16.1848
2235,43.4305
2236,3.04185
2237,39.4068
2238,33.5227
2239,13.3708
2240,3.42313
2241,31.6294
2242,16.67
2243,28.712
2244,41.1378
2245,35.9179
2246,13.3107
2247,7.26791
2248,1.16663
2249,22.4512
2250,4.81924
2251,23.0834
2252,6.40568
2253,20.4235
2254,14.4277
2255,27.0431
2256,8.14804
2257,0
2258,9.80569
2259,6.96494
2260,2.08515
2261,11.4782
2262,37.0492
2263,8.07367
2264,32.014
2265,30.1022
2266,1.41345
2267,18.8595
2268,11.0055
2269,41.4116
2270,7.43575
2271,22.8904
2272,18.1801
2273,4.51637
2274,8.41021
2275,30.0171
2276,15.2236
2277,24.6881
2278,14.2706
2279,8.43904
2280,15.7419
2281,33.65
2282,3.7102
2283,4.66587
2284,20.6809
2285,10.8601
2286,4.71057
2287,9.48749
2288,14.6228
2289,2.60587
2290,11.4667
2291,3.26434
2292,40.2526
2293,18.9253
2294,20.8786
2295,2.45508
2296,32.9749
2297,22.597
2298,15.1222
2299,51.4718
2300,9.0769
2301,23.7934
2302,15.6369
2303,23.5485
2304,28.8265
2305,50.5052
2306,27.9581
2307,12.9788
2308,0.323521
2309,6.16897
2310,11.116
2311,59.1173
2312,19.219
2313,16.0218
2314,13.9031
2315,18.094
2316,26.3757
2317,31.6738
2318,24.7975
2319,4.81605
2320,21.9893
2321,22.3353
2322,34.8251
2323,45.0319
2324,16.9908
2325,16.8294
2326,32.1875
2327,14.1159
2328,4.71547
2329,6.47522
2330,2.7391
2331,0.903605
2332,14.3975
2333,20.3607
2334,8.55701
2335,25.9042
2336,35.5366
2337,42.3414
2338,48.5212
2339,17.4542
2340,25.7203
2341,19.3017
2342,20.0812
2343,14.5697
2344,35.2877
2345,11.7232
2346,21.386
2347,19.3666
2348,42.8178
2349,23.7642
2350,8.29156
2351,28.5568
2352,10.9284
2353,29.3662
2354,33.7084
2355,23.7153
2356,22.7212
2357,39.8087
2358,21.2029
2359,16.4374
2360,30.2
2361,0.507065
2362,14.8003
2363,26.4794
2364,26.5023
2365,26.2901
2366,31.9515
2367,6.7142
2368,12.4113
2369,18.0516
2370,26.0924
2371,34.7943
2372,2.20454
2373,14.0509
2374,21.6523
2375,20.9339
2376,20.1183
2377,0.587391
2378,27.5762
2379,36.9444
2380,10.1118
2381,7.35498
2382,12.689
2383,6.94391
2384,18.0196
2385,15.1612
2386,14.1403
2387,41.5829
2388,39.4137
2389,25.8924
2390,12.5303
2391,2.34271
2392,34.5465
2393,29.1995
2394,17.6578
2395,17.8749
2396,14.3915
2397,18.5272
2398,28.3784
2399,3.31559
2400,2.82694
2401,21.9899
2402,20.2507
2403,10.909
2404,26.9553
2405,3.21073
2406,31.6082
2407,8.66625
2408,7.57044
2409,43.9962
2410,27.3637
2411,4.9274
2412,31.8154
2413,10.9798
2414,1.01827
2415,31.7062
2416,27.662
2417,7.2764
2418,25.6318
2419,9.34141
2420,25.4958
2421,2.34465
2422,47.8875
2423,19.9703
2424,24.9179
2425,22.1681
2426,21.7256
2427,34.5575
2428,43.3475
2429,21.5969
2430,17.2135
2431,2.11198
2432,8.33004
2433,8.24044
2434,13.9592
2435,24.672
2436,18.304
2437,5.28616
2438,2.04481
2439,1.16246
2440,14.0993
2441,29.9917
2442,9.1103
2443,1.13834
2444,29.8669
2445,1.67092
2446,10.715
2447,17.7709
2448,29.2871
2449,2.82553
2450,35.2378
2451,23.7035
2452,30.7019
2453,4.23327
2454,37.0606
2455,31.0879
2456,34.7732
2457,16.7839
2458,45.8224
2459,42.1505
2460,25.7939
2461,17.5648
2462,13.0127
2463,40.5834
2464,59.0925
2465,28.2064
2466,8.78629
2467,4.02041
2468,4.51378
2469,1.50663
2470,0.529594
2471,15.5842
2472,40.6607
2473,14.0204
2474,37.5078
2475,1.49768
2476,15.0739
2477,10.698
2478,41.1645
2479,46.9984
2480,15.2539
2481,35.0291
2482,18.7743
2483,11.5387
2484,47.2897
2485,0.729255
2486,36.4335
2487,36.7866
2488,34.7933
2489,37.4958
2490,19.5421
2491,9.32103
2492,19.198
2493,23.4032
2494,7.92248
2495,9.85099
2496,2.14003
2497,21.0698
2498,0.976426
2499,15.4571
2500,28.7751
2501,8.36755
2502,40.2092
2503,66.8245
2504,8.32376
2505,23.0409
2506,2.45061
2507,1.82238
2508,46.7427
2509,2.05012
2510,18.5169
2511,24.9563
2512,15.1388
2513,21.4451
2514,31.0257
2515,7.84092
2516,12.2289
2517,29.9017
2518,51.5774
2519,21.9216
2520,28.0129
2521,10.4819
2522,19.1193
2523,14.5846
2524,31.328
2525,2.14124
2526,16.2398
2527,24.6628
2528,22.5085
2529,7.03954
2530,24.2118
2531,6.26696
2532,34.1584
2533,23.457
2534,24.7124
2535,36.8647
2536,14.771
2537,0
2538,9.06141
2539,20.7842
2540,20.2945
2541,40.374
2542,1.99072
2543,13.0262
2544,10.8315
2545,20.0677
2546,25.7918
2547,22.6668
2548,3.15046
2549,19.123
2550,62.5626
2551,0.122749
2552,17.3404
2553,55.648
2554,23.2474
2555,0.77192
2556,5.36333
2557,29.3927
2558,9.5618
2559,25.6785
2560,8.91131
2561,37.2517
2562,3.16078
2563,57.0338
2564,55.7865
2565,25.659
2566,7.59263
2567,2.88832
2568,2.98097
2569,23.3369
2570,29.6415
2571,29.7582
2572,10.3844
2573,9.50378
2574,10.9003
2575,26.7437
2576,14.9766
2577,4.1816
2578,8.43388
2579,15.6174
2580,4.60557
2581,8.97202
2582,14.6691
2583,41.333
2584,31.6493
2585,23.0562
2586,13.9373
2587,37.5728
2588,33.5829
2589,10.2574
2590,6.56265
2591,34.8729
2592,31.843
2593,8.63461
2594,8.60638
2595,24.1973
2596,27.9832
2597,17.0247
2598,32.1382
2599,48.8233
2600,29.1786
2601,3.55598
2602,27.4635
2603,0
2604,18.1461
2605,26.9838
2606,24.9066
2607,48.0032
2608,13.6444
2609,52.5749
2610,33.8021
2611,23.249
2612,15.8518
2613,24.315
2614,40.5331
2615,31.458
2616,30.1324
2617,17.0384
2618,14.9911
2619,19.8579
2620,34.4457
2621,46.9591
2622,40.4133
2623,17.7771
2624,14.5751
2625,12.8761
2626,35.365
2627,14.7283
2628,19.8686
2629,21.0026
2630,0.727829
2631,14.3387
2632,42.2717
2633,6.55126
2634,11.9695
2635,24.5075
2636,21.5802
2637,39.3383
2638,10.8508
2639,29.638
2640,3.21447
2641,21.3538
2642,34.0067
2643,33.0322
2644,29.6461
2645,6.259
2646,39.472
2647,9.43046
2648,54.3368
2649,13.646
2650,74.5202
2651,2.41896
2652,34.8131
2653,27.9129
2654,39.2256
2655,30.3072
2656,4.26154
2657,14.622
2658,52.0176
2659,4.77253
2660,0.912407
2661,23.1285
2662,0.430602
2663,12.7907
2664,12.6815
2665,43.9634
2666,27.3557
2667,21.8396
2668,20.4294
2669,1.22607
2670,23.7158
2671,10.9994
2672,7.21677
2673,8.61807
2674,32.1576
2675,2.43885
2676,18.3435
2677,26.0994
2678,22.933
2679,10.9954
2680,8.12456
2681,20.0923
2682,2.8002
2683,25.9261
2684,9.72025
2685,7.48208
2686,21.6085
2687,26.3216
2688,6.27809
2689,6.9306
2690,5.23601
2691,9.99347
2692,55.4318
2693,20.3645
2694,4.95475
2695,10.939
2696,14.803
2697,30.7182
2698,33.1094
2699,8.04777
2700,52.2965
2701,15.7489
2702,2.84419
2703,9.04675
2704,3.03438
2705,19.5092
2706,19.3315
2707,6.0914
2708,34.3819
2709,3.4045
2710,26.1249
2711,1.01003
2712,9.91302
2713,28.5744
2714,23.1906
2715,31.9083
2716,4.03602
2717,37.2609
2718,38.9852
2719,30.8008
2720,30.2969
2721,40.2101
2722,11.7764
2723,31.3676
2724,36.9904
2725,28.0687
2726,29.9331
2727,35.8958
2728,32.617
2729,31.1042
2730,34.0396
2731,2.91563
2732,15.2851
2733,3.70072
2734,16.9799
2735,3.55405
2736,2.25059
2737,8.3574
2738,14.3
2739,50.158
2740,11.9975
2741,2.31945
2742,12.707
2743,20.0683
2744,12.6363
2745,12.6438
2746,19.5051
2747,13.1257
2748,21.5998
2749,29.4551
2750,22.915
2751,10.1118
2752,19.8387
2753,10.351
2754,13.2145
2755,5.94518
2756,19.6395
2757,0.907055
2758,55.0796
2759,26.7635
2760,40.6269
2761,40.9058
2762,13.6661
2763,4.50349
2764,29.7616
2765,13.4962
2766,12.4641
2767,5.87411
2768,43.1854
2769,0.855099
2770,32.6575
2771,13.6875
2772,46.5304
2773,20.976
2774,9.34087
2775,44.4692
2776,10.0247
2777,8.64243
2778,4.97392
2779,46.3422
2780,4.00633
2781,61.4638
2782,15.7765
2783,24.5577
2784,8.16528
2785,14.4361
2786,21.3148
2787,25.3614
2788,16.186
2789,19.5606
2790,4.22907
2791,3.96156
2792,17.3145
2793,28.7652
2794,21.0784
2795,3.9665
2796,21.0129
2797,19.1379
2798,26.0659
2799,23.2806
2800,20.5219
2801,20.0882
2802,20.3231
2803,27.5784
2804,34.9147
2805,8.7826
2806,1.4313
2807,6.79533
2808,11.3083
2809,31.1607
2810,13.7037
2811,20.0211
2812,4.73382
2813,49.3794
2814,39.8891
2815,35.6865
2816,12.4783
2817,40.3519
2818,17.8758
2819,8.24591
2820,17.0811
2821,8.98098
2822,20.5073
2823,5.69004
2824,11.9897
2825,30.1362
2826,39.5881
2827,10.7371
2828,11.69
2829,28.9206
2830,23.7869
2831,0
2832,49.1356
2833,25.0846
2834,12.91
2835,53.2001
2836,21.1733
2837,25.0882
2838,5.01359
2839,27.2319
2840,34.2717
2841,30.1886
2842,16.2239
2843,32.8986
2844,14.2711
2845,4.70133
2846,2.56377
2847,29.8238
2848,8.32251
2849,16.3468
2850,6.75533
2851,27.7573
2852,33.5791
2853,2.40533
2854,0
2855,10.621
2856,12.6801
2857,36.2407
2858,36.3748
2859,16.5746
2860,17.8457
2861,17.0858
2862,3.12803
2863,30.6674
2864,0.847769
2865,31.1502
2866,33.4816
2867,22.6528
2868,19.2713
2869,16.3411
2870,11.5452
2871,4.34451
2872,18.9037
2873,20.7005
2874,20.6358
2875,4.08935
2876,5.25678
2877,29.8329
2878,2.87385
2879,26.6203
2880,20.1774
2881,30.2342
2882,16.1426
2883,8.44397
2884,31.2724
2885,21.8152
2886,13.2556
2887,13.3193
2888,15.5785
2889,49.0131
2890,7.48579
2891,7.15208
2892,4.51203
2893,29.3278
2894,12.8208
2895,15.7436
2896,0.489395
2897,36.104
2898,28.0271
2899,4.04174
2900,5.22715
2901,13.7599
2902,0.340291
2903,37.2286
2904,6.38536
2905,27.6936
2906,46.7371
2907,20.6061
2908,23.7651
2909,7.67151
2910,8.56391
2911,2.86393
2912,33.3601
2913,2.61674
2914,18.5603
2915,26.9191
2916,0.817947
2917,22.4977
2918,12.2707
2919,43.3121
2920,9.44768
2921,5.09673
2922,14.6154
2923,29.1882
2924,9.14851
2925,6.58104
2926,20.0357
2927,10.3282
2928,11.123
2929,36.4969
2930,20.0585
2931,43.4894
2932,32.1068
2933,6.6558
2934,1.03612
2935,14.131
2936,12.3139
2937,21.6395
2938,1.6011
2939,17.3661
2940,7.01172
2941,1.49656
2942,12.1276
2943,22.2636
2944,15.3409
2945,14.6977
2946,37.2348
2947,3.1578
2948,4.73228
2949,12.4939
2950,36.3645
2951,34.4989
2952,33.7823
2953,13.8491
2954,11.0772
2955,36.6698
2956,5.4171
2957,3.01484
2958,32.2577
2959,6.63325
2960,40.6917
2961,12.5036
2962,22.2465
2963,5.24
2964,11.931
2965,0.987043
2966,26.7176
2967,5.87168
2968,34.1932
2969,18.5249
2970,45.3716
2971,35.6959
2972,5.43799
2973,8.09307
2974,23.178
2975,17.9769
2976,5.7999
2977,4.65893
2978,24.9667
2979,4.44277
2980,10.8998
2981,30.6402
2982,22.5389
2983,13.5298
2984,50.0218
2985,9.2866
2986,23.6025
2987,0.242236
2988,8.25228
2989,14.6154
2990,13.8501
2991,16.6665
2992,34.4326
2993,6.36079
2994,7.90294
2995,28.6551
2996,9.12329
2997,45.6189
2998,37.2528
2999,17.7371
3000,8.35684
3001,0
3002,29.7623
3003,15.3466
3004,21.1209
3005,16.0766
3006,19.6634
3007,37.5265
3008,10.0113
3009,4.28782
3010,21.0374
3011,6.88966
3012,20.5207
3013,17.7578
3014,26.6254
3015,26.8072
3016,19.1561
3017,6.39861
3018,34.2184
3019,39.757
3020,35.3794
3021,33.4198
3022,19.9594
3023,31.813
3024,3.25302
3025,3.75957
3026,35.5725
3027,14.7328
3028,22.2471
3029,3.34884
3030,5.91387
3031,13.5443
3032,27.1693
3033,11.59
3034,8.90979
3035,16.2368
3036,29.3996
3037,6.78626
3038,28.3195
3039,42.8258
3040,30.5752
3041,20.3787
3042,32.5515
3043,3.11637
3044,5.4857
3045,20.3135
3046,28.6409
3047,26.6239
3048,2.89596
3049,17.6275
3050,10.7534
3051,1.05818
3052,44.2042
3053,29.5137
3054,21.8132
3055,26.9472
3056,14.0253
3057,34.5158
3058,43.7857
3059,31.5461
3060,28.0196
3061,1.34843
3062,23.4177
3063,6.75201
3064,26.9741
3065,13.072
3066,2.22145
3067,24.3998
3068,20.1582
3069,6.63746
3070,1.76065
3071,0.796926
3072,36.7991
3073,47.5166
3074,0.980377
3075,14.6874
3076,2.33357
3077,0
3078,10.7004
3079,15.3352
3080,0
3081,29.4841
3082,23.7747
3083,42.1178
3084,23.2592
3085,10.6313
3086,29.0225
3087,34.4443
3088,45.7164
3089,39.0833
3090,29.2827
3091,3.09306
3092,3.20229
3093,17.4325
3094,23.9742
3095,2.91916
3096,36.5781
3097,42.4751
3098,0.165435
3099,20.692
3100,11.8803
3101,47.9547
3102,19.8808
3103,42.1164
3104,32.8385
3105,19.8491
3106,7.93577
3107,14.7245
3108,14.4518
3109,17.138
3110,26.2298
3111,0.964399
3112,29.3136
3113,18.6821
3114,21.7108
3115,14.0671
3116,5.14237
3117,38.0034
3118,1.89826
3119,3.78781
3120,23.6959
3121,8.62106
3122,6.84454
3123,16.9088
3124,9.97166
3125,34.0491
3126,3.9646
3127,40.5772
3128,7.06755
3129,8.7686
3130,11.3126
3131,34.85
3132,39.8954
3133,49.1511
3134,13.5476
3135,0.649529
3136,21.0007
3137,4.03483
3138,28.9472
3139,0.633615
3140,13.8446
3141,26.3642
3142,8.78043
3143,0.610226
3144,20.3198
3145,18.9426
3146,19.7145
3147,21.576
3148,17.976
3149,26.5036
3150,33.168
3151,0.887731
3152,8.36107
3153,24.0951
3154,4.09442
3155,37.8659
3156,38.4912
3157,23.7072
3158,20.0668
3159,26.3602
3160,20.4129
3161,40.6822
3162,19.1195
3163,23.9793
3164,9.20702
3165,1.42147
3166,18.8765
3167,15.6077
3168,29.3122
3169,3.59732
3170,34.3419
3171,16.5109
3172,45.6527
3173,7.939
3174,32.4755
3175,22.8549
3176,32.2212
3177,6.24226
3178,4.95228
3179,27.5303
3180,35.1847
3181,24.2019
3182,11.6613
3183,28.9184
3184,41.819
3185,6.92074
3186,18.1471
3187,43.6837
3188,14.3606
3189,4.02928
3190,55.1157
3191,28.899
3192,12.4508
3193,17.9195
3194,21.4535
3195,25.2327
3196,29.7273
3197,20.0478
3198,51.2761
3199,1.17721
3200,34.7229
3201,32.7583
3202,2.152
3203,37.4064
3204,2.24691
3205,13.0939
3206,40.2045
3207,18.3573
3208,33.3223
3209,13.021
3210,18.1534
3211,16.8795
3212,40.4009
3213,2.59482
3214,8.02339
3215,3.30825
3216,34.1436
3217,33.6074
3218,28.2815
3219,16.8615
3220,15.151
3221,8.47226
3222,21.2041
3223,1.31465
3224,3.50326
3225,21.2264
3226,39.1831
3227,4.73334
3228,23.7962
3229,31.1426
3230,13.3845
3231,20.1354
3232,41.3127
3233,34.5978
3234,14.0409
3235,39.982
3236,3.77878
3237,43.4147
3238,15.4745
3239,35.2706
3240,21.6419
3241,20.5385
3242,50.6624
3243,41.5898
3244,11.8975
3245,18.0782
3246,6.33727
3247,19.6278
3248,18.6149
3249,10.8463
3250,19.4298
3251,0.256629
3252,10.7446
3253,22.2157
3254,16.7693
3255,12.0878
3256,19.1143
3257,15.1342
3258,2.07108
3259,16.5544
3260,17.8736
3261,2.42463
3262,20.7613
3263,44.1629
3264,23.4648
3265,33.9234
3266,4.84234
3267,26.5763
3268,22.4005
3269,17.3515
3270,27.2444
3271,52.7705
3272,1.55823
3273,23.3055
3274,48.1733
3275,8.26439
3276,41.2391
3277,3.33491
3278,36.8434
3279,20.6527
3280,7.55308
3281,35.9508
3282,42.1067
3283,8.38169
3284,19.6656
3285,26.4635
3286,24.852
3287,1.51113
3288,21.0253
3289,2.17083
3290,2.41383
3291,35.8768
3292,33.7251
3293,23.2787
3294,4.69015
3295,2.09079
3296,16.7355
3297,27.1541
3298,10.8855
3299,27.8143
3300,7.79407
3301,27.5334
3302,36.6704
3303,14.8879
3304,6.5018
3305,21.8316
3306,20.6457
3307,19.8299
3308,10.5256
3309,33.2939
3310,10.5627
3311,22.0227
3312,12.4859
3313,14.7765
3314,22.9995
3315,9.10663
3316,20.1785
3317,25.1236
3318,63.624
3319,32.6624
3320,0
3321,26.281
3322,35.0278
3323,51.4518
3324,55.9784
3325,12.0935
3326,5.24627
3327,18.7205
3328,40.3174
3329,9.1381
3330,8.66749
3331,40.5685
3332,7.48794
3333,27.8881
3334,9.39838
3335,43.3111
3336,50.278
3337,11.0747
3338,55.132
3339,13.7315
3340,9.77563
3341,10.4995
3342,20.6307
3343,38.2928
3344,29.0941
3345,27.1544
3346,18.2943
3347,22.2015
3348,4.25851
3349,26.2533
3350,28.7161
3351,37.3959
3352,7.52376
3353,21.0942
3354,45.7762
3355,19.9655
3356,2.57403
3357,21.7341
3358,47.1014
3359,39.1398
3360,18.8125
3361,7.47979
3362,36.1931
3363,4.24926
3364,3.88706
3365,9.56497
3366,17.82
3367,10.9972
3368,23.6089
3369,18.1249
3370,31.0312
3371,8.59551
3372,43.5673
3373,27.2222
3374,19.8184
3375,0.198303
3376,18.7239
3377,46.9022
3378,16.6365
3379,8.58201
3380,43.2775
3381,6.75843
3382,5.24541
3383,7.26315
3384,8.28562
3385,34.0374
3386,31.2063
3387,30.1919
3388,47.9646
3389,14.664
3390,38.638
3391,8.04054
3392,14.3376
3393,43.2476
3394,22.741
3395,21.7212
3396,7.5052
3397,30.9846
3398,14.5023
3399,37.553
3400,29.7295
3401,5.92335
3402,32.1911
3403,43.838
3404,12.7922
3405,23.6156
3406,10.4196
3407,33.5152
3408,6.07092
3409,7.55097
3410,13.8699
3411,33.6068
3412,8.86409
3413,12.4872
3414,32.4795
3415,30.9111
3416,6.85319
3417,3.92497
3418,36.9873
3419,43.1683
3420,11.2242
3421,11.4079
3422,0
3423,15.6267
3424,0
3425,11.9878
3426,46.8139
3427,16.0897
3428,40.6515
3429,6.29698
3430,13.4369
3431,8.90867
3432,16.2047
3433,10.0252
3434,30.6798
3435,21.3773
3436,40.3744
3437,34.8758
3438,3.6485
3439,1.98637
3440,45.1294
3441,10.2039
3442,0.823143
3443,5.45953
3444,31.5981
3445,34.6931
3446,12.721
3447,5.16905
3448,4.04712
3449,36.5768
3450,19.9896
3451,42.5108
3452,3.03787
3453,37.4715
3454,28.5146
3455,22.7019
3456,12.1568
3457,39.0453
3458,3.00293
3459,19.5106
3460,9.7397
3461,34.6924
3462,31.5553
3463,10.4036
3464,37.5609
3465,23.8238
3466,25.0816
3467,50.8236
3468,13.4854
3469,7.96599
3470,12.2101
3471,8.47936
3472,30.6954
3473,33.7684
3474,2.3059
3475,42.9573
3476,44.476
3477,41.4406
3478,44.8728
3479,3.21175
3480,20.6926
3481,17.0061
3482,32.945
3483,33.4815
3484,28.1162
3485,15.7236
3486,16.3685
3487,23.0071
3488,45.0163
3489,17.0468
3490,5.36526
3491,0.459103
3492,4.55896
3493,8.51642
3494,38.0667
3495,24.7575
3496,55.2859
3497,1.79395
3498,26.2624
3499,16.8374
3500,23.2846
3501,21.6007
3502,26.6873
3503,34.2056
3504,7.30403
3505,11.0775
3506,0
3507,6.97489
3508,7.77541
3509,5.71524
3510,47.5952
3511,25.2919
3512,26.6064
3513,10.8875
3514,1.65699
3515,34.5322
3516,35.5833
3517,6.36944
3518,3.44423
3519,7.25253
3520,12.8323
3521,32.6403
3522,4.47345
3523,25.235
3524,7.94308
3525,22.1446
3526,19.1444
3527,24.0979
3528,12.4763
3529,1.14024
3530,15.7808
3531,17.2519
3532,24.788
3533,13.7612
3534,20.9681
3535,17.3019
3536,27.26
3537,0
3538,29.2897
3539,34.5719
3540,2.04356
3541,9.8448
3542,9.58584
3543,32.7431
3544,21.0655
3545,23.2037
3546,8.31439
3547,7.41315
3548,37.456
3549,3.46796
3550,48.4148
3551,17.7161
3552,7.49983
3553,17.2877
3554,5.21242
3555,1.23377
3556,12.723
3557,35.7887
3558,11.5554
3559,10.674
3560,12.2392
3561,28.7504
3562,4.5824
3563,41.8677
3564,1.0471
3565,34.5299
3566,15.0334
3567,7.26437
3568,54.7993
3569,3.22544
3570,14.9341
3571,12.4102
3572,7.92742
3573,38.1492
3574,4.57498
3575,17.9158
3576,14.396
3577,26.5263
3578,11.8712
3579,16.3359
3580,15.1874
3581,39.2242
3582,20.3462
3583,2.44863
3584,10.0609
3585,26.4324
3586,8.6598
3587,18.899
3588,3.98817
3589,14.2765
3590,20.6342
3591,29.0046
3592,41.1729
3593,24.6847
3594,1.04652
3595,30.5938
3596,10.0261
3597,35.0729
3598,19.0297
3599,23.5194
3600,47.5527
3601,41.6153
3602,15.6785
3603,32.6713
3604,14.4815
3605,13.8852
3606,10.844
3607,27.3843
3608,16.5401
3609,28.3584
3610,41.0081
3611,4.86258
3612,9.75919
3613,4.97732
3614,22.3111
3615,5.31833
3616,23.058
3617,4.6622
3618,35.4347
3619,26.8278
3620,12.2081
3621,8.72635
3622,20.4391
3623,47.9278
3624,22.9082
3625,28.0933
3626,47.6498
3627,34.7945
3628,1.67197
3629,23.1436
3630,8.37558
3631,1.27286
3632,4.68984
3633,33.6489
3634,4.19689
3635,20.7156
3636,2.73682
3637,36.6951
3638,10.6336
3639,89.9252
3640,15.9443
3641,23.671
3642,21.0733
3643,36.205
3644,21.988
3645,26.5612
3646,32.0924
3647,16.8936
3648,21.5368
3649,23.8189
3650,17.6023
3651,50.5958
3652,7.0321
3653,9.83478
3654,28.0637
3655,31.4161
3656,34.7326
3657,29.5648
3658,11.193
3659,23.8381
3660,39.2481
3661,28.7494
3662,3.66034
3663,0.787533
3664,1.18062
3665,15.9562
3666,31.3053
3667,27.0777
3668,12.4041
3669,18.6734
3670,15.6434
3671,2.25307
3672,33.2227
3673,25.7958
3674,19.6664
3675,17.6605
3676,24.6091
3677,2.13623
3678,5.28584
3679,19.9389
3680,42.7311
3681,10.9393
3682,39.2536
3683,38.8979
3684,14.4492
3685,11.5126
3686,17.1218
3687,9.1012
3688,6.83012
3689,14.9478
3690,12.3967
3691,28.9059
3692,34.4441
3693,6.03601
3694,28.1429
3695,11.9504
3696,13.7057
3697,27.7258
3698,2.17967
3699,3.63637
3700,12.7235
3701,22.5783
3702,32.6611
3703,17.1716
3704,9.62388
3705,3.3913
3706,22.0574
3707,5.03003
3708,9.88824
3709,17.5559
3710,5.12225
3711,41.8197
3712,11.4975
3713,42.811
3714,6.74191
3715,24.9544
3716,43.9564
3717,3.78418
3718,21.9465
3719,21.416
3720,10.6934
3721,37.4911
3722,21.4909
3723,29.5196
3724,9.31019
3725,16.1768
3726,44.9143
3727,13.7545
3728,63.5108
3729,20.5796
3730,26.4301
3731,26.3233
3732,17.0941
3733,10.3005
3734,28.8284
3735,0
3736,6.64632
3737,8.28033
3738,5.80368
3739,0.626219
3740,8.24461
3741,26.0054
3742,35.07
3743,40.5424
3744,17.9866
3745,13.9591
3746,25.9641
3747,4.17789
3748,28.1009
3749,3.39333
3750,0.406407
3751,10.9705
3752,43.2812
3753,1.41057
3754,14.8494
3755,5.11938
3756,9.74667
3757,37.4774
3758,16.688
3759,33.9368
3760,24.3785
3761,47.5661
3762,13.7356
3763,37.8544
3764,9.88097
3765,20.8916
3766,19.3202
3767,26.6001
3768,7.03051
3769,2.2909
3770,24.7679
3771,4.59793
3772,0
3773,29.7093
3774,46.4272
3775,21.0566
3776,36.9549
3777,8.40438
3778,8.20625
3779,2.31974
3780,18.3651
3781,6.04152
3782,20.5803
3783,7.38312
3784,8.5839
3785,34.0358
3786,5.52365
3787,12.3633
3788,15.1818
3789,48.3477
3790,18.8092
3791,1.33099
3792,11.3848
3793,3.58109
3794,5.90558
3795,9.59716
3796,19.7523
3797,10.2591
3798,25.7788
3799,12.7595
3800,24.3294
3801,8.08363
3802,43.6952
3803,30.5523
3804,25.4912
3805,17.9392
3806,13.9359
3807,34.983
3808,23.7209
3809,15.8995
3810,12.4385
3811,29.1774
3812,10.5616
3813,22.3469
3814,11.8404
3815,27.1833
3816,27.0617
3817,15.1206
3818,37.5301
3819,2.27831
3820,12.6365
3821,14.4802
3822,24.6066
3823,20.8376
3824,1.27032
3825,21.0827
3826,11.1062
3827,45.3735
3828,8.16456
3829,33.0957
3830,1.77599
3831,26.4372
3832,19.2711
3833,10.4125
3834,17.2945
3835,5.93498
3836,33.1889
3837,20.0572
3838,15.3792
3839,28.7779
3840,14.7522
3841,16.59
3842,16.9538
3843,56.4792
3844,35.1124
3845,34.3552
3846,19.7721
3847,9.40743
3848,19.6642
3849,27.6662
3850,44.3491
3851,20.37
3852,3.13032
3853,11.8201
3854,21.1769
3855,31.4485
3856,35.2726
3857,46.8244
3858,22.3801
3859,32.3078
3860,24.503
3861,17.4257
3862,33.7498
3863,13.8281
3864,2.12058
3865,18.2465
3866,10.4517
3867,31.2806
3868,32.9953
3869,28.4867
3870,59.8982
3871,20.5164
3872,30.5785
3873,1.07585
3874,20.7428
3875,8.98583
3876,27.3804
3877,22.4844
3878,40.0907
3879,31.2977
3880,38.7999
3881,6.90237
3882,26.7503
3883,23.9727
3884,26.3477
3885,28.749
3886,48.5577
3887,26.0018
3888,11.9737
3889,21.7098
3890,23.4172
3891,10.9664
3892,35.2492
3893,37.9756
3894,4.35037
3895,36.2876
3896,12.3749
3897,41.5357
3898,25.044
3899,27.3527
3900,32.4755
3901,39.3848
3902,13.7657
3903,34.639
3904,11.0865
3905,7.55997
3906,32.1692
3907,0
3908,12.1182
3909,27.3115
3910,17.1946
3911,55.144
3912,44.78
3913,12.9588
3914,3.12719
3915,11.9123
3916,10.4673
3917,3.32282
3918,12.035
3919,24.8971
3920,23.5501
3921,20.341
3922,39.9709
3923,26.0513
3924,11.4113
3925,29.8178
3926,4.86921
3927,33.7476
3928,1.81849
3929,36.8694
3930,7.7613
3931,10.0209
3932,18.8665
3933,4.54605
3934,3.8474
3935,26.3542
3936,26.7841
3937,11.8651
3938,17.094
3939,29.8114
3940,34.4848
3941,1.23243
3942,38.2341
3943,33.4775
3944,17.2789
3945,30.4741
3946,31.2298
3947,26.7426
3948,21.2703
3949,1.46521
3950,10.9218
3951,31.7592
3952,30.6313
3953,25.4339
3954,61.1187
3955,9.03373
3956,29.0055
3957,0.958179
3958,28.5457
3959,20.2091
3960,14.2728
3961,31.9204
3962,33.8651
3963,27.3388
3964,21.336
3965,17.1659
3966,18.3508
3967,43.3322
3968,12.2223
3969,36.061
3970,10.4225
3971,1.89797
3972,12.5342
3973,14.5812
3974,34.2831
3975,51.7485
3976,13.3975
3977,21.3404
3978,8.31103
3979,7.74402
3980,25.8308
3981,28.6988
3982,25.0811
3983,20.001
3984,4.64271
3985,30.6495
3986,20.4391
3987,56.348
3988,26.2921
3989,19.4849
3990,23.3633
3991,24.4047
3992,9.40293
3993,27.6854
3994,5.68484
3995,13.2862
3996,24.0462
3997,1.87428
3998,16.9996
3999,10.0499
4000,31.8719
4001,4.70932
4002,33.2245
4003,7.10173
4004,1.42545
4005,31.9109
4006,5.07212
4007,41.7919
4008,36.2679
4009,12.3711
4010,12.6592
4011,27.5307
4012,28.1722
4013,18.896
4014,14.4825
4015,25.2764
4016,27.7334
4017,37.4261
4018,15.212
4019,40.1688
4020,27.5712
4021,27.4501
4022,33.8
4023,31.6851
4024,29.0919
4025,19.9758
4026,4.84074
4027,30.6158
4028,46.4174
4029,44.1463
4030,47.0268
4031,37.1379
4032,11.2173
4033,33.2078
4034,16.7376
4035,25.9333
4036,10.8107
4037,4.41905
4038,25.9577
4039,22.4147
4040,25.7349
4041,2.34813
4042,39.579
4043,18.8382
4044,1.68803
4045,9.27292
4046,19.381
4047,43.1831
4048,20.5544
4049,21.996
4050,6.57316
4051,14.0412
4052,36.8397
4053,25.1502
4054,26.0131
4055,33.0328
4056,21.0394
4057,16.3806
4058,40.1006
4059,3.07099
4060,3.97219
4061,9.93057
4062,10.567
4063,20.7573
4064,13.3822
4065,40.6844
4066,22.7606
4067,5.80768
4068,8.38406
4069,16.0855
4070,28.0611
4071,7.11452
4072,16.3593
4073,18.4259
4074,31.8536
4075,46.178
4076,6.28886
4077,9.94218
4078,9.44362
4079,19.3679
4080,28.5845
4081,2.65667
4082,24.8261
4083,2.62791
4084,42.3523
4085,42.0195
4086,8.41041
4087,27.0875
4088,37.3159
4089,37.0922
4090,20.7451
4091,1.03948
4092,11.0192
4093,19.1308
4094,2.0763
4095,17.7954
4096,0.899409
4097,28.3875
4098,12.6952
4099,12.8513
4100,31.2676
4101,28.2022
4102,51.3662
4103,5.43777
4104,36.4027
4105,33.6743
4106,27.1178
4107,3.71583
4108,23.8188
4109,9.36526
4110,45.5858
4111,22.3388
4112,7.18983
4113,11.1561
4114,37.671
4115,44.6218
4116,3.33819
4117,5.45132
4118,17.7237
4119,1.32314
4120,15.5066
4121,5.8567
4122,7.89952
4123,39.8615
4124,3.55785
4125,20.6636
4126,16.0315
4127,38.5713
4128,47.0845
4129,39.3257
4130,16.9428
4131,1.88416
4132,21.1854
4133,16.6028
4134,42.1571
4135,21.2532
4136,6.77796
4137,29.6717
4138,19.7472
4139,10.7234
4140,21.1655
4141,19.4957
4142,10.6614
4143,9.17662
4144,6.46699
4145,14.7432
4146,0.664393
4147,1.33433
4148,22.245
4149,9.73136
4150,43.6931
4151,9.86315
4152,30.7654
4153,4.34124
4154,14.3781
4155,38.9131
4156,7.27659
4157,30.5594
4158,24.5904
4159,13.9455
4160,24.7584
4161,7.11004
4162,28.9953
4163,47.5989
4164,23.3489
4165,5.1346
4166,8.21511
4167,19.8844
4168,15.3955
4169,10.5756
4170,1.9801
4171,37.2913
4172,27.5168
4173,14.4903
4174,14.0834
4175,56.0363
4176,3.47899
4177,12.8552
4178,19.1339
4179,25.7943
4180,21.8557
4181,21.0659
4182,28.0631
4183,16.5638
4184,8.14268
4185,3.46642
4186,7.46039
4187,16.7222
4188,13.4832
4189,31.5286
4190,34.0926
4191,21.9366
4192,21.6479
4193,13.7928
4194,30.9973
4195,18.1827
4196,26.1476
4197,15.8953
4198,4.80666
4199,19.4737
4200,16.4947
4201,22.3763
4202,31.8706
4203,22.996
4204,24.5798
4205,7.59508
4206,7.89709
4207,23.1738
4208,13.7817
4209,43.854
4210,38.1223
4211,23.5203
4212,43.2981
4213,1.14069
4214,30.3385
4215,26.09
4216,20.4843
4217,1.68512
4218,0.222876
4219,7.32577
4220,4.03802
4221,46.4032
4222,2.4998
4223,28.1164
4224,8.45725
4225,10.2212
4226,23.8577
4227,40.174
4228,1.96162
4229,31.1706
4230,32.2341
4231,1.83808
4232,12.3508
4233,27.3407
4234,3.72571
4235,1.73187
4236,0.0777275
4237,57.103
4238,14.6943
4239,29.3766
4240,7.25549
4241,25.5998
4242,33.7815
4243,15.8805
4244,12.3719
4245,1.68326
4246,9.56461
4247,15.2381
4248,7.67637
4249,2.53931
4250,35.8384
4251,17.0764
4252,39.5825
4253,25.3667
4254,1.09155
4255,18.7965
4256,5.61873
4257,14.6066
4258,7.85165
4259,29.3444
4260,62.1024
4261,5.02365
4262,44.0574
4263,40.5814
4264,33.467
4265,33.4484
4266,45.7964
4267,54.1782
4268,17.1372
4269,24.3144
4270,8.85038
4271,36.68
4272,15.1348
4273,12.0453
4274,26.4428
4275,1.13086
4276,58.0774
4277,20.3903
4278,7.40981
4279,10.3887
4280,22.673
4281,12.2174
4282,4.82176
4283,24.3235
4284,5.57802
4285,43.1561
4286,19.3321
4287,13.2049
4288,48.9659
4289,14.9833
4290,23.161
4291,46.8574
4292,35.8945
4293,7.83384
4294,35.1268
4295,7.26111
4296,17.9618
4297,6.9271
4298,26.6208
4299,7.00955
4300,0.939921
4301,2.06192
4302,13.2068
4303,21.558
4304,13.2233
4305,14.766
4306,12.8346
4307,31.9793
4308,3.03874
4309,7.27217
4310,33.3883
4311,14.2536
4312,1.93927
4313,21.1934
4314,5.10971
4315,26.8589
4316,9.20332
4317,22.8953
4318,11.7836
4319,3.71969
4320,14.9746
4321,9.3444
4322,34.3674
4323,7.71453
4324,5.02947
4325,34.5608
4326,15.1758
4327,34.9327
4328,45.9545
4329,11.2498
4330,35.1187
4331,5.4477
4332,14.4525
4333,5.81859
4334,16.4835
4335,35.498
4336,13.7421
4337,9.6285
4338,9.49885
4339,33.7655
4340,11.7486
4341,14.3851
4342,26.3629
4343,10.1894
4344,31.3137
4345,26.22
4346,30.1512
4347,13.8489
4348,4.50778
4349,5.94253
4350,9.73333
4351,4.05152
4352,42.4621
4353,12.5408
4354,45.8946
4355,16.14
4356,30.9163
4357,5.08777
4358,47.7849
4359,16.0338
4360,47.2517
4361,24.8523
4362,11.7491
4363,2.32168
4364,12.2013
4365,2.64063
4366,26.2142
4367,16.4818
4368,32.977
4369,15.4679
4370,1.88332
4371,18.7119
4372,8.29661
4373,35.5909
4374,2.40273
4375,8.07477
4376,41.3225
4377,10.6777
4378,26.6818
4379,18.5826
4380,2.8182
4381,42.5426
4382,7.76871
4383,9.50433
4384,3.92937
4385,19.9399
4386,2.55239
4387,5.84703
4388,40.2707
4389,21.8492
4390,24.279
4391,36.1585
4392,20.4674
4393,32.0249
4394,42.7839
4395,33.8054
4396,24.9248
4397,27.2052
4398,9.68845
4399,18.3017
4400,38.614
4401,15.3706
4402,13.5207
4403,16.7888
4404,13.2825
4405,14.0769
4406,16.2056
4407,5.53961
4408,25.1885
4409,23.0201
4410,24.7178
4411,11.0392
4412,31.235
4413,10.1001
4414,13.5656
4415,9.04786
4416,8.06367
4417,32.2394
4418,26.9263
4419,4.57285
4420,11.6317
4421,42.3133
4422,2.30111
4423,24.4849
4424,12.5066
4425,5.2658
4426,27.6778
4427,31.4766
4428,23.4314
4429,23.8327
4430,7.43971
4431,16.9024
4432,0.469284
4433,28.1301
4434,5.6507
4435,14.5093
4436,24.99
4437,50.8215
4438,9.81089
4439,7.77972
4440,33.4767
4441,6.02747
4442,5.57106
4443,9.27141
4444,18.6126
4445,13.4253
4446,3.68365
4447,23.8434
4448,32.6399
4449,15.478
4450,43.7373
4451,10.5898
4452,1.94128
4453,40.0577
4454,31.937
4455,21.8589
4456,0.264
4457,16.5755
4458,23.2563
4459,30.6483
4460,18.1231
4461,6.13295
4462,7.40965
4463,27.6637
4464,40.8567
4465,34.8595
4466,34.7462
4467,30.6675
4468,22.6837
4469,35.3668
4470,55.6407
4471,25.8386
4472,2.32756
4473,20.4183
4474,41.8781
4475,6.12302
4476,16.899
4477,26.4917
4478,23.6318
4479,20.1723
4480,32.0627
4481,17.3151
4482,25.2591
4483,22.157
4484,10.491
4485,36.7429
4486,41.0991
4487,17.5582
4488,33.3963
4489,24.7887
4490,25.0808
4491,18.9809
4492,32.9573
4493,2.78557
4494,34.3485
4495,24.7241
4496,16.0379
4497,6.17947
4498,25.2732
4499,0
4500,30.1544
4501,38.5375
4502,30.6819
4503,7.10113
4504,30.1288
4505,56.7955
4506,45.4478
4507,33.5013
4508,37.3245
4509,3.09758
4510,13.5801
4511,18.4995
4512,33.8063
4513,14.9905
4514,35.1763
4515,24.0215
4516,5.22717
4517,18.6935
4518,5.79387
4519,12.632
4520,2.19646
4521,9.16731
4522,24.687
4523,41.955
4524,10.1268
4525,6.71653
4526,49.2135
4527,41.199
4528,1.95758
4529,37.1678
4530,20.3339
4531,3.51918
4532,2.98399
4533,17.7939
4534,39.4591
4535,6.88107
4536,30.2014
4537,21.0591
4538,1.01461
4539,10.342
4540,25.7584
4541,6.72096
4542,36.3495
4543,52.0535
4544,23.7084
4545,26.7381
4546,33.5906
4547,0.752517
4548,4.02956
4549,18.7059
4550,16.872
4551,25.776
4552,0.0109746
4553,16.9884
4554,10.11
4555,6.76448
4556,2.77072
4557,36.6018
4558,35.8382
4559,36.5926
4560,14.7301
4561,50.8914
4562,14.1099
4563,18.7317
4564,37.5004
4565,3.02324
4566,28.6427
4567,14.7027
4568,14.2249
4569,25.9557
4570,1.59649
4571,7.49589
4572,17.1419
4573,19.9845
4574,40.0824
4575,24.0966
4576,33.9337
4577,0.025332
4578,35.9595
4579,8.49749
4580,19.6517
4581,37.5893
4582,0.592898
4583,1.56051
4584,6.33999
4585,26.6383
4586,10.0051
4587,27.0265
4588,3.75327
4589,19.2505
4590,23.604
4591,0.812305
4592,22.4815
4593,21.382
4594,30.5105
4595,6.98503
4596,29.1315
4597,3.66583
4598,6.70918
4599,5.82682
4600,21.0542
4601,5.66803
4602,20.1295
4603,3.91839
4604,24.2728
4605,36.6343
4606,45.444
4607,18.8509
4608,22.83
4609,22.1473
4610,27.3646
4611,31.3743
4612,8.00264
4613,44.5113
4614,36.3238
4615,38.0935
4616,35.7676
4617,13.5025
4618,5.09564
4619,10.7376
4620,1.89226
4621,3.4846
4622,5.98005
4623,11.7244
4624,9.95532
4625,36.9659
4626,15.462
4627,12.2727
4628,12.3306
4629,40.179
4630,8.55022
4631,58.0908
4632,32.7528
4633,2.73129
4634,10.1431
4635,1.25867
4636,35.1916
4637,47.9118
4638,22.4802
4639,34.7126
4640,3.34662
4641,13.9424
4642,25.6199
4643,24.0371
4644,45.7342
4645,43.1781
4646,23.4539
4647,8.93972
4648,15.6531
4649,36.3757
4650,27.9425
4651,5.33268
4652,5.35879
4653,36.1864
4654,28.5976
4655,0.520889
4656,2.81466
4657,21.6042
4658,22.3859
4659,13.9333
4660,11.4248
4661,7.95814
4662,2.01917
4663,4.74039
4664,38.0555
4665,12.1459
4666,20.9176
4667,7.53192
4668,25.512
4669,33.7922
4670,28.0559
4671,3.95463
4672,16.2388
4673,21.2768
4674,4.63601
4675,20.3386
4676,34.9965
4677,21.4078
4678,19.9402
4679,13.5859
4680,28.1074
4681,56.4333
4682,19.2568
4683,10.0424
4684,32.6813
4685,1.54575
4686,10.2135
4687,65.8377
4688,19.4193
4689,9.18253
4690,28.8035
4691,37.7252
4692,1.4555
4693,44.2872
4694,5.37346
4695,14.5165
4696,43.4409
4697,9.21944
4698,9.81918
4699,12.0433
4700,45.4853
4701,7.10027
4702,10.3365
4703,23.6106
4704,61.071
4705,18.8643
4706,3.97954
4707,3.93352
4708,44.8296
4709,6.40048
4710,15.2109
4711,24.0037
4712,10.8729
4713,3.96566
4714,24.4572
4715,17.422
4716,21.5608
4717,18.8674
4718,5.90377
4719,11.4413
4720,2.59766
4721,20.3006
4722,18.7694
4723,43.7981
4724,30.3523
4725,2.76667
4726,47.8655
4727,17.0289
4728,39.6296
4729,15.2107
4730,38.7239
4731,6.14347
4732,30.9825
4733,3.2703
4734,11.5147
4735,50.0924
4736,0
4737,4.1978
4738,33.2676
4739,19.1197
4740,24.9634
4741,3.07305
4742,15.4343
4743,33.0996
4744,30.0528
4745,18.111
4746,14.2601
4747,55.8655
4748,10.1221
4749,18.7152
4750,5.07396
4751,10.8471
4752,33.3376
4753,11.8994
4754,12.2696
4755,16.7601
4756,23.14
4757,2.26778
4758,16.8593
4759,21.1288
4760,2.87153
4761,32.2914
4762,34.4196
4763,41.6221
4764,27.3057
4765,8.38479
4766,30.4824
4767,25.1961
4768,3.24578
4769,20.6481
4770,32.2769
4771,34.1228
4772,23.0956
4773,6.62977
4774,17.1995
4775,5.54466
4776,27.8232
4777,9.79501
4778,36.0038
4779,23.0989
4780,10.6188
4781,2.35638
4782,1.65286
4783,16.7576
4784,11.1308
4785,18.8864
4786,7.60013
4787,23.4255
4788,6.05814
4789,26.2816
4790,12.87
4791,34.3313
4792,11.1971
4793,0.370401
4794,16.4763
4795,9.33628
4796,12.0233
4797,10.9449
4798,27.2594
4799,13.275
4800,4.38943
4801,53.7258
4802,34.5518
4803,40.7785
4804,12.8893
4805,35.5912
4806,26.9147
4807,9.65736
4808,26.6297
4809,27.7004
4810,11.9255
4811,21.023
4812,0
4813,45.5428
4814,28.8274
4815,4.70426
4816,26.6049
4817,24.4549
4818,13.2423
4819,0.470506
4820,16.42
4821,17.5347
4822,12.965
4823,30.4445
4824,12.4795
4825,6.73554
4826,2.24676
4827,22.2896
4828,7.63305
4829,27.3368
4830,25.9601
4831,12.5633
4832,40.5923
4833,30.1246
4834,33.3734
4835,36.5426
4836,10.2268
4837,12.1412
4838,13.1586
4839,30.5172
4840,23.422
4841,6.87031
4842,10.8549
4843,22.27
4844,27.1885
4845,26.3093
4846,9.9708
4847,16.5082
4848,6.63744
4849,39.7387
4850,15.7277
4851,4.87802
4852,12.073
4853,36.9313
4854,10.3038
4855,24.1715
4856,23.0028
4857,13.8076
4858,28.2319
4859,22.7239
4860,41.025
4861,45.6965
4862,7.36238
4863,31.6626
4864,45.8982
4865,26.5488
4866,31.2354
4867,7.05635
4868,42.9504
4869,15.5819
4870,29.5299
4871,8.9747
4872,14.5071
4873,4.50741
4874,32.967
4875,42.2276
4876,3.4278
4877,32.3912
4878,18.7
4879,15.6753
4880,26.2185
4881,27.5415
4882,14.6512
4883,11.7065
4884,2.23452
4885,35.6373
4886,23.7247
4887,11.2725
4888,38.4967
4889,42.5746
4890,15.5429
4891,16.5954
4892,2.76686
4893,16.3759
4894,14.3908
4895,30.8791
4896,30.5897
4897,15.8553
4898,4.40704
4899,32.0546
4900,43.2505
4901,9.19994
4902,18.6467
4903,39.5171
4904,7.82131
4905,0.591631
4906,0.95771
4907,4.76001
4908,16.7032
4909,15.6868
4910,28.8121
4911,13.5428
4912,24.0983
4913,15.1554
4914,12.0314
4915,49.5816
4916,60.02
4917,35.7931
4918,16.6786
4919,1.28151
4920,27.9083
4921,3.01961
4922,9.1046
4923,33.3783
4924,24.6306
4925,22.1192
4926,30.1244
4927,4.17508
4928,2.91692
4929,16.7031
4930,15.2655
4931,20.1023
4932,1.04022
4933,15.9676
4934,15.3369
4935,15.6795
4936,49.129
4937,38.7032
4938,10.1533
4939,3.573
4940,47.8989
4941,53.1093
4942,15.7239
4943,17.4412
4944,6.62311
4945,52.4033
4946,36.2558
4947,11.7336
4948,18.4522
4949,31.0161
4950,63.7212
4951,7.76512
4952,50.2289
4953,3.50582
4954,16.0157
4955,33.4747
4956,4.48287
4957,1.93083
4958,16.3522
4959,30.9063
4960,3.79044
4961,1.73302
4962,20.0143
4963,18.2386
4964,49.2753
4965,26.6718
4966,19.2871
4967,43.6992
4968,22.8674
4969,1.16985
4970,26.2859
4971,15.1019
4972,11.9669
4973,63.8432
4974,22.8694
4975,33.474
4976,7.63543
4977,1.81803
4978,2.82237
4979,51.4688
4980,3.25386
4981,0.206234
4982,4.89044
4983,4.85943
4984,0.608684
4985,10.3017
4986,20.6047
4987,15.5313
4988,7.85727
4989,2.14379
4990,15.2802
4991,8.55238
4992,7.99169
4993,5.40219
4994,36.6745
4995,16.259
4996,26.9033
4997,31.289
4998,19.7241
4999,19.6653
5000,16.1764
5001,4.63653
5002,31.4937
5003,27.2454
5004,13.838
5005,34.4263
5006,18.477
5007,0.368384
5008,3.14927
5009,45.0777
5010,27.2916
5011,5.6172
5012,4.3587
5013,15.5406
5014,18.8328
5015,63.5595
5016,26.5166
5017,26.9044
5018,1.74521
5019,14.5195
5020,34.1083
5021,17.4156
5022,11.8259
5023,31.5256
5024,13.8134
5025,14.4961
5026,21.4063
5027,23.47
5028,31.2892
5029,12.8856
5030,3.41677
5031,24.1243
5032,31.1742
5033,2.57616
5034,1.34052
5035,23.2361
5036,12.1935
5037,22.2472
5038,16.4651
5039,1.81932
5040,34.6038
5041,33.4338
5042,12.0745
5043,36.3783
5044,26.3183
5045,30.3399
5046,23.5988
5047,46.5703
5048,10.8614
5049,30.8012
5050,7.78785
5051,14.4569
5052,29.6298
5053,13.0445
5054,33.9411
5055,9.90801
5056,20.6244
5057,25.6404
5058,2.11894
5059,15.8208
5060,27.287
5061,20.7597
5062,24.0865
5063,17.4128
5064,14.0235
5065,44.0721
5066,12.3909
5067,28.8936
5068,7.14919
5069,49.6205
5070,6.77379
5071,30.6294
5072,48.2506
5073,19.1912
5074,25.4404
5075,0.799855
5076,22.4822
5077,0
5078,18.2663
5079,52.2361
5080,22.3674
5081,27.5857
5082,10.0099
5083,40.1128
5084,17.331
5085,1.63787
5086,47.0234
5087,34.3392
5088,40.9125
5089,2.58752
5090,15.211
5091,29.2221
5092,15.8114
5093,22.5534
5094,8.34363
5095,25.5886
5096,22.8252
5097,0.552544
5098,35.4596
5099,43.4872
5100,8.07021
5101,22.8266
5102,24.1586
5103,41.6183
5104,10.7146
5105,27.4079
5106,23.6094
5107,30.7289
5108,23.7719
5109,20.1551
5110,10.6736
5111,12.1052
5112,0.89216
5113,21.2519
5114,26.5715
5115,47.1146
5116,55.6646
5117,30.4195
5118,28.5184
5119,33.6548
5120,31.4202
5121,10.7927
5122,9.56012
5123,15.3254
5124,2.02171
5125,44.4795
5126,63.8404
5127,4.4534
5128,6.40383
5129,24.7697
5130,10.1752
5131,36.1555
5132,30.7354
5133,28.8052
5134,6.87603
5135,43.6392
5136,20.8392
5137,4.16148
5138,21.2242
5139,37.1021
5140,9.28858
5141,38.8681
5142,4.72795
5143,29.0756
5144,24.5937
5145,18.8511
5146,31.5098
5147,42.0573
5148,28.1376
5149,16.5173
5150,5.32864
5151,9.24156
5152,25.2226
5153,5.64994
5154,51.629
5155,13.7339
5156,39.3844
5157,6.97728
5158,12.7837
5159,0.527011
5160,6.74444
5161,12.5099
5162,22.8869
5163,0.258834
5164,33.6205
5165,31.1919
5166,34.4589
5167,23.7568
5168,13.0722
5169,17.9219
5170,14.4666
5171,21.5402
5172,22.7121
5173,41.2109
5174,12.1229
5175,38.7113
5176,38.2211
5177,39.0469
5178,23.0869
5179,28.0366
5180,24.214
5181,6.9678
5182,1.54139
5183,12.6692
5184,33.7272
5185,9.01661
5186,15.9827
5187,3.19808
5188,14.8648
5189,9.19241
5190,4.99926
5191,14.553
5192,5.49531
5193,14.1507
5194,20.4125
5195,21.8072
5196,17.179
5197,32.211
5198,0.751893
5199,22.986
5200,38.079
5201,47.3499
5202,38.1346
5203,39.9821
5204,25.9209
5205,17.4156
5206,2.37014
5207,13.8745
5208,20.5768
5209,14.3453
5210,11.883
5211,37.026
5212,25.399
5213,18.7011
5214,6.23813
5215,21.585
5216,19.0502
5217,6.37581
5218,29.0466
5219,39.5745
5220,26.2714
5221,11.9599
5222,27.2066
5223,7.67214
5224,16.8721
5225,14.7865
5226,22.77
5227,22.6119
5228,27.9087
5229,31.1188
5230,19.5126
5231,21.5981
5232,42.3501
5233,19.8855
5234,33.2957
5235,36.201
5236,7.94342
5237,15.3976
5238,17.7484
5239,23.0147
5240,19.4612
5241,29.8639
5242,27.3089
5243,7.63259
5244,14.7357
5245,29.612
5246,4.80678
5247,63.6201
5248,10.4264
5249,50.8571
5250,0.139499
5251,16.8927
5252,5.47547
5253,24.9778
5254,38.8224
5255,25.5569
5256,20.6298
5257,1.609
5258,39.2007
5259,8.41147
5260,19.5465
5261,10.6302
5262,26.4888
5263,31.7772
5264,18.3603
5265,17.3565
5266,18.1647
5267,43.2965
5268,21.727
5269,43.0456
5270,15.5197
5271,17.4636
5272,52.3317
5273,13.2022
5274,20.6475
5275,26.6958
5276,25.7983
5277,22.123
5278,22.1194
5279,1.58797
5280,7.13887
5281,40.4939
5282,27.0973
5283,17.7478
5284,38.22
5285,6.88121
5286,25.5997
5287,0.108898
5288,1.0051
5289,9.89507
5290,7.0951
5291,5.59723
5292,2.16192
5293,45.5861
5294,8.53675
5295,33.9316
5296,55.544
5297,47.7862
5298,20.6151
5299,18.0994
5300,52.3735
5301,8.91656
5302,6.15223
5303,15.0368
5304,10.7757
5305,16.3458
5306,33.7358
5307,1.71049
5308,31.8082
5309,5.47117
5310,7.81078
5311,13.3603
5312,34.7386
5313,29.2701
5314,1.87947
5315,18.5861
5316,15.8696
5317,5.41031
5318,19.9878
5319,26.561
5320,14.0997
5321,30.6368
5322,40.3928
5323,9.68672
5324,27.4517
5325,34.3298
5326,2.58465
5327,32.0607
5328,17.8174
5329,34.9622
5330,12.6685
5331,28.0534
5332,13.2849
5333,15.8807
5334,35.3025
5335,13.6966
5336,3.05233
5337,14.7889
5338,32.0771
5339,32.3094
5340,17.274
5341,47.8184
5342,18.7349
5343,5.52629
5344,11.8529
5345,38.3328
5346,12.9906
5347,1.44587
5348,23.0204
5349,10.5871
5350,41.5337
5351,44.5667
5352,17.3941
5353,31.6111
5354,41.4539
5355,48.2597
5356,11.1602
5357,35.396
5358,0.217506
5359,5.11464
5360,15.0718
5361,17.9093
5362,28.4452
5363,43.3939
5364,30.7457
5365,23.4527
5366,12.7159
5367,6.29655
5368,30.7604
5369,27.666
5370,14.2138
5371,5.31155
5372,50.7215
5373,26.7374
5374,37.3874
5375,22.3132
5376,13.7869
5377,22.0813
5378,31.1542
5379,9.3372
5380,22.4267
5381,1.00913
5382,9.98864
5383,12.3231
5384,9.37934
5385,38.1835
5386,18.5826
5387,14.9294
5388,19.3644
5389,47.1963
5390,15.123
5391,0.106888
5392,10.6938
5393,39.0064
5394,5.77357
5395,36.4531
5396,32.5803
5397,5.64743
5398,15.6006
5399,0
5400,45.1981
5401,15.27
5402,38.3371
5403,15.1689
5404,1.59598
5405,19.9846
5406,24.7063
5407,45.0219
5408,10.8866
5409,9.27007
5410,42.9808
5411,17.1518
5412,16.0783
5413,21.8293
5414,19.8322
5415,8.46332
5416,12.3669
5417,53.4019
5418,20.6595
5419,26.6817
5420,26.1515
5421,2.23242
5422,31.313
5423,3.33395
5424,18.17
5425,17.283
5426,32.2759
5427,13.047
5428,40.2881
5429,6.40063
5430,0.93249
5431,26.3156
5432,5.68129
5433,15.6538
5434,22.5137
5435,4.67676
5436,28.3739
5437,2.11617
5438,43.4303
5439,10.1126
5440,11.7136
5441,8.1587
5442,19.3721
5443,48.5038
5444,0.908733
5445,11.7027
5446,26.2143
5447,9.76957
5448,18.2608
5449,27.4218
5450,3.13649
5451,20.7294
5452,18.5482
5453,3.00239
5454,14.4615
5455,32.3281
5456,4.43985
5457,6.55937
5458,19.6714
5459,20.6082
5460,12.6684
5461,31.7904
5462,5.03593
5463,31.3867
5464,17.9481
5465,25.3832
5466,71.1155
5467,11.7917
5468,9.08943
5469,20.8707
5470,4.86864
5471,27.303
5472,24.8838
5473,14.0462
5474,8.72784
5475,40.9439
5476,1.57417
5477,2.19944
5478,14.9528
5479,7.21434
5480,0
5481,12.5124
5482,0.340935
5483,23.5758
5484,26.9245
5485,0
5486,13.6111
5487,20.526
5488,9.82829
5489,4.19821
5490,13.1476
5491,28.99
5492,31.9727
5493,7.57561
5494,16.5655
5495,18.8898
5496,16.3841
5497,13.6786
5498,20.7427
5499,22.9122
5500,28.0723
5501,6.11139
5502,14.1408
5503,7.8426
5504,8.48179
5505,38.9626
5506,13.089
5507,20.7911
5508,31.5672
5509,24.81
5510,21.5108
5511,39.048
5512,19.0854
5513,14.7175
5514,24.4172
5515,22.1496
5516,24.5409
5517,2.82376
5518,10.5901
5519,50.7773
5520,16.0016
5521,7.98674
5522,24.6543
5523,7.35295
5524,16.2895
5525,45.0088
5526,28.631
5527,12.0559
5528,0
5529,7.43276
5530,12.3339
5531,3.17785
5532,19.259
5533,8.39483
5534,33.4263
5535,13.2729
5536,45.646
5537,1.53703
5538,35.0653
5539,26.5615
5540,4.98553
5541,23.2494
5542,15.3692
5543,0.393792
5544,41.1802
5545,8.59394
5546,7.12279
5547,11.1517
5548,14.4804
5549,30.7396
5550,9.28319
5551,23.3495
5552,19.8957
5553,23.2696
5554,11.473
5555,3.05321
5556,14.212
5557,0
5558,7.74151
5559,7.06093
5560,1.01362
5561,35.239
5562,24.2485
5563,3.25631
5564,20.2898
5565,17.6621
5566,46.534
5567,29.8519
5568,2.54085
5569,12.7136
5570,22.2196
5571,27.1522
5572,42.7641
5573,39.6705
5574,31.7512
5575,3.03737
5576,33.4631
5577,29.2121
5578,28.3101
5579,13.7837
5580,16.1046
5581,13.8336
5582,20.4794
5583,25.0319
5584,40.915
5585,2.74149
5586,5.51677
5587,15.5559
5588,39.8079
5589,8.15686
5590,38.8558
5591,4.97741
5592,21.6242
5593,6.06113
5594,26.3355
5595,13.2332
5596,28.0661
5597,37.7725
5598,4.24061
5599,12.3727
5600,12.5054
5601,11.8132
5602,11.7835
5603,14.2094
5604,27.7133
5605,6.15068
5606,14.8126
5607,6.64238
5608,45.7492
5609,14.3777
5610,42.0017
5611,34.9184
5612,28.9415
5613,23.7211
5614,1.71121
5615,9.0208
5616,0
5617,20.5206
5618,8.1539
5619,18.3314
5620,1.3144
5621,10.2068
5622,11.3314
5623,12.5797
5624,30.2922
5625,1.46095
5626,6.10248
5627,13.1185
5628,27.9344
5629,14.9727
5630,11.2532
5631,16.8019
5632,19.7477
5633,24.6523
5634,13.7011
5635,2.16255
5636,8.57584
5637,10.7927
5638,21.0922
5639,9.20764
5640,12.9624
5641,25.5397
5642,44.6395
5643,7.51476
5644,24.9577
5645,20.6166
5646,18.4408
5647,26.7541
5648,1.24882
5649,3.36004
5650,9.60037
5651,31.1915
5652,28.6782
5653,9.9355
5654,25.5738
5655,18.3751
5656,44.7597
5657,14.7776
5658,6.08823
5659,7.69199
5660,29.7944
5661,19.8211
5662,13.3565
5663,40.342
5664,11.3871
5665,0.257934
5666,13.2125
5667,17.3611
5668,2.73035
5669,1.67561
5670,34.5975
5671,52.6053
5672,1.10867
5673,5.08321
5674,32.0181
5675,2.47468
5676,1.50647
5677,12.8979
5678,31.8177
5679,23.8786
5680,16.7119
5681,14.3389
5682,31.3147
5683,22.9529
5684,3.48878
5685,4.05244
5686,19.648
5687,15.6434
5688,8.10261
5689,7.08841
5690,19.7046
5691,57.8058
5692,9.9657
5693,31.4759
5694,3.24433
5695,14.4367
5696,6.30622
5697,30.7123
5698,29.0174
5699,17.3114
5700,29.9051
5701,3.96405
5702,30.9096
5703,63.7484
5704,2.61237
5705,14.2917
5706,23.9302
5707,46.632
5708,16.8213
5709,26.0911
5710,6.61297
5711,15.0255
5712,16.5732
5713,32.2072
5714,45.3791
5715,12.7711
5716,14.4773
5717,9.76484
5718,9.22097
5719,11.7533
5720,6.43044
5721,9.59618
5722,8.39126
5723,54.1082
5724,2.3845
5725,0.0456256
5726,2.96405
5727,28.5096
5728,14.3543
5729,13.7388
5730,37.1833
5731,20.8199
5732,28.1272
5733,9.24001
5734,13.6018
5735,20.0088
5736,29.0421
5737,18.261
5738,31.482
5739,21.3093
5740,40.6786
5741,12.2153
5742,20.6746
5743,5.43914
5744,9.25581
5745,6.31214
5746,32.4701
5747,0.192613
5748,9.22899
5749,10.7402
5750,51.7441
5751,0.848656
5752,17.1924
5753,9.10734
5754,11.6598
5755,16.0024
5756,27.6369
5757,3.64043
5758,1.8929
5759,7.5897
5760,4.04919
5761,11.8479
5762,26.1897
5763,16.1614
5764,8.49069
5765,14.9363
5766,17.0487
5767,26.3103
5768,36.8758
5769,26.8004
5770,32.1752
5771,3.56096
5772,12.6098
5773,18.8279
5774,0.791364
5775,3.7287
5776,34.3576
5777,26.7606
5778,28.2639
5779,27.4007
5780,6.50654
5781,31.1689
5782,2.8451
5783,32.9179
5784,0
5785,1.27766
5786,23.8689
5787,9.19652
5788,9.11588
5789,20.8084
5790,15.6002
5791,14.2762
5792,21.5844
5793,43.265
5794,4.01369
5795,11.0227
5796,38.2531
5797,8.12145
5798,20.5268
5799,44.4822
5800,15.856
5801,9.14028
5802,18.3713
5803,23.6867
5804,11.9798
5805,31.7793
5806,36.2244
5807,23.9475
5808,15.6007
5809,12.4469
5810,9.88422
5811,21.1915
5812,4.7583
5813,27.766
5814,28.9738
5815,13.837
5816,28.6867
5817,12.4868
5818,34.4638
5819,34.9441
5820,13.4633
5821,4.27058
5822,36.0884
5823,10.5066
5824,13.2391
5825,29.4684
5826,29.4153
5827,16.2615
5828,9.9345
5829,53.1485
5830,2.73745
5831,13.4272
5832,27.4267
5833,0.400979
5834,11.4723
5835,13.5333
5836,46.2914
5837,21.5504
5838,12.7952
5839,36.7433
5840,16.6807
5841,8.78544
5842,23.4301
5843,20.7988
5844,22.2191
5845,20.607
5846,6.56002
5847,20.2488
5848,9.15197
5849,31.6285
5850,5.35061
5851,26.4727
5852,24.746
5853,10.6032
5854,13.4224
5855,35.2114
5856,37.4464
5857,21.2975
5858,37.5533
5859,7.05717
5860,6.24039
5861,23.5351
5862,10.5279
5863,3.65653
5864,30.0506
5865,31.5931
5866,13.3505
5867,5.14015
5868,42.1566
5869,6.36084
5870,21.068
5871,40.7801
5872,23.1907
5873,17.3682
5874,16.3369
5875,3.89942
5876,9.7338
5877,19.9868
5878,0.169977
5879,2.07056
5880,6.97148
5881,19.7126
5882,44.1433
5883,9.11836
5884,28.0396
5885,39.3599
5886,9.55528
5887,7.23617
5888,37.8538
5889,2.32496
5890,24.5513
5891,23.7769
5892,19.7573
5893,32.1639
5894,15.0501
5895,36.2582
5896,29.6971
5897,17.9728
5898,12.4007
5899,50.9464
5900,12.4047
5901,37.3935
5902,15.7339
5903,23.2933
5904,13.3967
5905,19.1779
5906,23.1589
5907,43.4303
5908,37.5412
5909,28.6574
5910,36.6753
5911,41.5992
5912,4.62365
5913,12.7618
5914,44.2162
5915,26.5513
5916,29.0893
5917,36.4155
5918,35.2946
5919,37.9638
5920,8.26813
5921,60.109
5922,34.8922
5923,14.4929
5924,10.7583
5925,6.77226
5926,11.6846
5927,1.69747
5928,4.98298
5929,0
5930,24.2426
5931,17.4361
5932,27.2846
5933,31.9971
5934,20.2761
5935,20.4613
5936,26.8658
5937,35.1225
5938,32.9634
5939,9.32953
5940,11.7048
5941,36.0966
5942,29.3943
5943,39.6441
5944,13.1623
5945,16.75
5946,11.0751
5947,39.3519
5948,18.0721
5949,21.8466
5950,34.5288
5951,10.7778
5952,2.96438
5953,14.2804
5954,24.7107
5955,8.46765
5956,30.6153
5957,26.576
5958,14.9135
5959,21.9068
5960,34.2268
5961,23.2703
5962,29.8065
5963,6.53389
5964,24.3177
5965,39.0203
5966,7.42488
5967,10.0041
5968,42.6935
5969,12.7313
5970,27.3942
5971,45.0886
5972,27.1971
5973,7.27665
5974,14.7935
5975,30.6139
5976,24.6655
5977,24.4607
5978,1.5532
5979,22.3478
5980,34.1294
5981,13.4427
5982,6.17282
5983,35.1581
5984,14.4135
5985,29.027
5986,32.2189
5987,17.2627
5988,11.0516
5989,8.28007
5990,11.5407
5991,18.2074
5992,6.53821
5993,21.6658
5994,21.1105
5995,11.4582
5996,29.8066
5997,2.13506
5998,5.87221
5999,31.9208
6000,19.5126
6001,16.2197
6002,17.2287
6003,7.5753
6004,0.349348
6005,24.1223
6006,18.5237
6007,25.2768
6008,14.2487
6009,19.91
6010,8.62336
6011,20.7156
6012,32.8534
6013,37.1233
6014,9.12211
6015,42.2097
6016,7.99452
6017,6.37477
6018,42.7764
6019,15.4912
6020,7.99914
6021,10.671
6022,16.9436
6023,36.1461
6024,20.5122
6025,11.1785
6026,21.8438
6027,12.7685
6028,45.6732
6029,43.0505
6030,13.2723
6031,4.08317
6032,0.976554
6033,4.8287
6034,7.56021
6035,1.68423
6036,0
6037,12.7682
6038,34.4613
6039,10.6305
6040,13.011
6041,39.7751
6042,3.87825
6043,22.9195
6044,16.3595
6045,0
6046,1.73445
6047,9.06258
6048,23.2581
6049,17.6382
6050,32.4429
6051,8.68037
6052,16.1941
6053,43.7741
6054,11.3962
6055,3.36769
6056,17.046
6057,50.2555
6058,8.01191
6059,21.1896
6060,0.800306
6061,2.72192
6062,9.76416
6063,38.593
6064,42.981
6065,34.5514
6066,25.0795
6067,9.48172
6068,13.0739
6069,17.4136
6070,24.5511
6071,17.2601
6072,39.916
6073,21.5672
6074,17.9953
6075,21.2461
6076,8.96173
6077,12.5967
6078,30.6369
6079,18.9383
6080,25.785
6081,26.7104
6082,22.4805
6083,10.0046
6084,23.0814
6085,18.2327
6086,5.13718
6087,31.1735
6088,16.6094
6089,16.8253
6090,36.6703
6091,22.1644
6092,15.9234
6093,19.8757
6094,18.4707
6095,79.7502
6096,11.0588
6097,11.1164
6098,3.44312
6099,35.9997
6100,40.1609
6101,2.91339
6102,27.7337
6103,36.498
6104,23.6732
6105,23.9253
6106,10.1767
6107,35.5606
6108,8.25723
6109,34.8756
6110,9.28668
6111,50.4404
6112,52.181
6113,31.0308
6114,41.3891
6115,19.5224
6116,0
6117,25.8358
6118,9.14383
6119,17.7621
6120,0
6121,12.424
6122,12.9345
6123,8.28594
6124,1.00695
6125,53.8035
6126,2.12213
6127,35.9054
6128,32.5176
6129,8.14472
6130,11.8852
6131,2.69682
6132,6.25468
6133,2.18342
6134,3.84716
6135,39.2607
6136,30.7192
6137,1.74565
6138,29.0947
6139,21.5376
6140,5.09368
6141,28.5173
6142,27.22
6143,41.944
6144,1.7048
6145,14.0838
6146,33.7837
6147,33.7791
6148,34.5847
6149,20.8891
6150,14.7339
6151,47.4375
6152,10.2912
6153,3.21011
6154,9.58222
6155,0.16493
6156,21.1999
6157,15.2116
6158,17.3125
6159,39.6158
6160,40.7319
6161,2.46077
6162,12.1962
6163,10.1141
6164,36.4591
6165,17.9756
6166,26.6569
6167,11.7023
6168,45.47
6169,0.834964
6170,18.3371
6171,25.32
6172,22.4894
6173,25.3056
6174,34.1722
6175,21.9316
6176,22.5119
6177,24.4413
6178,41.649
6179,4.10503
6180,30.9312
6181,42.2068
6182,3.63321
6183,24.2291
6184,29.0267
6185,25.4923
6186,9.29961
6187,30.0637
6188,24.1495
6189,13.41
6190,29.7591
6191,30.7734
6192,9.20746
6193,3.67651
6194,1.5623
6195,24.9552
6196,25.8092
6197,13.6847
6198,29.4561
6199,29.7402
6200,12.9212
6201,18.5452
6202,14.3789
6203,34.0939
6204,6.09079
6205,14.334
6206,10.4046
6207,36.7036
6208,43.6236
6209,20.2639
6210,3.67983
6211,5.00584
6212,15.2209
6213,29.2329
6214,1.57058
6215,25.6055
6216,18.0081
6217,2.22494
6218,38.6191
6219,32.2907
6220,4.08967
6221,2.59391
6222,0.326141
6223,56.05
6224,15.9746
6225,49.1866
6226,21.2249
6227,30.2104
6228,36.6258
6229,9.53785
6230,24.6507
6231,10.4543
6232,38.8485
6233,10.6308
6234,9.78815
6235,21.0946
6236,24.4844
6237,30.7242
6238,21.6458
6239,18.6966
6240,14.8931
6241,12.6851
6242,27.8181
6243,20.01
6244,44.8571
6245,22.2659
6246,6.1192
6247,27.7169
6248,31.8628
6249,8.88984
6250,8.04171
6251,29.4032
6252,0.471271
6253,0.216856
6254,46.5321
6255,22.1603
6256,28.1619
6257,6.34614
6258,31.151
6259,6.17115
6260,22.0712
6261,3.28466
6262,19.3834
6263,3.8911
6264,19.5184
6265,21.8473
6266,30.4386
6267,42.8854
6268,7.94728
6269,36.1885
6270,27.6938
6271,34.3497
6272,10.2647
6273,7.88638
6274,39.0432
6275,14.4158
6276,1.17248
6277,9.19663
6278,2.2605
6279,23.5189
6280,21.8678
6281,35.8873
6282,5.29899
6283,44.1359
6284,18.1712
6285,8.3054
6286,29.0012
6287,10.6058
6288,28.3672
6289,1.84941
6290,0.39452
6291,26.4924
6292,11.5303
6293,23.0712
6294,24.1837
6295,24.3285
6296,18.5326
6297,28.2305
6298,20.0823
6299,15.0323
6300,0.971225
6301,31.2433
6302,51.2523
6303,41.6449
6304,15.5554
6305,33.0883
6306,24.972
6307,17.8268
6308,31.8824
6309,16.8575
6310,17.9915
6311,18.7737
6312,8.72592
6313,34.2895
6314,27.6323
6315,22.2231
6316,19.8916
6317,20.0465
6318,41.8836
6319,12.9557
6320,3.08308
6321,27.6463
6322,5.03841
6323,20.5522
6324,1.31237
6325,6.82972
6326,5.0628
6327,44.9934
6328,8.04096
6329,1.52325
6330,14.4146
6331,20.1837
6332,15.8016
6333,16.5786
6334,20.3414
6335,0.917374
6336,5.69985
6337,24.0627
6338,11.7324
6339,60.0326
6340,19.2602
6341,30.9697
6342,3.57135
6343,17.4007
6344,6.57814
6345,48.6987
6346,35.1036
6347,40.5649
6348,0.438617
6349,2.35799
6350,10.0737
6351,14.5424
6352,14.068
6353,22.0382
6354,28.5257
6355,41.9547
6356,4.82312
6357,10.7752
6358,27.7213
6359,29.7117
6360,32.754
6361,11.3092
6362,34.9621
6363,11.4451
6364,11.558
6365,13.6112
6366,16.6959
6367,16.0995
6368,24.991
6369,7.82782
6370,9.14659
6371,9.82014
6372,13.2614
6373,33.6256
6374,38.9793
6375,19.5493
6376,57.9314
6377,29.3167
6378,6.50711
6379,4.75581
6380,45.6254
6381,12.9216
6382,31.5205
6383,14.5379
6384,19.436
6385,27.707
6386,2.10578
6387,7.33778
6388,26.2952
6389,5.45316
6390,34.0765
6391,23.5266
6392,31.5987
6393,12.5938
6394,22.0316
6395,1.1732
6396,11.7092
6397,23.8341
6398,46.4523
6399,15.9293
6400,17.1605
6401,33.1785
6402,19.76
6403,26.5236
6404,24.6028
6405,8.86846
6406,6.10072
6407,11.8933
6408,10.5253
6409,39.679
6410,21.9528
6411,24.6079
6412,19.0584
6413,6.67738
6414,35.8533
6415,23.8259
6416,33.6348
6417,4.30666
6418,38.9066
6419,22.8095
6420,20.3943
6421,10.9042
6422,27.263
6423,19.4829
6424,11.6034
6425,13.651
6426,26.1738
6427,11.653
6428,12.3374
6429,23.1707
6430,56.9708
6431,10.2846
6432,37.6191
6433,28.5385
6434,19.617
6435,17.1525
6436,25.6933
6437,33.8125
6438,10.4327
6439,28.6228
6440,19.6877
6441,43.4199
6442,7.21776
6443,32.2855
6444,29.2661
6445,34.3889
6446,2.57207
6447,5.60968
6448,2.97628
6449,38.0595
6450,14.5698
6451,24.8209
6452,16.8412
6453,2.62531
6454,3.28168
6455,23.2833
6456,49.4345
6457,20.3184
6458,26.2458
6459,31.5979
6460,0.303545
6461,22.0959
6462,2.59807
6463,17.2939
6464,49.8571
6465,32.9739
6466,26.611
6467,35.1453
6468,18.6836
6469,0
6470,5.51891
6471,10.4258
6472,20.7511
6473,6.07323
6474,19.8095
6475,9.17905
6476,4.02938
6477,13.9069
6478,42.181
6479,5.53748
6480,17.8154
6481,30.0257
6482,52.7872
6483,36.3912
6484,57.5807
6485,19.2453
6486,27.4229
6487,1.01204
6488,5.33389
6489,2.85508
6490,16.689
6491,24.5783
6492,22.0716
6493,11.6644
6494,21.2829
6495,28.3093
6496,16.5967
6497,43.552
6498,35.3686
6499,35.3115
6500,3.83959
6501,39.7623
6502,21.9942
6503,5.99016
6504,1.98375
6505,3.58365
6506,2.0907
6507,9.82732
6508,38.8017
6509,24.537
6510,10.2695
6511,10.7339
6512,3.49648
6513,20.3828
6514,15.3178
6515,32.0475
6516,22.8843
6517,7.39052
6518,23.5016
6519,47.5904
6520,1.91278
6521,13.7445
6522,12.7443
6523,6.52833
6524,4.98951
6525,21.3151
6526,27.7386
6527,16.8189
6528,33.8132
6529,20.5818
6530,38.6625
6531,35.1187
6532,13.573
6533,5.89625
6534,44.7042
6535,29.9177
6536,3.13753
6537,6.65726
6538,32.6111
6539,31.7775
6540,26.7668
6541,5.4073
6542,2.42743
6543,24.6662
6544,17.36
6545,11.4805
6546,24.8728
6547,0.303456
6548,35.5108
6549,27.9277
6550,18.1655
6551,31.8691
6552,9.79259
6553,6.4531
6554,17.2696
6555,27.6384
6556,1.43341
6557,5.12086
6558,15.9734
6559,14.9853
6560,6.03366
6561,25.4922
6562,38.2645
6563,19.0124
6564,18.8359
6565,1.2476
6566,0.0928791
6567,31.1787
6568,4.62832
6569,7.56519
6570,47.5451
6571,34.5307
6572,6.44732
6573,24.3281
6574,32.5042
6575,30.5464
6576,18.3912
6577,6.06661
6578,5.73309
6579,14.9038
6580,8.79141
6581,32.4225
6582,45.1581
6583,22.676
6584,7.97103
6585,16.7474
6586,16.4778
6587,30.3854
6588,14.3641
6589,49.2124
6590,1.13501
6591,43.0805
6592,37.2877
6593,15.9896
6594,34.6035
6595,26.7657
6596,18.9052
6597,3.56108
6598,16.149
6599,6.59235
6600,6.25743
6601,36.299
6602,23.8137
6603,41.3128
6604,14.1251
6605,5.30981
6606,18.072
6607,57.8915
6608,14.6314
6609,10.3052
6610,0.289589
6611,32.6032
6612,13.4639
6613,11.2464
6614,25.9321
6615,40.5947
6616,26.2443
6617,2.22223
6618,7.78163
6619,16.603
6620,4.96077
6621,1.64774
6622,8.90798
6623,19.8686
6624,39.887
6625,22.1836
6626,10.2986
6627,18.8642
6628,50.3995
6629,31.7365
6630,11.1224
6631,10.832
6632,4.93377
6633,21.2933
6634,12.2539
6635,33.6395
6636,2.3282
6637,16.7128
6638,32.6932
6639,9.78328
6640,12.8828
6641,35.8784
6642,16.512
6643,10.8715
6644,20.5167
6645,4.0777
6646,15.8023
6647,28.4362
6648,0.532687
6649,10.3509
6650,64.9412
6651,8.72181
6652,35.843
6653,8.36199
6654,45.1696
6655,4.7084
6656,10.2589
6657,16.6374
6658,14.1071
6659,7.73603
6660,11.4811
6661,34.1373
6662,20.4613
6663,38.3934
6664,31.9438
6665,3.7519
6666,64.9189
6667,25.0406
6668,21.7529
6669,41.2841
6670,3.16291
6671,30.4018
6672,29.8775
6673,1.94617
6674,20.6399
6675,23.0829
6676,5.57934
6677,41.8751
6678,39.3931
6679,24.1252
6680,18.9255
6681,40.2149
6682,24.7024
6683,19.8507
6684,20.5528
6685,7.50634
6686,22.8513
6687,26.0678
6688,19.7554
6689,43.6046
6690,13.0381
6691,24.05
6692,38.5972
6693,4.54176
6694,10.5849
6695,42.3187
6696,16.5604
6697,4.09373
6698,46.9406
6699,36.4621
6700,4.65979
6701,37.4111
6702,25.243
6703,21.0548
6704,21.8155
6705,21.7559
6706,38.6153
6707,31.4067
6708,29.1645
6709,39.3947
6710,35.2934
6711,24.1363
6712,6.08353
6713,19.6706
6714,41.6179
6715,6.81459
6716,11.779
6717,18.8499
6718,44.1134
6719,18.7403
6720,29.1931
6721,44.2859
6722,13.2898
6723,30.0887
6724,13.7085
6725,54.3769
6726,28.4344
6727,12.2561
6728,9.65733
6729,2.25709
6730,36.5833
6731,14.8866
6732,27.6583
6733,28.2064
6734,39.2017
6735,60.4538
6736,60.8409
6737,15.3642
6738,5.22826
6739,10.3087
6740,1.95622
6741,23.8709
6742,39.7864
6743,57.963
6744,25.1074
6745,34.0059
6746,48.2297
6747,23.6168
6748,11.7883
6749,21.3594
6750,40.2183
6751,22.1351
6752,49.2638
6753,23.4004
6754,37.152
6755,28.7633
6756,17.2461
6757,9.7395
6758,22.5662
6759,18.7931
6760,1.3835
6761,30.2105
6762,9.94356
6763,6.36653
6764,57.3747
6765,20.9195
6766,15.956
6767,3.126
6768,12.4163
6769,17.8515
6770,15.3174
6771,21.296
6772,21.3665
6773,7.60648
6774,9.81039
6775,6.01273
6776,5.08464
6777,39.7211
6778,4.20146
6779,9.11428
6780,40.3989
6781,49.0644
6782,6.15734
6783,20.9031
6784,16.6278
6785,19.9339
6786,4.92364
6787,0.334949
6788,12.8592
6789,7.7353
6790,6.42981
6791,5.46977
6792,33.8095
6793,8.26838
6794,5.16779
6795,17.5859
6796,12.3147
6797,13.1567
6798,31.8996
6799,27.8726
6800,15.7164
6801,40.0936
6802,49.8886
6803,15.7637
6804,41.8428
6805,20.9628
6806,27.9583
6807,2.66301
6808,14.7626
6809,45.1703
6810,20.5409
6811,0.23519
6812,34.181
6813,35.3428
6814,21.591
6815,8.16839
6816,10.3944
6817,0
6818,20.6455
6819,17.2268
6820,22.3939
6821,32.862
6822,13.4376
6823,32.2125
6824,19.0774
6825,10.3357
6826,4.30097
6827,31.4423
6828,6.98793
6829,20.3556
6830,19.053
6831,8.18116
6832,13.0998
6833,36.6179
6834,8.11771
6835,4.628
6836,32.7186
6837,13.3045
6838,10.0665
6839,26.1429
6840,20.7638
6841,8.14824
6842,36.8194
6843,15.7765
6844,21.669
6845,6.62066
6846,0.574171
6847,31.4035
6848,16.1461
6849,13.2193
6850,11.3443
6851,32.7929
6852,47.8334
6853,9.42298
6854,7.18961
6855,19.8975
6856,15.9624
6857,10.1341
6858,17.2665
6859,29.6505
6860,27.9593
6861,22.3451
6862,40.1471
6863,3.18891
6864,19.5582
6865,12.6606
6866,33.2135
6867,7.9034
6868,17.7827
6869,8.87932
6870,33.7645
6871,44.9957
6872,12.1104
6873,44.2285
6874,0.490655
6875,4.88933
6876,33.3264
6877,56.0254
6878,26.8495
6879,0.169423
6880,14.3309
6881,51.9336
6882,23.5794
6883,21.3567
6884,32.6879
6885,14.5287
6886,12.6572
6887,37.9138
6888,4.53159
6889,14.2559
6890,8.58202
6891,24.0153
6892,4.88117
6893,49.2824
6894,43.7599
6895,35.067
6896,11.9237
6897,40.9824
6898,8.74063
6899,9.56903
6900,37.2094
6901,7.6702
6902,24.4126
6903,15.9733
6904,4.63904
6905,28.7588
6906,9.91951
6907,30.8756
6908,20.8642
6909,11.1365
6910,14.4424
6911,36.5471
6912,10.1009
6913,22.2989
6914,3.23372
6915,36.792
6916,42.5558
6917,1.77486
6918,17.4607
6919,40.794
6920,6.86586
6921,17.1196
6922,24.1951
6923,32.5742
6924,58.8458
6925,34.744
6926,4.18207
6927,18.9294
6928,3.837
6929,13.4371
6930,0
6931,44.9111
6932,23.833
6933,0
6934,6.13574
6935,15.31
6936,1.93736
6937,28.6311
6938,16.6282
6939,17.3461
6940,11.6219
6941,7.18765
6942,16.0314
6943,13.4047
6944,21.5455
6945,7.68694
6946,41.1287
6947,40.8812
6948,22.2416
6949,6.40764
6950,25.618
6951,52.9154
6952,12.0533
6953,20.8415
6954,11.2654
6955,14.0369
6956,22.4952
6957,6.9484
6958,29.3745
6959,6.79206
6960,2.33949
6961,2.31807
6962,35.6954
6963,20.432
6964,23.8354
6965,28.0583
6966,12.1302
6967,30.7145
6968,2.55133
6969,0.0144587
6970,17.538
6971,26.8576
6972,14.8791
6973,41.0685
6974,33.8174
6975,16.9245
6976,10.5793
6977,7.68062
6978,21.5407
6979,39.1777
6980,4.72308
6981,26.2174
6982,21.4406
6983,4.72606
6984,20.4719
6985,31.5247
6986,40.9441
6987,18.5731
6988,16.7015
6989,2.62887
6990,28.6036
6991,5.3228
6992,33.7459
6993,44.8163
6994,35.8867
6995,3.79873
6996,4.99797
6997,10.5737
6998,24.7845
6999,37.5589
7000,30.5128
7001,31.2968
7002,19.8838
7003,18.8425
7004,8.23018
7005,13.2375
7006,29.2704
7007,1.01593
7008,3.02541
7009,43.2395
7010,23.6713
7011,12.1187
7012,45.8916
7013,4.61887
7014,25.2246
7015,19.816
7016,12.6674
7017,0.239166
7018,0.157668
7019,13.1848
7020,3.75998
7021,25.3705
7022,34.9845
7023,10.6368
7024,16.6562
7025,17.2969
7026,22.496
7027,12.0684
7028,1.32008
7029,17.5518
7030,0.941943
7031,23.0847
7032,30.1787
7033,38.9184
7034,37.428
7035,23.4395
7036,4.29494
7037,18.9431
7038,31.5512
7039,8.99069
7040,25.6555
7041,27.5087
7042,39.7139
7043,26.8483
7044,52.5884
7045,15.2314
7046,7.42751
7047,2.09712
7048,20.536
7049,14.7914
7050,22.3107
7051,2.7729
7052,44.8485
7053,26.6747
7054,20.9789
7055,27.8668
7056,2.71913
7057,18.0412
7058,16.4406
7059,39.0652
7060,27.1464
7061,25.8679
7062,31.541
7063,16.4264
7064,12.5769
7065,5.08563
7066,45.2058
7067,30.2081
7068,36.2657
7069,5.87547
7070,22.9788
7071,20.5526
7072,16.3881
7073,23.9218
7074,21.6068
7075,15.481
7076,50.0735
7077,43.0803
7078,54.8358
7079,20.5347
7080,4.45899
7081,13.8676
7082,18.3221
7083,14.4716
7084,5.6407
7085,6.65603
7086,22.8366
7087,15.5359
7088,28.0631
7089,11.9955
7090,17.3004
7091,16.8718
7092,12.0401
7093,18.2142
7094,14.5262
7095,0.728705
7096,32.7003
7097,8.96705
7098,17.5299
7099,41.1806
7100,7.37605
7101,4.54898
7102,4.30352
7103,26.7307
7104,10.459
7105,10.2587
7106,8.7279
7107,15.6715
7108,42.8628
7109,44.868
7110,0.281397
7111,53.4263
7112,21.3531
7113,3.7535
7114,59.3587
7115,34.8831
7116,7.81648
7117,27.2689
7118,3.54257
7119,17.7801
7120,34.1355
7121,7.27029
7122,21.1268
7123,7.25007
7124,34.2005
7125,16.4268
7126,3.48658
7127,1.43119
7128,19.0614
7129,18.4297
7130,8.66076
7131,24.076
7132,10.4051
7133,32.1323
7134,21.5733
7135,40.0628
7136,39.4167
7137,13.8361
7138,14.5088
7139,35.715
7140,4.65129
7141,22.5808
7142,16.5153
7143,36.7897
7144,2.73129
7145,38.8191
7146,20.1816
7147,4.68263
7148,26.5702
7149,26.2086
7150,44.1332
7151,0.438533
7152,45.9068
7153,29.9282
7154,1.39081
7155,14.8981
7156,23.2473
7157,30.9172
7158,4.50777
7159,38.523
7160,45.9296
7161,26.8709
7162,24.2473
7163,14.5184
7164,9.54902
7165,17.9134
7166,16.2705
7167,0
7168,22.7859
7169,19.9347
7170,62.786
7171,14.7531
7172,53.0694
7173,13.1373
7174,11.3584
7175,42.4637
7176,23.6405
7177,10.3991
7178,11.6007
7179,7.43448
7180,36.6006
7181,29.9146
7182,7.45886
7183,24.9327
7184,9.88035
7185,4.17727
7186,25.531
7187,18.1171
7188,8.43065
7189,17.3695
7190,0.242941
7191,46.7991
7192,21.9816
7193,37.7732
7194,25.6167
7195,4.23768
7196,18.7307
7197,9.18062
7198,3.89094
7199,9.34627
7200,3.73212
7201,1.76932
7202,19.2093
7203,30.2336
7204,1.07872
7205,37.5905
7206,24.6994
7207,21.1883
7208,1.28162
7209,9.94999
7210,37.1491
7211,40.6292
7212,8.64063
7213,12.4333
7214,1.57767
7215,12.823
7216,16.2039
7217,26.2094
7218,8.68962
7219,15.3706
7220,6.67087
7221,12.4861
7222,2.0611
7223,3.67334
7224,10.996
7225,4.09926
7226,19.4444
7227,22.0793
7228,21.8125
7229,43.194
7230,39.3243
7231,19.6989
7232,39.6685
7233,16.1653
7234,11.0244
7235,3.36029
7236,2.22012
7237,24.2813
7238,47.8517
7239,26.4733
7240,3.5011
7241,32.6518
7242,28.8695
7243,20.1535
7244,28.2681
7245,4.56484
7246,13.135
7247,6.32849
7248,19.6764
7249,17.4275
7250,23.4281
7251,14.4207
7252,1.40001
7253,40.0509
7254,25.2278
7255,47.2308
7256,8.93978
7257,2.48363
7258,10.2463
7259,5.68424
7260,13.9659
7261,23.3963
7262,16.4701
7263,12.014
7264,0.436097
7265,23.5975
7266,34.7285
7267,9.16913
7268,42.915
7269,20.4386
7270,31.653
7271,2.72519
7272,43.7188
7273,32.3524
7274,2.35851
7275,4.2631
7276,16.1363
7277,44.8122
7278,28.4208
7279,14.9989
7280,9.12379
7281,44.4196
7282,20.5541
7283,27.3626
7284,38.8568
7285,5.42191
7286,33.1292
7287,18.099
7288,31.2917
7289,28.4997
7290,8.83828
7291,11.9949
7292,24.6457
7293,15.8091
7294,26.6902
7295,53.6883
7296,24.2537
7297,38.5324
7298,27.3709
7299,39.6389
7300,18.7862
7301,8.60765
7302,9.31428
7303,16.4101
7304,34.2173
7305,1.25409
7306,1.46652
7307,11.5323
7308,1.48166
7309,17.2669
7310,19.6956
7311,39.9491
7312,34.6368
7313,24.7272
7314,14.127
7315,43.0635
7316,14.9338
7317,9.3301
7318,36.8652
7319,13.2323
7320,32.7076
7321,26.548
7322,13.1158
7323,12.6583
7324,4.80758
7325,28.244
7326,2.24227
7327,13.689
7328,7.19723
7329,29.465
7330,24.9638
7331,40.6545
7332,26.0133
7333,6.85517
7334,16.5732
7335,2.77885
7336,1.0904
7337,4.87377
7338,4.84544
7339,14.7246
7340,0.772263
7341,2.41957
7342,17.7404
7343,40.6886
7344,1.06205
7345,37.5979
7346,30.2929
7347,14.7257
7348,19.18
7349,19.8089
7350,17.635
7351,32.5736
7352,36.5291
7353,7.88315
7354,20.3851
7355,4.55422
7356,27.5329
7357,28.9307
7358,7.11111
7359,27.0282
7360,20.4671
7361,13.8738
7362,20.072
7363,4.02197
7364,1.36769
7365,54.3903
7366,35.5037
7367,4.8674
7368,57.0043
7369,7.27278
7370,34.453
7371,8.245
7372,22.9243
7373,32.9675
7374,51.8646
7375,7.88165
7376,8.08343
7377,18.9837
7378,8.3254
7379,44.4624
7380,41.2859
7381,43.5342
7382,18.8604
7383,42.0305
7384,16.9967
7385,13.1269
7386,8.96469
7387,2.78627
7388,25.6375
7389,18.2074
7390,5.56999
7391,49.4033
7392,27.8625
7393,15.1025
7394,31.6215
7395,3.96895
7396,31.2919
7397,27.6085
7398,5.81982
7399,17.2436
7400,5.8836
7401,43.7728
7402,14.927
7403,15.0029
7404,36.8068
7405,18.319
7406,10.4019
7407,13.1855
7408,18.7019
7409,24.299
7410,15.0742
7411,24.931
7412,24.1452
7413,26.656
7414,0
7415,0.221027
7416,53.8745
7417,51.0754
7418,22.898
7419,62.1312
7420,35.8149
7421,24.9494
7422,39.6483
7423,10.4553
7424,39.8719
7425,46.2084
7426,32.3301
7427,33.0296
7428,2.26317
7429,7.34016
7430,23.356
7431,25.844
7432,16.9626
7433,5.42486
7434,17.6604
7435,23.0179
7436,11.8405
7437,21.0018
7438,3.3651
7439,21.3765
7440,8.89493
7441,0.318458
7442,17.7252
7443,6.37578
7444,10.5736
7445,0
7446,50.6003
7447,8.80985
7448,28.7065
7449,47.1282
7450,16.3898
7451,62.2556
7452,7.84879
7453,17.5959
7454,27.4782
7455,11.4953
7456,22.0192
7457,4.72539
7458,15.0135
7459,8.64569
7460,25.227
7461,19.6195
7462,28.4441
7463,43.1679
7464,24.5021
7465,30.1583
7466,25.8185
7467,28.4441
7468,44.8935
7469,3.87946
7470,2.63399
7471,19.8157
7472,33.9915
7473,32.0366
7474,11.7861
7475,6.41369
7476,46.0376
7477,18.4188
7478,20.4227
7479,2.4046
7480,6.26635
7481,31.876
7482,8.4758
7483,10.7902
7484,12.0378
7485,5.90104
7486,11.4964
7487,34.4666
7488,9.6322
7489,3.10783
7490,29.6788
7491,21.3209
7492,10.6617
7493,54.5739
7494,18.547
7495,8.74153
7496,33.3932
7497,11.0623
7498,34.6686
7499,33.1559
7500,14.4132
7501,33.8152
7502,3.67765
7503,13.6152
7504,10.5383
7505,31.2963
7506,12.6048
7507,19.6826
7508,8.45556
7509,6.89906
7510,6.24061
7511,25.6678
7512,5.18417
7513,37.4439
7514,23.0019
7515,23.9769
7516,34.2059
7517,33.6131
7518,0.747827
7519,1.84957
7520,42.9388
7521,12.2617
7522,32.9232
7523,8.09365
7524,1.27745
7525,12.3761
7526,20.3154
7527,15.3777
7528,4.97073
7529,5.15375
7530,30.107
7531,2.29913
7532,8.5828
7533,11.919
7534,23.8235
7535,25.4721
7536,30.7128
7537,13.0991
7538,3.01583
7539,27.6386
7540,5.44605
7541,8.35433
7542,11.6331
7543,8.38399
7544,26.0109
7545,14.8029
7546,8.31988
7547,13.2881
7548,22.8187
7549,31.9221
7550,1.69207
7551,28.9843
7552,4.8302
7553,16.5168
7554,12.4408
7555,1.89973
7556,7.85431
7557,6.78075
7558,31.4641
7559,21.6091
7560,35.6729
7561,7.60076
7562,20.8557
7563,22.0195
7564,20.4344
7565,23.8987
7566,29.8148
7567,31.5605
7568,27.3968
7569,27.1348
7570,18.9904
7571,25.599
7572,4.09159
7573,2.01535
7574,20.3617
7575,6.70033
7576,11.9623
7577,3.07921
7578,11.3191
7579,47.6331
7580,35.5262
7581,33.6271
7582,29.3259
7583,8.14953
7584,45.4217
7585,20.2641
7586,11.3953
7587,16.2899
7588,9.21599
7589,25.9813
7590,6.2163
7591,18.6539
7592,24.4394
7593,9.09377
7594,2.08059
7595,8.54908
7596,6.13215
7597,2.25598
7598,0.716189
7599,20.1087
7600,22.4411
7601,30.5606
7602,6.96536
7603,6.23788
7604,22.1405
7605,10.7168
7606,10.5671
7607,24.9278
7608,21.6235
7609,25.5159
7610,42.465
7611,0.897169
7612,12.7905
7613,17.5823
7614,41.8594
7615,39.9377
7616,32.2012
7617,41.8909
7618,25.5246
7619,0.446236
7620,45.0194
7621,5.54412
7622,18.4386
7623,3.1686
7624,19.1595
7625,60.4815
7626,13.7434
7627,53.0116
7628,24.5358
7629,17.8658
7630,18.017
7631,12.7937
7632,13.1907
7633,0.99765
7634,49.2656
7635,21.1439
7636,0.618009
7637,31.4852
7638,7.35483
7639,0.765846
7640,56.7162
7641,21.5944
7642,27.0336
7643,3.35781
7644,17.9456
7645,0.60794
7646,29.4372
7647,52.2405
7648,16.5189
7649,28.9385
7650,18.4168
7651,37.2696
7652,39.8586
7653,51.2114
7654,17.8
7655,12.9315
7656,5.01544
7657,14.7359
7658,57.4545
7659,56.3214
7660,26.807
7661,20.7529
7662,24.0682
7663,4.43886
7664,2.49039
7665,8.55655
7666,30.1835
7667,9.49015
7668,10.894
7669,3.54562
7670,43.9887
7671,59.4714
7672,8.34746
7673,31.223
7674,20.7711
7675,8.37881
7676,8.24317
7677,17.1367
7678,5.78565
7679,23.8964
7680,47.7935
7681,30.6915
7682,4.42433
7683,39.2495
7684,0.512001
7685,7.33033
7686,13.1478
7687,13.7092
7688,32.7501
7689,29.3449
7690,59.9799
7691,1.87185
7692,39.8352
7693,22.1319
7694,45.1656
7695,13.3568
7696,20.8422
7697,15.312
7698,13.1414
7699,32.9461
7700,45.0416
7701,22.8693
7702,23.6801
7703,7.07088
7704,13.8778
7705,21.3883
7706,33.1715
7707,13.849
7708,38.4785
7709,27.225
7710,5.46195
7711,19.5669
7712,32.6512
7713,19.4743
7714,11.7579
7715,20.3655
7716,8.39789
7717,17.8437
7718,14.3835
7719,25.491
7720,25.6888
7721,38.6503
7722,0.757586
7723,22.3538
7724,4.83591
7725,22.7282
7726,0
7727,35.7981
7728,15.9506
7729,25.9554
7730,25.1546
7731,15.8468
7732,14.4599
7733,14.8242
7734,2.7951
7735,37.2634
7736,22.9642
7737,27.7088
7738,8.78581
7739,23.2768
7740,16.2405
7741,9.61224
7742,4.43109
7743,27.5501
7744,23.2947
7745,21.8452
7746,14.0214
7747,2.66803
7748,19.4477
7749,21.8588
7750,8.24414
7751,12.1525
7752,25.2985
7753,3.49552
7754,22.1673
7755,39.3689
7756,42.0502
7757,34.2381
7758,26.6122
7759,11.7982
7760,6.03966
7761,5.83456
7762,49.163
7763,15.4424
7764,39.3575
7765,6.02382
7766,3.17391
7767,1.80508
7768,38.0682
7769,24.5102
7770,9.85655
7771,24.9576
7772,16.0832
7773,1.12664
7774,3.47206
7775,8.92058
7776,9.28857
7777,26.141
7778,18.3747
7779,32.6759
7780,11.848
7781,4.56023
7782,22.2465
7783,10.0812
7784,18.3341
7785,10.5896
7786,2.16329
7787,22.9709
7788,26.9286
7789,17.7512
7790,51.1061
7791,6.50921
7792,32.8237
7793,2.91897
7794,30.7262
7795,53.0649
7796,15.3994
7797,42.6092
7798,8.77125
7799,7.12152
7800,10.8067
7801,4.72308
7802,10.449
7803,28.514
7804,24.9817
7805,25.2591
7806,21.8276
7807,18.6019
7808,6.9241
7809,2.03106
7810,39.1111
7811,6.07052
7812,11.3706
7813,13.9541
7814,13.3298
7815,19.9426
7816,10.5358
7817,1.91673
7818,5.52821
7819,36.2356
7820,3.36961
7821,45.37
7822,30.2381
7823,3.55196
7824,20.7083
7825,3.1773
7826,7.29897
7827,2.28076
7828,10.8116
7829,10.211
7830,26.324
7831,22.4366
7832,35.9603
7833,25.1215
7834,29.9919
7835,17.1043
7836,40.8067
7837,22.2129
7838,18.0953
7839,34.6765
7840,5.74852
7841,18.5696
7842,18.5493
7843,15.3611
7844,12.0665
7845,22.2458
7846,10.3399
7847,16.4112
7848,14.6703
7849,0.793974
7850,30.8936
7851,21.3306
7852,24.6424
7853,39.2259
7854,30.3219
7855,23.9374
7856,14.9193
7857,3.13535
7858,0.176412
7859,28.3616
7860,1.13347
7861,0.438993
7862,38.9495
7863,24.1335
7864,45.158
7865,13.1708
7866,2.22487
7867,22.7077
7868,23.9439
7869,20.3452
7870,32.0853
7871,21.6561
7872,24.4432
7873,42.8973
7874,11.3217
7875,31.8067
7876,2.66321
7877,57.069
7878,4.56329
7879,13.3166
7880,29.5659
7881,29.8955
7882,7.72692
7883,1.36666
7884,33.4157
7885,32.8631
7886,36.4185
7887,24.8304
7888,21.9645
7889,22.6448
7890,16.6046
7891,26.8596
7892,5.44385
7893,3.95279
7894,36.9948
7895,13.108
7896,22.2688
7897,23.3364
7898,9.77412
7899,24.96
7900,54.0413
7901,2.36081
7902,17.5645
7903,0
7904,10.563
7905,10.8326
7906,20.4936
7907,40.3258
7908,4.33613
7909,39.3967
7910,1.42266
7911,31.1977
7912,34.899
7913,3.66386
7914,40.9291
7915,17.547
7916,10.3603
7917,16.8658
7918,30.9483
7919,11.5525
7920,11.3212
7921,23.7939
7922,15.4386
7923,36.4584
7924,14.4891
7925,40.6107
7926,1.63701
7927,20.6773
7928,22.0108
7929,27.2377
7930,40.8602
7931,10.8835
7932,10.5506
7933,18.1959
7934,10.6742
7935,1.484
7936,44.4577
7937,40.3683
7938,7.02211
7939,1.94584
7940,35.228
7941,25.5419
7942,15.7058
7943,29.0067
7944,12.5157
7945,41.8551
7946,10.2146
7947,41.7391
7948,13.2617
7949,8.14689
7950,20.3699
7951,14.6818
7952,16.2703
7953,43.0057
7954,19.3128
7955,4.96456
7956,13.0037
7957,20.0743
7958,0.0245336
7959,8.15788
7960,13.9919
7961,15.7232
7962,14.0071
7963,11.5418
7964,4.8053
7965,16.1539
7966,37.4472
7967,6.45634
7968,33.4116
7969,8.40857
7970,23.2985
7971,46.9373
7972,18.1222
7973,15.43
7974,21.2876
7975,37.3983
7976,34.5831
7977,17.0769
7978,16.3933
7979,2.46159
7980,26.564
7981,6.57266
7982,24.136
7983,0.968077
7984,39.2834
7985,7.88418
7986,14.068
7987,18.7309
7988,26.6968
7989,9.00994
7990,19.5619
7991,1.5747
7992,30.3168
7993,6.05017
7994,8.21738
7995,1.73539
7996,17.5873
7997,34.3551
7998,18.5074
7999,20.862
8000,3.63826
8001,15.3532
8002,29.644
8003,29.6446
8004,43.3298
8005,29.6137
8006,23.2967
8007,4.6326
8008,13.2886
8009,1.94417
8010,38.1042
8011,1.2031
8012,26.4732
8013,22.3928
8014,13.5254
8015,34.7146
8016,50.7314
8017,5.26059
8018,7.13112
8019,15.8094
8020,54.7449
8021,9.12955
8022,18.3062
8023,24.5917
8024,25.607
8025,30.4259
8026,18.6391
8027,48.5776
8028,7.22692
8029,0.15335
8030,24.1658
8031,10.7561
8032,31.7947
8033,21.8425
8034,12.3982
8035,25.7305
8036,14.7492
8037,30.4584
8038,24.61
8039,4.90801
8040,18.4675
8041,26.4949
8042,7.55938
8043,29.2177
8044,14.093
8045,21.7286
8046,20.2799
8047,44.4713
8048,23.1532
8049,2.80534
8050,63.2396
8051,11.9709
8052,23.8225
8053,5.35698
8054,0.843892
8055,21.9629
8056,14.5719
8057,3.64858
8058,31.6816
8059,32.1123
8060,9.11551
8061,13.2144
8062,12.605
8063,19.3745
8064,17.3102
8065,12.2297
8066,3.61492
8067,21.9549
8068,60.9245
8069,24.2249
8070,39.8318
8071,15.1648
8072,5.78574
8073,31.7296
8074,17.1479
8075,22.0288
8076,44.0324
8077,4.84813
8078,3.99346
8079,44.3198
8080,1.853
8081,29.0162
8082,4.34196
8083,6.85171
8084,8.87698
8085,31.4587
8086,40.0488
8087,23.4564
8088,9.00125
8089,36.4927
8090,19.5132
8091,42.9347
8092,0.697762
8093,14.2053
8094,31.5705
8095,11.2253
8096,5.44292
8097,15.2436
8098,17.8126
8099,2.25038
8100,0.761282
8101,16.948
8102,26.9889
8103,18.2128
8104,27.1761
8105,1.81043
8106,39.8422
8107,22.6574
8108,6.36548
8109,36.4154
8110,8.7391
8111,1.95151
8112,31.6886
8113,16.389
8114,5.56876
8115,0.888621
8116,4.19597
8117,0
8118,1.97707
8119,16.5399
8120,27.723
8121,9.99094
8122,8.52361
8123,23.927
8124,3.43424
8125,4.67543
8126,19.4095
8127,17.4026
8128,51.8
8129,11.1411
8130,7.03347
8131,17.2692
8132,47.2814
8133,1.35457
8134,48.6733
8135,30.3192
8136,0
8137,10.6914
8138,17.6674
8139,2.6989
8140,11.1993
8141,24.8134
8142,13.1584
8143,1.45007
8144,0.120002
8145,41.8547
8146,0.938161
8147,7.21
8148,60.2516
8149,38.4244
8150,13.7824
8151,3.58948
8152,12.7461
8153,16.4087
8154,53.9056
8155,14.8659
8156,35.8557
8157,12.8927
8158,5.28642
8159,2.41625
8160,28.9359
8161,28.4042
8162,9.37387
8163,21.5406
8164,21.9776
8165,13.5288
8166,4.54702
8167,19.4421
8168,9.0313
8169,14.0384
8170,16.3417
8171,18.0071
8172,22.603
8173,44.5284
8174,12.9652
8175,35.099
8176,33.9027
8177,2.90136
8178,37.2642
8179,8.71524
8180,5.89457
8181,6.63165
8182,5.92741
8183,24.2095
8184,9.13788
8185,20.7213
8186,20.0434
8187,30.2877
8188,12.4975
8189,36.1503
8190,13.3096
8191,17.4108
8192,12.964
8193,3.38643
8194,21.6824
8195,27.6381
8196,17.2777
8197,15.8824
8198,23.9476
8199,39.4964
8200,10.8209
8201,22.6052
8202,23.7474
8203,1.5618
8204,31.3909
8205,18.596
8206,29.0464
8207,42.8115
8208,24.4742
8209,25.0805
8210,31.4866
8211,48.5686
8212,29.902
8213,49.4743
8214,41.6698
8215,0.27587
8216,18.0018
8217,16.0104
8218,27.0161
8219,26.4091
8220,30.1195
8221,18.9722
8222,14.2302
8223,24.5144
8224,19.1082
8225,16.8694
8226,6.16849
8227,7.37237
8228,16.9551
8229,5.87985
8230,41.9673
8231,23.2096
8232,14.4625
8233,20.1851
8234,35.1277
8235,27.6324
8236,46.2391
8237,9.51244
8238,0.809763
8239,29.7968
8240,17.0333
8241,30.3384
8242,37.8629
8243,15.7341
8244,24.2054
8245,38.7616
8246,18.5884
8247,4.87149
8248,26.2057
8249,28.0625
8250,10.4683
8251,26.5744
8252,34.7334
8253,50.6917
8254,52.7396
8255,10.2409
8256,17.9963
8257,12.7023
8258,15.3609
8259,13.5577
8260,22.9016
8261,40.0133
8262,14.4962
8263,16.4916
8264,44.7209
8265,6.54305
8266,41.5914
8267,9.82143
8268,26.4616
8269,3.91892
8270,21.5078
8271,19.4304
8272,2.87446
8273,9.45137
8274,23.9801
8275,32.6094
8276,6.26132
8277,24.6559
8278,42.4365
8279,20.6204
8280,40.5825
8281,21.0521
8282,25.6644
8283,15.981
8284,5.1565
8285,8.2845
8286,13.531
8287,5.51949
8288,9.26116
8289,1.64736
8290,37.3346
8291,36.3171
8292,30.1692
8293,0.83995
8294,2.37198
8295,1.43
8296,15.6001
8297,18.6473
8298,9.27619
8299,18.3763
8300,0.118244
8301,14.9957
8302,0.852461
8303,28.2697
8304,0.779427
8305,2.20076
8306,46.2244
8307,16.5783
8308,12.7564
8309,36.1447
8310,2.23952
8311,14.9168
8312,18.3229
8313,25.1998
8314,17.1809
8315,17.8595
8316,2.39624
8317,34.7954
8318,39.5289
8319,30.9302
8320,1.95319
8321,21.2843
8322,14.0632
8323,48.3181
8324,44.8778
8325,25.0518
8326,16.9291
8327,3.2482
8328,27.9856
8329,4.06231
8330,26.199
8331,18.7634
8332,20.0927
8333,4.47623
8334,11.0796
8335,19.2208
8336,12.0647
8337,38.7491
8338,7.61882
8339,14.022
8340,10.5912
8341,32.8779
8342,1.68773
8343,2.9377
8344,25.7158
8345,27.1582
8346,22.0647
8347,19.5039
8348,3.89302
8349,40.9949
8350,74.8725
8351,0.195037
8352,8.25942
8353,51.216
8354,48.6111
8355,16.0801
8356,16.3849
8357,2.7135
8358,22.6726
8359,21.8012
8360,21.1654
8361,13.2137
8362,5.20384
8363,1.95428
8364,20.9088
8365,23.2381
8366,10.7571
8367,8.72429
8368,4.04026
8369,30.7261
8370,15.2864
8371,46.2399
8372,8.07371
8373,36.2258
8374,0
8375,3.31538
8376,26.9082
8377,1.22911
8378,27.9811
8379,27.8334
8380,33.0766
8381,20.3588
8382,6.21295
8383,4.90054
8384,22.0247
8385,40.8316
8386,28.315
8387,29.4815
8388,20.9068
8389,9.50965
8390,26.3715
8391,21.4969
8392,6.08767
8393,13.5738
8394,28.4382
8395,13.7683
8396,47.9961
8397,34.848
8398,12.1193
8399,7.01106
8400,6.83429
8401,31.056
8402,32.7896
8403,20.0342
8404,6.30754
8405,14.9547
8406,21.4568
8407,22.023
8408,20.6349
8409,43.3129
8410,17.4732
8411,0
8412,12.1393
8413,9.115
8414,24.1882
8415,10.2107
8416,5.32896
8417,37.3364
8418,8.85521
8419,31.2208
8420,3.48445
8421,15.1023
8422,26.9167
8423,0
8424,13.6325
8425,32.8968
8426,3.47956
8427,30.077
8428,18.3298
8429,38.9275
8430,29.1137
8431,7.73784
8432,3.75473
8433,10.9639
8434,14.2513
8435,31.2473
8436,10.2085
8437,19.2281
8438,23.6572
8439,30.7129
8440,14.1549
8441,1.49767
8442,14.6376
8443,29.0495
8444,0
8445,9.64001
8446,27.0402
8447,12.0986
8448,26.5125
8449,3.02538
8450,9.15161
8451,0.829986
8452,14.2232
8453,23.4793
8454,0.211816
8455,44.9142
8456,20.6991
8457,7.69425
8458,9.0255
8459,9.72122
8460,9.79838
8461,3.856
8462,22.5201
8463,16.7134
8464,11.8766
8465,9.23179
8466,32.7019
8467,33.44
8468,6.82437
8469,25.2695
8470,28.1582
8471,46.1563
8472,0.996471
8473,35.1126
8474,15.1231
8475,17.6666
8476,41.2905
8477,8.72195
8478,14.1338
8479,2.9183
8480,1.83919
8481,20.72
8482,3.65528
8483,18.1062
8484,16.7976
8485,42.4785
8486,10.4184
8487,14.964
8488,13.4134
8489,5.90568
8490,0.694484
8491,33.523
8492,15.7212
8493,15.6774
8494,6.77281
8495,29.6654
8496,31.8068
8497,4.40444
8498,35.331
8499,3.3497
8500,27.1711
8501,28.2158
8502,33.3182
8503,30.9391
8504,33.4981
8505,8.8442
8506,49.2253
8507,28.6809
8508,25.6193
8509,1.07066
8510,15.9934
8511,2.3562
8512,30.0328
8513,18.2558
8514,19.4481
8515,0.841585
8516,2.99321
8517,25.039
8518,37.4125
8519,55.0103
8520,34.5278
8521,20.4117
8522,30.0304
8523,23.4042
8524,14.5868
8525,0
8526,20.4152
8527,4.83752
8528,6.79468
8529,18.2394
8530,30.4221
8531,30.7743
8532,25.9278
8533,13.2671
8534,12.2236
8535,1.93785
8536,14.1387
8537,22.5969
8538,18.6642
8539,24.8222
8540,17.523
8541,19.7558
8542,47.051
8543,41.8657
8544,2.28361
8545,20.3759
8546,13.81
8547,39.1238
8548,3.13471
8549,10.5949
8550,44.5739
8551,3.25126
8552,6.53533
8553,23.3605
8554,15.0886
8555,38.8623
8556,66.7065
8557,28.7491
8558,19.371
8559,37.5776
8560,22.5567
8561,35.905
8562,19.3331
8563,22.4517
8564,5.12968
8565,12.6582
8566,25.3435
8567,3.0307
8568,7.73789
8569,11.5312
8570,1.84785
8571,23.7922
8572,48.8857
8573,28.1203
8574,2.4203
8575,33.6893
8576,15.4776
8577,18.9484
8578,29.869
8579,21.2056
8580,21.0975
8581,44.1401
8582,34.3881
8583,5.45384
8584,33.1909
8585,39.1265
8586,10.5758
8587,35.6943
8588,21.7459
8589,24.2318
8590,34.4845
8591,28.7427
8592,17.1518
8593,19.3466
8594,31.5537
8595,10.2208
8596,3.55922
8597,7.47623
8598,27.2565
8599,6.1866
8600,4.15314
8601,27.3986
8602,16.416
8603,17.2228
8604,45.9407
8605,18.3344
8606,17.1654
8607,17.8927
8608,9.56712
8609,0
8610,13.9318
8611,15.3597
8612,21.1032
8613,13.6736
8614,10.4302
8615,24.309
8616,6.49816
8617,13.2441
8618,12.2262
8619,17.269
8620,28.0073
8621,4.63614
8622,17.7047
8623,38.2499
8624,7.07958
8625,13.7971
8626,32.0825
8627,12.0613
8628,2.50724
8629,26.7271
8630,9.26837
8631,7.04881
8632,2.91779
8633,12.2847
8634,9.14988
8635,17.5008
8636,0.859857
8637,26.2647
8638,25.1618
8639,0.575866
8640,44.6332
8641,0.0591202
8642,21.9396
8643,42.8596
8644,8.85569
8645,28.8238
8646,20.464
8647,7.08203
8648,34.9433
8649,3.76979
8650,12.7282
8651,19.6939
8652,47.0041
8653,14.5721
8654,36.2649
8655,18.0909
8656,7.12971
8657,51.6896
8658,26.2532
8659,21.617
8660,23.1636
8661,11.9945
8662,20.0561
8663,44.4303
8664,12.0461
8665,3.25327
8666,15.5303
8667,3.44065
8668,5.02954
8669,28.613
8670,15.9429
8671,63.4186
8672,9.50597
8673,1.03462
8674,42.6265
8675,26.6186
8676,27.458
8677,34.4359
8678,35.6863
8679,17.2324
8680,9.73973
8681,18.121
8682,45.517
8683,32.1221
8684,41.0676
8685,14.6954
8686,3.48181
8687,9.70147
8688,39.9453
8689,46.1996
8690,19.6992
8691,15.6627
8692,0.57655
8693,18.2631
8694,9.68115
8695,41.5201
8696,19.0743
8697,10.0118
8698,49.4324
8699,15.7207
8700,12.0532
8701,12.6118
8702,11.9663
8703,23.0853
8704,1.57349
8705,3.81991
8706,19.0759
8707,16.0474
8708,7.81276
8709,5.06866
8710,30.5244
8711,3.21368
8712,39.1021
8713,19.4481
8714,36.5549
8715,7.76639
8716,44.7099
8717,35.7873
8718,32.9295
8719,7.37997
8720,16.3994
8721,0.745656
8722,21.9041
8723,6.79691
8724,30.9672
8725,17.4196
8726,26.8098
8727,6.80067
8728,16.3756
8729,44.3887
8730,31.4997
8731,22.5611
8732,41.5543
8733,7.87269
8734,29.5858
8735,10.6148
8736,14.9959
8737,24.0433
8738,4.92692
8739,33.8072
8740,9.36265
8741,16.7069
8742,30.3723
8743,30.1348
8744,22.3995
8745,30.6566
8746,21.8975
8747,15.6688
8748,43.7226
8749,24.8068
8750,16.4599
8751,29.2644
8752,38.6568
8753,28.0669
8754,12.214
8755,29.306
8756,31.4254
8757,24.303
8758,10.1996
8759,12.7564
8760,2.18705
8761,10.3853
8762,2.50513
8763,0.573829
8764,18.9425
8765,1.18996
8766,0.955422
8767,8.46512
8768,17.6456
8769,57.2244
8770,56.726
8771,21.4217
8772,35.1663
8773,22.9371
8774,30.3896
8775,5.29165
8776,12.2219
8777,52.1866
8778,17.7818
8779,0
8780,18.6854
8781,17.7667
8782,11.7862
8783,17.6678
8784,30.8245
8785,31.9053
8786,32.8865
8787,24.2332
8788,5.21554
8789,15.3316
8790,4.00861
8791,39.4613
8792,4.6423
8793,7.75597
8794,21.7337
8795,0
8796,30.3069
8797,17.7892
8798,14.5174
8799,10.3298
8800,0
8801,5.44528
8802,41.7408
8803,9.78864
8804,55.0956
8805,22.4467
8806,3.72595
8807,4.52643
8808,24.8786
8809,2.03457
8810,10.2339
8811,24.0419
8812,10.6315
8813,32.8698
8814,9.87597
8815,1.91609
8816,34.0234
8817,16.3819
8818,54.2166
8819,21.6235
8820,56.4769
8821,26.8096
8822,32.1868
8823,38.5729
8824,10.2402
8825,35.5079
8826,29.466
8827,16.8745
8828,31.7251
8829,28.3381
8830,17.0148
8831,26.7585
8832,34.9565
8833,22.3269
8834,40.711
8835,23.5478
8836,8.65301
8837,21.8883
8838,0.643886
8839,7.84709
8840,22.3878
8841,22.325
8842,12.6315
8843,17.2586
8844,20.4991
8845,41.453
8846,18.2528
8847,12.1646
8848,14.8194
8849,38.1042
8850,26.3088
8851,36.7957
8852,0.51854
8853,26.4615
8854,27.7784
8855,16.1087
8856,46.1032
8857,17.6449
8858,1.66976
8859,9.85419
8860,25.9612
8861,36.8455
8862,40.3571
8863,40.025
8864,65.3469
8865,42.1374
8866,26.9966
8867,9.60116
8868,24.0702
8869,20.6065
8870,10.3529
8871,10.7186
8872,1.33896
8873,23.6207
8874,35.4195
8875,7.73733
8876,35.0373
8877,22.8056
8878,8.48381
8879,8.21798
8880,17.5547
8881,36.6067
8882,2.15217
8883,26.6191
8884,12.1276
8885,26.846
8886,64.0057
8887,36.3768
8888,2.80221
8889,27.6669
8890,16.4587
8891,32.1064
8892,31.2545
8893,44.7755
8894,30.4999
8895,16.6502
8896,1.90434
8897,31.507
8898,28.6185
8899,21.8907
8900,18.8651
8901,36.0231
8902,10.5999
8903,17.2812
8904,18.0112
8905,17.9447
8906,27.5438
8907,13.396
8908,32.3309
8909,52.8736
8910,33.1982
8911,26.0877
8912,11.0785
8913,20.4494
8914,61.1598
8915,1.3383
8916,22.0344
8917,43.3574
8918,12.2958
8919,13.0239
8920,2.15406
8921,3.92245
8922,18.2676
8923,11.1874
8924,36.496
8925,21.7732
8926,27.1751
8927,21.8094
8928,15.9718
8929,24.717
8930,3.22058
8931,21.0666
8932,15.0051
8933,27.5454
8934,26.3579
8935,3.31873
8936,38.8246
8937,22.9006
8938,5.98751
8939,28.3619
8940,6.32928
8941,45.9866
8942,26.7915
8943,4.67247
8944,49.6574
8945,26.3651
8946,23.3544
8947,7.44162
8948,10.2761
8949,2.07952
8950,3.48829
8951,8.21476
8952,28.2095
8953,4.73275
8954,19.893
8955,29.4667
8956,22.169
8957,7.63767
8958,35.9482
8959,8.08933
8960,14.5316
8961,45.9564
8962,12.6781
8963,3.04269
8964,4.77583
8965,12.6168
8966,24.431
8967,5.03832
8968,27.5473
8969,5.56858
8970,20.4692
8971,32.2392
8972,9.13226
8973,5.65928
8974,8.96111
8975,34.1813
8976,25.8927
8977,5.34038
8978,47.4059
8979,38.6899
8980,1.89452
8981,32.0026
8982,34.0197
8983,29.3066
8984,21.0537
8985,8.62541
8986,8.1147
8987,12.6969
8988,31.9027
8989,20.1811
8990,38.439
8991,5.07026
8992,29.4219
8993,18.7407
8994,0.469681
8995,45.2646
8996,18.6657
8997,0.91106
8998,7.1104
8999,16.3285
9000,7.1626
9001,39.0199
9002,17.9817
9003,23.3296
9004,21.0151
9005,2.99885
9006,57.9446
9007,18.8236
9008,17.6847
9009,9.64755
9010,8.62215
9011,3.55061
9012,33.5464
9013,11.4451
9014,13.327
9015,32.5457
9016,2.48931
9017,22.8748
9018,15.6415
9019,9.92041
9020,56.1624
9021,42.995
9022,22.3292
9023,13.6201
9024,22.0448
9025,32.2062
9026,28.9117
9027,55.457
9028,26.7445
9029,47.642
9030,4.83164
9031,14.7726
9032,19.03
9033,22.1146
9034,14.3192
9035,16.809
9036,4.22881
9037,37.3234
9038,4.80515
9039,10.5061
9040,4.94861
9041,12.2797
9042,21.1917
9043,4.3367
9044,19.5418
9045,25.0138
9046,22.5925
9047,48.6509
9048,24.1136
9049,14.0515
9050,6.77776
9051,23.4274
9052,0
9053,0.498901
9054,8.76663
9055,22.778
9056,27.8182
9057,15.2633
9058,17.6818
9059,16.7406
9060,55.4532
9061,10.3311
9062,3.36361
9063,28.12
9064,12.7778
9065,11.4126
9066,31.7105
9067,6.45181
9068,43.4226
9069,37.6218
9070,36.2588
9071,8.35681
9072,14.4631
9073,40.2131
9074,19.5192
9075,27.1355
9076,27.2012
9077,30.7597
9078,15.014
9079,6.361
9080,12.747
9081,30.7469
9082,31.8038
9083,8.85811
9084,25.3438
9085,12.65
9086,43.3997
9087,8.2323
9088,9.66643
9089,21.0546
9090,62.5859
9091,27.1972
9092,35.3048
9093,0.0854223
9094,13.8868
9095,20.8122
9096,19.6488
9097,23.6591
9098,6.66269
9099,2.15098
9100,9.5287
9101,32.6313
9102,49.2226
9103,13.3122
9104,9.60655
9105,6.01962
9106,0.512847
9107,20.7061
9108,44.6295
9109,31.5283
9110,18.8303
9111,17.9589
9112,34.8014
9113,13.9491
9114,3.88127
9115,32.5241
9116,34.512
9117,33.1646
9118,39.5158
9119,28.8517
9120,36.4946
9121,8.66722
9122,3.15707
9123,14.0738
9124,16.5848
9125,24.0868
9126,14.0446
9127,26.9918
9128,23.1646
9129,5.40624
9130,0
9131,20.7951
9132,29.2384
9133,3.12573
9134,36.7232
9135,4.07244
9136,17.5832
9137,6.40885
9138,35.8127
9139,13.1805
9140,4.94409
9141,24.7136
9142,16.7388
9143,1.45119
9144,28.2
9145,13.0801
9146,43.4588
9147,3.10724
9148,9.74859
9149,34.4461
9150,39.1714
9151,19.2142
9152,11.9039
9153,14.9479
9154,19.0523
9155,11.5446
9156,2.88127
9157,29.894
9158,15.7701
9159,7.88815
9160,20.902
9161,11.244
9162,4.25286
9163,0.347034
9164,31.2612
9165,21.4344
9166,10.1827
9167,33.79
9168,4.20639
9169,7.62503
9170,36.879
9171,13.174
9172,24.9411
9173,28.7398
9174,8.44178
9175,16.0746
9176,7.05259
9177,7.26532
9178,19.3363
9179,21.0941
9180,14.0087
9181,30.003
9182,8.97672
9183,30.9772
9184,20.8722
9185,3.43198
9186,43.8908
9187,32.5691
9188,0.947806
9189,30.1431
9190,8.92039
9191,5.96078
9192,43.529
9193,14.3898
9194,3.70363
9195,0.99912
9196,38.5687
9197,1.59334
9198,15.5518
9199,17.8212
9200,33.6873
9201,25.075
9202,26.4683
9203,41.127
9204,5.1326
9205,39.4987
9206,27.1239
9207,35.793
9208,8.70108
9209,57.1942
9210,0.883238
9211,7.96264
9212,6.89085
9213,10.8746
9214,10.1295
9215,41.2091
9216,12.4986
9217,1.35165
9218,13.3101
9219,47.6347
9220,25.8342
9221,12.1745
9222,34.0581
9223,36.1703
9224,3.62454
9225,8.72117
9226,1.49994
9227,15.9713
9228,15.3058
9229,3.40785
9230,36.6892
9231,22.882
9232,10.1705
9233,20.2281
9234,1.92272
9235,28.9564
9236,47.4382
9237,21.5445
9238,5.35052
9239,26.1739
9240,32.1643
9241,20.1027
9242,12.0837
9243,16.9707
9244,11.033
9245,4.52192
9246,42.1247
9247,25.8961
9248,12.2268
9249,3.0842
9250,50.9882
9251,16.1133
9252,4.83691
9253,17.7851
9254,0
9255,1.60218
9256,24.5966
9257,46.5054
9258,8.99762
9259,32.059
9260,16.6369
9261,2.46557
9262,28.7896
9263,15.3314
9264,27.6851
9265,6.18019
9266,35.8585
9267,43.3683
9268,31.5071
9269,22.4801
9270,24.3007
9271,7.16696
9272,21.9787
9273,13.6611
9274,3.90149
9275,8.91923
9276,15.4963
9277,64.0372
9278,34.1297
9279,25.9532
9280,36.1382
9281,66.5461
9282,9.51901
9283,20.8958
9284,14.5047
9285,2.2515
9286,7.13344
9287,19.3608
9288,27.7168
9289,6.20366
9290,25.8344
9291,18.8805
9292,15.5538
9293,6.983
9294,13.6413
9295,6.80312
9296,22.0133
9297,18.2051
9298,19.6301
9299,7.37633
9300,4.60114
9301,41.5191
9302,26.2483
9303,55.2938
9304,5.04351
9305,16.234
9306,14.4465
9307,11.3495
9308,14.6712
9309,19.3323
9310,11.1203
9311,21.8829
9312,13.5404
9313,2.16065
9314,11.9549
9315,16.5127
9316,44.8381
9317,37.8608
9318,11.8379
9319,22.4762
9320,18.799
9321,10.9955
9322,29.6689
9323,30.4178
9324,34.876
9325,14.0274
9326,8.49031
9327,0.91375
9328,1.70741
9329,16.5496
9330,2.62757
9331,10.7032
9332,11.4836
9333,44.6631
9334,3.29539
9335,22.2924
9336,23.9868
9337,25.2963
9338,36.8721
9339,46.2332
9340,17.653
9341,12.7261
9342,1.60482
9343,3.91461
9344,20.4877
9345,12.0027
9346,18.9949
9347,30.3071
9348,30.6464
9349,23.4701
9350,32.2145
9351,8.19546
9352,19.0993
9353,40.1068
9354,12.2829
9355,4.96628
9356,19.7057
9357,36.1053
9358,29.9506
9359,43.0628
9360,31.3094
9361,18.2552
9362,19.4277
9363,21.9547
9364,24.2602
9365,31.7741
9366,3.67159
9367,39.0681
9368,26.7955
9369,1.46636
9370,9.82883
9371,25.182
9372,18.677
9373,27.5024
9374,10.538
9375,3.57333
9376,4.08082
9377,39.2339
9378,27.7704
9379,25.9765
9380,18.092
9381,0.490258
9382,24.7182
9383,39.8678
9384,30.2255
9385,3.83692
9386,18.6645
9387,20.4082
9388,21.571
9389,12.9965
9390,13.2602
9391,10.0358
9392,5.7575
9393,15.1864
9394,44.9113
9395,6.58682
9396,31.7041
9397,32.9498
9398,16.1595
9399,0.928587
9400,31.3111
9401,41.4095
9402,10.9132
9403,9.22417
9404,10.8284
9405,52.7652
9406,1.43082
9407,21.0976
9408,32.836
9409,27.4899
9410,53.9548
9411,18.4251
9412,31.4114
9413,21.0533
9414,33.0446
9415,11.9142
9416,45.05
9417,8.05852
9418,16.8639
9419,11.828
9420,34.4382
9421,14.1841
9422,15.6614
9423,3.59926
9424,15.9311
9425,9.51896
9426,37.5934
9427,30.6621
9428,3.19465
9429,21.7502
9430,31.6267
9431,61.5105
9432,14.9261
9433,24.8698
9434,17.1504
9435,6.85382
9436,25.9933
9437,28.3037
9438,4.88264
9439,0.590673
9440,32.1316
9441,2.97343
9442,25.0783
9443,13.9063
9444,68.1696
9445,39.3118
9446,45.5674
9447,11.1575
9448,17.146
9449,36.7972
9450,11.0423
9451,31.9209
9452,27.6121
9453,0.679513
9454,7.86384
9455,45.3698
9456,0.69316
9457,35.9182
9458,30.8217
9459,12.0377
9460,30.382
9461,19.4135
9462,39.311
9463,44.7836
9464,9.45684
9465,30.1872
9466,4.73693
9467,15.9849
9468,33.9453
9469,31.2781
9470,0.856993
9471,6.52091
9472,13.9505
9473,8.71844
9474,39.4996
9475,37.7284
9476,21.0487
9477,33.1148
9478,20.9347
9479,1.90388
9480,33.4329
9481,39.3313
9482,21.0275
9483,12.0033
9484,6.03896
9485,1.58791
9486,11.4991
9487,5.97699
9488,13.3349
9489,31.056
9490,37.335
9491,40.3814
9492,7.58743
9493,15.7163
9494,5.54404
9495,13.8806
9496,19.7477
9497,29.6962
9498,43.2462
9499,0.701559
9500,16.4825
9501,25.5048
9502,8.57792
9503,35.3162
9504,15.5216
9505,11.6113
9506,4.12907
9507,25.6304
9508,19.677
9509,15.5575
9510,15.734
9511,33.8847
9512,39.1873
9513,17.8859
9514,25.0803
9515,9.45126
9516,5.22482
9517,24.3869
9518,2.66861
9519,17.5425
9520,6.83721
9521,40.0633
9522,13.6944
9523,17.3333
9524,23.4703
9525,19.988
9526,15.0618
9527,14.1966
9528,5.89575
9529,0.716348
9530,33.1584
9531,15.6688
9532,6.50787
9533,28.3348
9534,7.89883
9535,32.7426
9536,29.3875
9537,16.8149
9538,37.61
9539,1.2199
9540,16.5257
9541,7.99716
9542,20.4226
9543,30.8494
9544,0.552281
9545,19.3789
9546,3.65198
9547,22.9503
9548,26.365
9549,24.1326
9550,7.48394
9551,22.5693
9552,1.86619
9553,11.7896
9554,6.81061
9555,1.79336
9556,28.6668
9557,27.4461
9558,29.5084
9559,5.33665
9560,18.1776
9561,1.89978
9562,21.1409
9563,46.6237
9564,23.7209
9565,25.5855
9566,3.9091
9567,35.7401
9568,10.5898
9569,41.6832
9570,13.0401
9571,37.1551
9572,3.45667
9573,31.886
9574,42.8943
9575,8.85971
9576,0.850068
9577,6.06443
9578,15.3588
9579,36.4567
9580,5.88392
9581,19.513
9582,23.4929
9583,4.43969
9584,10.6511
9585,12.0382
9586,25.8564
9587,37.2212
9588,0.833492
9589,17.2922
9590,18.2275
9591,12.6274
9592,39.4923
9593,65.3935
9594,5.63607
9595,9.04875
9596,15.245
9597,30.1198
9598,1.61766
9599,37.3551
9600,20.0612
9601,16.6997
9602,1.26937
9603,5.35598
9604,21.9839
9605,35.4893
9606,29.3832
9607,45.7501
9608,25.6999
9609,36.2037
9610,17.6006
9611,6.4268
9612,28.1735
9613,7.82298
9614,40.6859
9615,41.2569
9616,15.9816
9617,4.03268
9618,7.64251
9619,24.1261
9620,44.266
9621,27.1925
9622,5.73772
9623,3.71525
9624,10.6075
9625,31.8033
9626,1.96894
9627,0.506528
9628,12.883
9629,7.71288
9630,24.9595
9631,23.7801
9632,22.4347
9633,3.29261
9634,4.3573
9635,38.6015
9636,7.9364
9637,0.0675712
9638,23.5075
9639,7.51234
9640,9.41064
9641,21.466
9642,13.8826
9643,28.0153
9644,48.9667
9645,31.4539
9646,19.0467
9647,31.276
9648,6.63504
9649,19.2492
9650,2.72245
9651,21.9335
9652,5.15285
9653,20.6864
9654,43.2558
9655,25.6148
9656,0.353122
9657,9.84347
9658,41.7694
9659,25.8702
9660,0.855221
9661,20.3892
9662,27.0526
9663,9.33375
9664,9.51189
9665,36.5864
9666,0
9667,14.0846
9668,2.78597
9669,44.0419
9670,27.7822
9671,0.798451
9672,8.70448
9673,20.9626
9674,8.2251
9675,4.46318
9676,6.06314
9677,19.496
9678,13.8178
9679,17.4618
9680,26.6406
9681,44.2484
9682,11.7729
9683,20.6612
9684,34.353
9685,33.4671
9686,19.4209
9687,15.437
9688,24.2437
9689,18.8354
9690,2.42649
9691,37.6141
9692,23.6487
9693,18.5916
9694,3.41616
9695,32.5213
9696,25.8336
9697,21.2972
9698,1.84943
9699,14.2654
9700,22.4606
9701,43.6742
9702,18.3127
9703,23.6814
9704,40.4825
9705,1.44353
9706,21.0158
9707,7.42029
9708,37.9548
9709,26.942
9710,9.85064
9711,0.758164
9712,2.60984
9713,21.217
9714,28.5624
9715,14.0744
9716,23.2664
9717,20.1555
9718,9.91407
9719,4.07393
9720,17.3285
9721,40.6981
9722,9.11454
9723,55.0646
9724,19.1123
9725,1.2473
9726,1.59361
9727,18.7957
9728,26.639
9729,10.9011
9730,35.4293
9731,29.0495
9732,2.22332
9733,12.086
9734,24.8486
9735,7.28484
9736,28.3097
9737,30.523
9738,7.05461
9739,29.5787
9740,7.81211
9741,20.1285
9742,36.7904
9743,39.8352
9744,32.5163
9745,18.1972
9746,15.6774
9747,15.3851
9748,20.3063
9749,16.0566
9750,1.01513
9751,23.3061
9752,8.8628
9753,35.3994
9754,66.049
9755,31.1634
9756,50.3336
9757,21.6663
9758,3.81824
9759,19.8417
9760,11.6097
9761,18.9135
9762,37.7111
9763,6.16455
9764,11.5427
9765,20.3927
9766,0.298083
9767,32.4446
9768,20.6791
9769,8.82651
9770,29.6919
9771,15.3252
9772,3.56545
9773,4.54984
9774,5.9877
9775,20.208
9776,4.4284
9777,48.3345
9778,23.5008
9779,49.1997
9780,9.18009
9781,9.82691
9782,7.1896
9783,21.8082
9784,3.39777
9785,25.8414
9786,63.7085
9787,22.2157
9788,24.3718
9789,14.6604
9790,21.9908
9791,25.987
9792,22.2358
9793,11.0695
9794,20.5543
9795,28.0039
9796,28.2641
9797,1.91741
9798,17.4364
9799,29.7781
9800,33.9513
9801,7.12607
9802,29.1905
9803,22.7799
9804,38.2797
9805,37.6719
9806,3.56391
9807,45.9238
9808,18.2297
9809,41.0224
9810,25.8076
9811,34.7282
9812,12.0651
9813,28.0846
9814,1.81721
9815,5.17396
9816,0.959319
9817,3.51332
9818,4.37792
9819,22.8424
9820,0
9821,31.7836
9822,7.8051
9823,15.6522
9824,0
9825,17.068
9826,22.994
9827,0.32982
9828,11.3093
9829,26.0124
9830,40.4078
9831,21.8464
9832,9.60051
9833,27.1277
9834,10.2231
9835,13.6034
9836,15.3751
9837,48.743
9838,17.9909
9839,12.7248
9840,38.8341
9841,21.8027
9842,23.1644
9843,8.35175
9844,4.35141
9845,67.2667
9846,2.76981
9847,31.4597
9848,7.99735
9849,14.628
9850,16.7534
9851,13.5667
9852,29.3227
9853,33.9942
9854,23.7205
9855,22.179
9856,18.2754
9857,2.2303
9858,5.71575
9859,12.9372
9860,47.4224
9861,0
9862,0.726565
9863,44.2737
9864,25.9748
9865,25.9483
9866,22.5605
9867,6.52042
9868,48.4851
9869,13.5235
9870,16.4542
9871,17.7835
9872,11.7826
9873,28.7493
9874,17.4153
9875,6.22476
9876,0.54687
9877,18.9104
9878,22.0175
9879,12.5692
9880,15.7952
9881,13.9578
9882,7.64606
9883,9.09959
9884,61.0528
9885,39.3392
9886,31.3609
9887,3.12307
9888,18.5932
9889,29.3332
9890,5.10554
9891,5.20151
9892,17.5908
9893,50.885
9894,17.6359
9895,43.3875
9896,30.1834
9897,26.1047
9898,4.86029
9899,41.5154
9900,11.5163
9901,60.1864
9902,17.2452
9903,38.5431
9904,42.6378
9905,22.7504
9906,17.1592
9907,30.1494
9908,14.2943
9909,23.5112
9910,67.171
9911,6.17377
9912,9.51795
9913,7.27731
9914,19.7426
9915,7.7696
9916,31.0096
9917,32.4992
9918,18.6788
9919,19.6001
9920,23.2053
9921,34.8942
9922,6.04019
9923,39.6512
9924,0.880463
9925,18.9728
9926,23.4384
9927,67.2486
9928,25.3359
9929,24.0343
9930,28.1793
9931,0.423396
9932,8.02587
9933,12.4859
9934,31.6577
9935,35.1756
9936,19.4329
9937,0.896965
9938,14.8351
9939,20.0209
9940,22.05
9941,6.28092
9942,36.9058
9943,26.7912
9944,0.770104
9945,11.8949
9946,6.73334
9947,23.3984
9948,30.2897
9949,9.25686
9950,42.071
9951,2.62856
9952,20.4676
9953,14.8876
9954,22.0544
9955,4.45813
9956,53.13
9957,32.3423
9958,35.7439
9959,21.7714
9960,15.9597
9961,32.8683
9962,33.8312
9963,24.4734
9964,3.45976
9965,18.1999
9966,15.7072
9967,29.4256
9968,48.4485
9969,30.8411
9970,8.18777
9971,3.44924
9972,5.25139
9973,31.1237
9974,31.8047
9975,20.0539
9976,1.09705
9977,11.7684
9978,24.6223
9979,34.3887
9980,19.0273
9981,23.182
9982,6.63324
9983,30.7375
9984,48.8065
9985,21.5729
9986,22.8101
9987,14.0905
9988,17.1233
9989,17.5926
9990,13.5706
9991,6.66628
9992,31.2318
9993,11.3101
9994,51.7776
9995,34.3257
9996,16.7578
9997,32.5929
9998,23.5289
9999,26.1686
10000,32.1192
